datetime,seconds_per_rpm,radial_speed,rpm,wind_speed_ms,wind_speed_kmh,knots
2023-12-01 00:00:03.903535,7.994647264480591,0.1571848037647675,7.505021549427694,0.19648100470595944,0.707331616941454,0.3819276361876322
2023-12-01 00:00:14.691002,10.785552501678467,0.11651114407355183,5.5629973513793285,0.14563893009193982,0.5243001483309834,0.2830987778699163
2023-12-01 00:00:19.770732,5.0775933265686035,0.2474867482711819,11.816621801129456,0.30935843533897744,1.1136903672203189,0.6013433009493179
2023-12-01 00:00:23.732885,3.955019950866699,0.3177321674851575,15.170593510369438,0.39716520935644684,1.4297947536832087,0.7720256205554357
2023-12-01 00:00:29.530448,5.795022010803223,0.21684767703958044,10.353713909653237,0.27105959629947557,0.9758145466781121,0.5268964856707726
2023-12-01 00:00:36.640397,7.107868909835815,0.17679519380232128,8.441348702558717,0.22099399225290167,0.795578372110446,0.4295769619008804
2023-12-01 00:00:54.255692,17.613240718841553,0.07134615835299661,3.4065281317489586,0.08918269794124577,0.32105771258848476,0.17335689556611117
2023-12-01 00:01:03.670293,9.412421464920044,0.13350837147692388,6.374555179410433,0.16688546434615487,0.6007876716461575,0.3243986410146297
2023-12-01 00:01:12.350510,8.678009271621704,0.14480706601055326,6.9140281050641805,0.18100883251319158,0.6516317970474897,0.35185220899244235
2023-12-01 00:01:19.575719,7.223076105117798,0.17397533172127963,8.306710205848162,0.21746916465159957,0.7828889927457585,0.4227252610163653
2023-12-01 00:01:25.179928,5.602072238922119,0.22431646859264773,10.710322438031334,0.2803955857408097,1.009424108666915,0.5450441553864155
2023-12-01 00:01:31.150721,5.962817430496216,0.2107455202315899,10.06235738379917,0.26343190028948743,0.9483548410421547,0.5120694650587172
2023-12-01 00:01:36.221790,5.068936347961426,0.2479094183025792,11.83680280856756,0.309886772878224,1.1155923823616065,0.602370304591607
2023-12-01 00:01:41.746620,5.517428159713745,0.22775775688597527,10.87463185077754,0.2846971961074692,1.0249099059868891,0.5534057976815429
2023-12-01 00:02:03.469553,21.720701694488525,0.05785434923379018,2.7623416979767543,0.07231793654223773,0.2603445715520558,0.1405744977682634
2023-12-01 00:02:26.400506,22.928757667541504,0.05480615564334925,2.616801174750843,0.06850769455418658,0.2466277003950717,0.13316799698221005
2023-12-01 00:02:31.963696,5.560920000076294,0.2259764681776894,10.789581579878297,0.28247058522211177,1.0168941067996025,0.5490776223781497
2023-12-01 00:02:41.909431,9.938496828079224,0.12644136061758776,6.0371302660662,0.15805170077198474,0.5689861227791451,0.3072272180286148
2023-12-01 00:03:12.914744,31.003103256225586,0.040532621881442715,1.9352901386718984,0.05066577735180341,0.18239679846649226,0.09848616464752953
2023-12-01 00:03:19.330683,6.413788318634033,0.19592742993793527,9.35484568857402,0.24490928742241913,0.8816734347207089,0.47606446926319523
2023-12-01 00:03:29.683679,10.35085129737854,0.12140422322115416,5.796624671363564,0.1517552790264427,0.5463190044951938,0.2949879815827604
2023-12-01 00:03:42.251831,12.566080331802368,0.10000231004855245,4.774758589450632,0.12500288756069058,0.4500103952184861,0.2429856129559728
2023-12-01 00:03:54.240737,11.986828327178955,0.1048348259553043,5.005494227689563,0.13104353244413042,0.4717567167988695,0.25472766010619846
2023-12-01 00:03:58.801939,4.55889892578125,0.275644861159226,13.161072657411003,0.3445560764490326,1.2404018752165173,0.6697618836446875
2023-12-01 00:04:04.841345,6.037235260009766,0.20814777084467712,9.938323987046838,0.26018471355584644,0.9366649688010472,0.5057574535983965
2023-12-01 00:04:35.860090,31.01645541191101,0.04051517314752029,1.9344570229955633,0.05064396643440037,0.18231827916384133,0.09844376771384482
2023-12-01 00:04:45.187654,9.325675249099731,0.134750248949236,6.433850460940316,0.16843781118654502,0.6063761202715621,0.32741615489685366
2023-12-01 00:04:53.828068,8.638914108276367,0.1454623863237646,6.945317345211015,0.18182798290470575,0.6545807384569408,0.35344450628948326
2023-12-01 00:04:58.965595,5.135458469390869,0.24469812557650195,11.683474875246487,0.30587265697062743,1.1011415650942589,0.5945675055257844
2023-12-01 00:05:04.064904,5.0912933349609375,0.2468207936099126,11.784824808264625,0.3085259920123908,1.1106935712446069,0.5997251643133658
2023-12-01 00:05:08.971837,4.899791479110718,0.2564674571955436,12.245419066463954,0.32058432149442956,1.1541035573799465,0.6231646274937319
2023-12-01 00:05:14.739490,5.7655627727508545,0.21795566382088888,10.406616381590952,0.27244457977611114,0.9808004871940001,0.5295886719519959
2023-12-01 00:05:19.494867,4.75324821472168,0.264374382457849,12.622946938510179,0.33046797807231126,1.1896847210603205,0.6423768744960815
2023-12-01 00:05:23.915336,4.4184417724609375,0.28440729246863167,13.579447934329533,0.3555091155857897,1.2798328161088428,0.6910528392402814
2023-12-01 00:05:50.983750,27.066300868988037,0.04642810510082461,2.2167787275558832,0.05803513137603077,0.20892647295371078,0.11281100977398366
2023-12-01 00:06:07.644820,16.65893054008484,0.07543323735051227,3.6016717793274644,0.09429154668814035,0.3394495680773053,0.18328768011427474
2023-12-01 00:06:38.611132,30.964051008224487,0.04058374213058029,1.9377309507745986,0.05072967766322537,0.18262683958761133,0.098610376628884
2023-12-01 00:06:56.806381,18.193029165267944,0.06907244802503507,3.297966460392707,0.08634056003129385,0.31082601611265787,0.16783223421123025
2023-12-01 00:07:32.844269,36.03566360473633,0.034872038856272145,1.665017207900507,0.04359004857034019,0.15692417485322468,0.08473208001297007
2023-12-01 00:07:44.058179,11.211709260940552,0.1120825587061734,5.3515479757425135,0.14010319838271676,0.5043715141777804,0.27233820114426016
2023-12-01 00:07:52.211472,8.151149272918701,0.15416685664326574,7.360925188714604,0.1927085708040822,0.693750854894696,0.3745946282718072
2023-12-01 00:08:13.551902,21.33830165863037,0.05889114708094235,2.8118451486851455,0.07361393385117795,0.26501016186424065,0.14309370917727376
2023-12-01 00:08:35.659791,22.105706930160522,0.05684672584351466,2.7142312249755456,0.07105840730439333,0.255810266295816,0.13812617445457193
2023-12-01 00:08:43.493834,7.8319175243377686,0.16045075264530098,7.660959121894396,0.20056344080662625,0.7220283869038545,0.38986323877755236
2023-12-01 00:08:49.434818,5.9387969970703125,0.21159791487330395,10.103056230007322,0.26449739359163,0.952190616929868,0.5141406135591541
2023-12-01 00:08:56.282898,6.845967054367065,0.18355873632700356,8.764284070243342,0.22944842040875446,0.8260143134715161,0.4460110175273533
2023-12-01 00:09:23.826936,27.54192066192627,0.04562634090995268,2.17849730730448,0.05703292613744085,0.20531853409478706,0.11086288314300302
2023-12-01 00:09:29.229300,5.400300979614258,0.23269759707461316,11.110491846009255,0.2908719963432665,1.0471391868357594,0.5654086213718952
2023-12-01 00:09:32.581435,3.350058078765869,0.37510903748237434,17.910137254128877,0.468886296852968,1.687990668670685,0.9114399392746734
2023-12-01 00:09:36.701887,4.118277311325073,0.30513658174019104,14.569198590634672,0.38142072717523884,1.3731146178308598,0.7414208663123163
2023-12-01 00:09:43.074748,6.37065052986145,0.19725411958254863,9.418190453040733,0.24656764947818582,0.887643538121469,0.4792880597616767
2023-12-01 00:09:56.579799,13.502920389175415,0.09306409467120147,4.443483207388149,0.11633011833900184,0.4187884260204066,0.22612713723208533
2023-12-01 00:10:02.710274,6.1283040046691895,0.20505462204200026,9.790637010547398,0.25631827755250036,0.9227457991890013,0.4982417206376523
2023-12-01 00:10:11.756984,9.044593572616577,0.13893792477757244,6.633797253384174,0.1736724059719656,0.6252206614990762,0.3375913696245456
2023-12-01 00:10:30.425559,18.66627812385559,0.06732124385470979,3.214352620371584,0.08415155481838726,0.30294559734619414,0.1635771583181739
2023-12-01 00:10:45.370243,14.942387819290161,0.08409881182535213,4.01542248304798,0.1051235147816902,0.3784446532140847,0.2043432929732407
2023-12-01 00:10:53.336626,7.964235782623291,0.1577850148758405,7.533679518995477,0.19723126859480067,0.7100325669412825,0.38338602914531733
2023-12-01 00:10:58.804247,5.465266227722168,0.22993153655749038,10.97842218475183,0.287414420696863,1.0346919145087068,0.5586876475273902
2023-12-01 00:11:07.065777,8.253302812576294,0.1522586884272642,7.269816867566357,0.19032336053408025,0.685164097922689,0.36995816114056657
2023-12-01 00:11:38.855152,31.78719687461853,0.03953280518545245,1.8875524078661008,0.049416006481815565,0.17789762333453604,0.09605681003961238
2023-12-01 00:11:47.002179,8.144797325134277,0.15428708797431004,7.366665811909669,0.19285885996788754,0.6942918958843952,0.37488676635997853
2023-12-01 00:11:57.935024,10.930710077285767,0.11496390010812144,5.489121893799123,0.14370487513515182,0.5173375504865465,0.2793392844827135
2023-12-01 00:12:07.135078,9.197916507720947,0.13662192523503192,6.523216420766006,0.17077740654378992,0.6147986635576438,0.3319639539360806
2023-12-01 00:12:13.191990,6.05469822883606,0.20754743076229087,9.909659859552448,0.25943428845286365,0.9339634384303092,0.5042987472662145
2023-12-01 00:12:20.176795,6.982682704925537,0.17996479498481208,8.592686011305712,0.2249559937310151,0.8098415774316544,0.4372784588540964
2023-12-01 00:12:25.906374,5.727305889129639,0.21941154982153127,10.476129817665111,0.27426443727691413,0.9873519741968909,0.5331261837563568
2023-12-01 00:13:09.323887,43.409876108169556,0.028948183549397953,1.3821739516254516,0.03618522943674744,0.1302668259722908,0.07033829638832716
2023-12-01 00:13:14.483373,5.157350778579712,0.24365941263006038,11.633879985282572,0.3045742657875755,1.0964673568352719,0.5920436408085208
2023-12-01 00:13:19.886906,5.199398756027222,0.24168891835410863,11.539795813976971,0.3021111479426358,1.087600132593489,0.5872557338168132
2023-12-01 00:13:47.768040,27.87454628944397,0.045081883966369814,2.152501403142905,0.05635235495796227,0.20286847784866419,0.10953996166148539
2023-12-01 00:13:52.535156,4.765528917312622,0.26369309330401886,12.590417777558091,0.3296163666300236,1.186618919868085,0.640721478110105
2023-12-01 00:13:55.958778,3.4215590953826904,0.3672703076009174,17.53586547167007,0.45908788450114674,1.6527163842041284,0.892393393408709
2023-12-01 00:14:00.989168,5.028253555297852,0.2499152136255944,11.932572480714104,0.31239401703199304,1.124618461315175,0.6072439860674693
2023-12-01 00:14:08.084555,7.09314489364624,0.1771621869111349,8.45887133276322,0.22145273363891865,0.7972298411001072,0.43046868175667563
2023-12-01 00:14:15.484958,7.3981711864471436,0.16985779725372885,8.110112416689573,0.21232224656716106,0.7643600876417799,0.41272047576711035
2023-12-01 00:14:27.122800,11.635524034500122,0.1080000400248328,5.156622067222405,0.135000050031041,0.48600018011174767,0.2624184972523388
2023-12-01 00:14:32.982774,5.857829809188843,0.21452263079830391,10.24270112898832,0.26815328849787995,0.9653518385923678,0.5212470883137189
2023-12-01 00:14:40.238107,7.247538089752197,0.1733881279234344,8.278673289739341,0.21673515990429304,0.780246575655455,0.421298473228361
2023-12-01 00:14:49.921192,9.680858850479126,0.12980636127896067,6.197797212695697,0.16225795159870085,0.5841286257553231,0.3154034966356187
2023-12-01 00:14:59.229229,9.305777311325073,0.13503837663368515,6.447607544506827,0.16879797079210646,0.6076726948515833,0.32811624754452823
2023-12-01 00:15:16.617669,17.38616156578064,0.07227800435889337,3.451020501160631,0.09034750544861671,0.3252510196150202,0.1756210949912391
2023-12-01 00:15:47.867289,31.247681140899658,0.040215370086810136,1.920142481275733,0.05026921260851267,0.18096916539064561,0.09771530623693127
2023-12-01 00:15:54.015397,6.146558523178101,0.20444563517897957,9.761560029689067,0.2555570439737245,0.9200053583054081,0.4967620043578846
2023-12-01 00:16:26.201805,32.18430852890015,0.03904502283488584,1.864262516192403,0.0488062785436073,0.1757026027569863,0.09487159648420561
2023-12-01 00:16:37.133678,10.929640531539917,0.1149751501716466,5.48965904476516,0.14371893771455824,0.5173881757724097,0.2793666198870669
2023-12-01 00:17:04.019903,26.884247303009033,0.04674250490528956,2.2317902124521996,0.05842813113161196,0.21034127207380304,0.11357493841887259
2023-12-01 00:17:38.445182,34.423702001571655,0.03650499476722591,1.742985109424333,0.04563124345903239,0.1642724764525166,0.08869983628540552
2023-12-01 00:17:46.082902,7.635453939437866,0.16457922101333936,7.858078966345947,0.20572402626667421,0.7406064945600271,0.399894591218212
2023-12-01 00:17:51.332641,5.248189210891724,0.23944202675238555,11.432514642475201,0.29930253344048197,1.077489120385735,0.5817962366029464
2023-12-01 00:17:57.198898,5.863993406295776,0.21429714775714964,10.231935106813392,0.2678714346964371,0.9643371649071736,0.5206992096203222
2023-12-01 00:18:03.009685,5.8086512088775635,0.2163388739050737,10.329420349478019,0.27042359238134217,0.9735249325728318,0.5256601958145481
2023-12-01 00:18:06.970321,3.958357810974121,0.3174642418510085,15.15780100365269,0.39683030231376076,1.4285890883295387,0.7713746148495807
2023-12-01 00:18:10.907097,3.934709310531616,0.31937227435643367,15.248902845098215,0.3992153429455421,1.4371752346039517,0.7760107522312626
2023-12-01 00:18:15.701678,4.792474985122681,0.2622104581321564,12.519627162636946,0.3277630726651955,1.1799470615947039,0.6371189711695137
2023-12-01 00:18:20.101831,4.397983074188232,0.2857303086978942,13.64261730613291,0.3571628858723678,1.2857863891405241,0.6942675040741434
2023-12-01 00:18:26.581138,6.477160215377808,0.19401049528657036,9.26331880096936,0.24251311910821297,0.8730472287895666,0.4714067014473087
2023-12-01 00:19:51.952689,85.36918687820435,0.014720030814265024,0.7028296999665887,0.018400038517831282,0.06624013866419262,0.03576673087250116
2023-12-01 00:19:56.629757,4.674769639968872,0.26881261713770455,12.834857034880445,0.3360157714221307,1.2096567771196705,0.6531608971211945
2023-12-01 00:20:00.614016,3.9820168018341064,0.3155780409708752,15.06774154553144,0.3944725512135941,1.4201011843689388,0.7667915239510328
2023-12-01 00:20:04.304487,3.688342809677124,0.34070506085792024,16.26746837158891,0.42588132607240037,1.5331727738606413,0.8278451568725748
2023-12-01 00:20:07.644906,3.3383677005767822,0.37642260354328355,17.972855413630313,0.4705282544291045,1.6939017159447762,0.9146316420894706
2023-12-01 00:20:11.988199,4.34107232093811,0.28947618664974384,13.821469803809658,0.3618452333121799,1.3026428399238477,0.7033692383215477
2023-12-01 00:20:17.119248,5.129001140594482,0.24500619652626268,11.698184179589719,0.3062577456578284,1.1025278843681823,0.5953160563195131
2023-12-01 00:20:44.372386,27.251009702682495,0.04611341286602743,2.201753280139701,0.05764176608253429,0.20751035789712344,0.11204637058187346
2023-12-01 00:21:58.888943,74.51442766189575,0.01686434561556084,0.8052131900179922,0.021080432019451055,0.0758895552700238,0.040976986976689736
2023-12-01 00:22:11.981789,13.090571403503418,0.09599558512011208,4.58345156605939,0.1199944814001401,0.43198013304050437,0.23325007272484832
2023-12-01 00:22:24.291112,12.30712604522705,0.10210645903990445,4.875224303343281,0.1276330737998806,0.45947906567957014,0.2480982741751599
2023-12-01 00:22:32.439455,8.14623475074768,0.15425986359165259,7.365365943387902,0.19282482948956575,0.6941693861624367,0.3748206165549975
2023-12-01 00:22:40.546475,8.104817152023315,0.1550481692387355,7.403004765508052,0.1938102115484194,0.6977167615743098,0.37673604161627955
2023-12-01 00:22:47.933649,7.385300159454346,0.17015382371794655,8.124246639209453,0.2126922796474332,0.7656922067307596,0.41343976086986656
2023-12-01 00:22:52.639121,4.703850746154785,0.2671507089086892,12.755506761996577,0.3339383861358615,1.2021781900891015,0.6491227925063331
2023-12-01 00:22:58.180934,5.53964900970459,0.22684416634239596,10.831011115485742,0.28355520792799505,1.0207987485407821,0.5511859553787539
2023-12-01 00:23:08.655916,10.472731590270996,0.11999133660632662,5.729164304730111,0.1499891707579083,0.5399610147284699,0.29155494968605244
2023-12-01 00:23:21.450618,12.792550563812256,0.09823194015669631,4.690229653633641,0.12278992519587041,0.4420437307051335,0.23868396819274074
2023-12-01 00:23:41.623588,20.170894384384155,0.06229952115602653,2.9745830232719195,0.07787440144503317,0.2803478452021194,0.15137537650491328
2023-12-01 00:23:50.399793,8.774092674255371,0.14322131166030383,6.838313912052679,0.17902663957537981,0.6444959024713673,0.3479991430722063
2023-12-01 00:24:01.950776,11.548839092254639,0.10881068230301134,5.195327384917822,0.1360133528787642,0.4896480703635511,0.264388195859857
2023-12-01 00:24:09.744001,7.791177272796631,0.16128975345273452,7.7010184596227385,0.2016121918159182,0.7258038905373055,0.3919018429394544
2023-12-01 00:24:42.071307,32.32522940635681,0.038874807217572215,1.8561353191263323,0.04859350902196527,0.17493663247907498,0.09445800657725698
2023-12-01 00:24:51.683920,9.610526323318481,0.13075632063843148,6.243154431034554,0.16344540079803935,0.5884034428729417,0.31771170788726083
2023-12-01 00:25:04.116679,12.430662393569946,0.10109172155507518,4.8267741573479155,0.12636465194384397,0.4549127469978383,0.24563266503452166
2023-12-01 00:25:17.163720,13.044747591018677,0.09633280005364868,4.599552393126416,0.12041600006706085,0.4334976002414191,0.23406943757035556
2023-12-01 00:25:23.414204,6.248275518417358,0.20111742155605425,9.602649534762762,0.25139677694506785,0.9050283970022442,0.4886751108969007
2023-12-01 00:25:28.940829,5.524560451507568,0.2274637181484728,10.860592535217334,0.28432964768559105,1.0235867316681277,0.5526913423571593
2023-12-01 00:25:34.629534,5.68645167350769,0.22098790838061586,10.55139539469417,0.27623488547576985,0.9944455877127715,0.5369564197832205
2023-12-01 00:25:53.955261,19.32355523109436,0.06503135920939686,3.1050186822480486,0.0812891990117461,0.29264111644228596,0.15801319660699253
2023-12-01 00:26:01.478842,7.521490097045898,0.16707288651878535,7.977142723828791,0.20884110814848172,0.7518279893345342,0.4059536996633447
2023-12-01 00:26:08.723017,7.24210000038147,0.1735183249844279,8.284889741489287,0.2168979062305349,0.7808324624299257,0.42161482604716294
2023-12-01 00:26:18.566454,9.841301918029785,0.12769012391883758,6.096754321709898,0.15961265489854698,0.5746055576347692,0.3102614630979916
2023-12-01 00:26:32.454764,13.886224269866943,0.09049523016582808,4.320828962139102,0.11311903770728512,0.40722853574622647,0.21988531025692912
2023-12-01 00:26:41.694837,9.237930536270142,0.13603014836516517,6.494961156551983,0.17003768545645648,0.6121356676432433,0.33052605449767836
2023-12-01 00:30:43.958334,242.26135182380676,0.005187113222871189,0.24766641293918457,0.006483891528588987,0.023342009502920355,0.012603647708932417
2023-12-01 00:30:55.191759,11.231298923492432,0.11188706399821825,5.342213791006703,0.13985882999777283,0.5034917879919822,0.27186318810287075
2023-12-01 00:31:16.146707,20.95278835296631,0.05997469359528055,2.8635806838332205,0.0749683669941007,0.26988612117876254,0.1457265104978127
2023-12-01 00:31:35.475605,19.326788902282715,0.0650204784555542,3.1044991645204605,0.08127559806944275,0.2925921530499939,0.1579867585513056
2023-12-01 00:31:50.336013,14.85831594467163,0.08457466284303654,4.038142695539915,0.10571832855379569,0.3805859827936645,0.20549951577601022
2023-12-01 00:32:04.969148,14.630906105041504,0.08588921645822786,4.100908007285021,0.10736152057278485,0.38650147406202545,0.2086936181502021
2023-12-01 00:32:23.357575,18.386210918426514,0.06834671194686044,3.263315115126221,0.08543338993357556,0.307560203760872,0.16606884068848152
2023-12-01 00:32:33.480234,10.120474338531494,0.12416780275323126,5.928575874310862,0.1552097534415391,0.5587551123895408,0.30170292712980135
2023-12-01 00:36:43.314777,249.83246278762817,0.005029919040201475,0.24016094358003195,0.0062873988002518436,0.022634635680906637,0.012221697283881543
2023-12-01 00:36:57.826575,14.50957989692688,0.08660740492576716,4.135198980689163,0.10825925615720897,0.3897333221659523,0.21043867248862907
2023-12-01 00:37:13.365195,15.536543607711792,0.08088266561503209,3.86186281292437,0.10110333201879013,0.36397199526764445,0.196528700911405
2023-12-01 00:37:23.570430,10.202897310256958,0.12316472696168586,5.880682533154782,0.15395590870210735,0.5542412713275865,0.29926565357150436
2023-12-01 00:37:35.940597,12.368029832839966,0.10160365704319832,4.851217276391604,0.12700457130399792,0.45721645669439254,0.24687656588356333
2023-12-01 00:38:04.049461,28.106650590896606,0.044709598440837564,2.1347260786538986,0.055886998051046965,0.2011931929837691,0.10863538229154714
2023-12-01 00:38:32.088760,28.03691840171814,0.044820798185827335,2.1400354753796025,0.05602599773228418,0.20169359183622304,0.10890557543192328
2023-12-01 00:40:00.817131,88.72612810134888,0.014163100411645405,0.6762382320060671,0.01770387551455676,0.06373395185240434,0.03441350138021601
2023-12-01 00:42:06.199883,125.38048934936523,0.010022588585807582,0.4785433548023057,0.012528235732259481,0.04510164863613413,0.02435288574579527
2023-12-01 00:42:22.067180,15.865169286727905,0.07920728980100855,3.7818695102228332,0.09900911225126069,0.3564328041045385,0.19245787275849058
2023-12-01 00:42:38.828004,16.758697032928467,0.07498417442399033,3.5802306039728804,0.09373021802998792,0.3374287849079565,0.18219654701541171
2023-12-01 00:42:45.911318,7.081464052200317,0.177454415100146,8.472824201000794,0.22181801887518254,0.7985448679506572,0.43117873781033483
2023-12-01 00:42:59.024420,13.111547946929932,0.09584200633840177,4.576118719380422,0.11980250792300223,0.43128902852280804,0.23287690700104866
2023-12-01 00:43:07.755574,8.729039669036865,0.1439605167442859,6.873608354975,0.17995064593035737,0.6478223253492865,0.34979526358526586
2023-12-01 00:43:17.824622,10.066969871520996,0.12482773639671722,5.960085384752893,0.15603467049589656,0.5617248137852277,0.30330643389674355
2023-12-01 00:43:27.806836,9.980014085769653,0.12591535950111898,6.012015562738841,0.15739419937639876,0.5666191177550356,0.30594914051581895
2023-12-01 00:43:34.920752,7.1117753982543945,0.1766980804461798,8.436711881357667,0.22087260055772479,0.7951413620078093,0.42934099586812774
2023-12-01 00:43:41.070421,6.147400617599487,0.20441762943483327,9.760222853904311,0.25552203679354163,0.9198793324567499,0.49669395600075794
2023-12-01 00:43:45.470761,4.398495674133301,0.2856970097358413,13.641027397809745,0.3571212621698016,1.2856365438112858,0.6941865942561471
2023-12-01 00:43:50.011512,4.53923487663269,0.2768389597781994,13.218086666735648,0.34604869972274926,1.2457753190018974,0.672663304469069
2023-12-01 00:43:55.586695,5.573008060455322,0.22548631686946605,10.766178578808285,0.2818578960868326,1.0146884259125974,0.5478866527294287
2023-12-01 00:44:00.694236,5.10042405128479,0.24637893806484035,11.76372776002538,0.30797367258105046,1.1087052212917816,0.5986515437099491
2023-12-01 00:44:06.732521,6.03619909286499,0.20818350125682708,9.940029988560552,0.2602293765710339,0.936825755655722,0.5058442713538386
2023-12-01 00:44:15.500767,8.766021490097046,0.14335318055694218,6.844610188074699,0.17919147569617777,0.64508931250624,0.3483195581172582
2023-12-01 00:44:23.855743,8.352752447128296,0.15044586432918328,7.1832608927166515,0.18805733041147912,0.6770063894813249,0.36555336114704956
2023-12-01 00:44:30.734497,6.876611948013306,0.18274072623786297,8.725226965487613,0.22842590779732877,0.8223332680703835,0.44402341661275957
2023-12-01 00:44:35.819962,5.083369255065918,0.24720554387891341,11.803195280414851,0.3090069298486418,1.1124249474551104,0.6006600305169839
2023-12-01 00:44:41.620444,5.798369646072388,0.21672248203201724,10.347736288362004,0.27090310254002153,0.9752511691440775,0.5265922868413955
2023-12-01 00:44:51.262392,9.639774799346924,0.130359586981332,6.224211794249062,0.16294948372666498,0.586618141415994,0.3167477244472405
2023-12-01 00:44:59.076721,7.812259912490845,0.16085448711540035,7.680236022878266,0.20106810889425047,0.7238451920193018,0.39084423279299985
2023-12-01 00:45:05.571637,6.49265718460083,0.1935474222197326,9.241208690689374,0.24193427777466578,0.8709633999887968,0.47028152650950633
2023-12-01 00:45:25.625147,20.05146026611328,0.06267060078210954,2.9923007703034603,0.07833825097763693,0.28201770351949296,0.15227702578036978
2023-12-01 00:45:37.041879,11.41435980796814,0.11009264492947592,5.2565365915760935,0.1376158061618449,0.49541690218264167,0.2675031086496406
2023-12-01 00:45:42.124807,5.080673694610596,0.2473366992194194,11.809457486641179,0.3091708740242743,1.1130151464873874,0.6009787117633454
2023-12-01 00:45:48.079894,5.952867031097412,0.21109778781742014,10.07917692207195,0.26387223477177524,0.9499400451783909,0.5129254048387676
2023-12-01 00:45:56.133176,8.047163724899292,0.15615900264930221,7.4560431539810486,0.1951987533116278,0.7027155119218601,0.3794351446372746
2023-12-01 00:46:07.164708,11.02924633026123,0.11393680255268661,5.440081597903606,0.1424210031908583,0.5127156114870899,0.276843642842518
2023-12-01 00:46:16.336806,9.169826745986938,0.1370404366675596,6.543198869734181,0.17130054583444954,0.6166819650040184,0.3329808530148364
2023-12-01 00:46:24.213267,7.874202013015747,0.1595891316172414,7.619819748188116,0.19948641452155177,0.7181510922775864,0.3877696720035732
2023-12-01 00:46:30.313432,6.097898006439209,0.2060770875650829,9.83945614318929,0.2575963594563537,0.9273468940428733,0.5007261073656385
2023-12-01 00:46:35.934807,5.619107723236084,0.2236364069404619,10.677851885965548,0.27954550867557737,1.0063638312320786,0.5433917415839343
2023-12-01 00:46:43.550026,7.605323314666748,0.1652312478303864,7.889210953634401,0.20653905978798304,0.743540615236739,0.40147888597827297
2023-12-01 00:46:59.942412,16.39018750190735,0.07667008454233246,3.660726882655718,0.09583760567791559,0.3450153804404961,0.18629297142095944
2023-12-01 00:47:09.138118,9.193478345870972,0.1366878796206993,6.526365510715272,0.17085984952587416,0.6150954582931469,0.33212420990237523
2023-12-01 00:47:46.387574,37.24732828140259,0.0337376429241329,1.610853791893517,0.04217205365516613,0.15181939315859808,0.08197572477705813
2023-12-01 00:47:54.240686,7.850899934768677,0.1600628045035634,7.64243596256814,0.20007850562945426,0.7202826202660353,0.3889206023827584
2023-12-01 00:48:04.473862,10.230907201766968,0.12282753001795235,5.8645825650375825,0.1535344125224405,0.5527238850807857,0.2984463324376207
2023-12-01 00:48:29.738493,25.262404680252075,0.04974336676738638,2.375070812118797,0.06217920845923298,0.22384515045323872,0.12086643257139543
2023-12-01 00:48:42.601897,12.861285209655762,0.09770695859325801,4.665163630377646,0.12213369824157251,0.43968131366966107,0.2374083679898983
2023-12-01 00:48:50.666353,8.062258005142212,0.15586663942463985,7.442083838266058,0.19483329928079982,0.7013998774108794,0.3787247604739899
2023-12-01 00:48:57.088485,6.419985055923462,0.19573831566421931,9.34581614713268,0.24467289458027416,0.880822420488987,0.4756049594009201
2023-12-01 00:53:29.046812,271.95620822906494,0.004620733130598252,0.22062375553296004,0.005775916413247815,0.020793299087692136,0.011227457360727633
2023-12-01 00:53:38.358145,9.309126615524292,0.13498979156006927,6.4452877781188915,0.1687372394500866,0.6074540620203117,0.3279981955326563
2023-12-01 00:53:44.159108,5.7987284660339355,0.2167090714450024,10.347095979998052,0.27088633930625305,0.975190821502511,0.5265597017970669
2023-12-01 00:53:50.866235,6.704966068267822,0.18741885471771824,8.948591147083993,0.2342735683971478,0.8433848462297321,0.4553903331931118
2023-12-01 00:54:05.129639,14.261333703994751,0.08811497490476082,4.207180144953298,0.11014371863095104,0.39651738707142375,0.21410176602358788
2023-12-01 00:54:26.166343,21.034449577331543,0.05974185617817035,2.8524635160722696,0.07467732022271295,0.26883835280176666,0.14516076214171833
2023-12-01 00:54:33.581875,7.413395643234253,0.16950897023589617,8.093457153437951,0.21188621279487022,0.7627903660615328,0.4118728958791805
2023-12-01 00:54:40.334130,6.74997878074646,0.1861690387857707,8.88891683202666,0.23271129848221342,0.8377606745359684,0.4523535304416657
2023-12-01 00:54:45.360402,5.024407863616943,0.250106499222636,11.94170569520754,0.312633124028295,1.1254792465018622,0.607708771811161
2023-12-01 00:54:50.747513,5.380195617675781,0.23356716943663441,11.152010867946789,0.29195896179579306,1.051052262464855,0.5675215082971344
2023-12-01 00:55:00.133568,9.378952503204346,0.13398479851631445,6.397302894912927,0.16748099814539308,0.6029315933234151,0.3255562634349409
2023-12-01 00:55:19.167671,19.031885385513306,0.06602798598148582,3.1526041054067515,0.08253498247685728,0.2971259369166862,0.16043480033781427
2023-12-01 00:55:41.422689,22.252764225006104,0.056471054504940846,2.696294239821954,0.07058881813117605,0.2541197452722338,0.13721336823610525
2023-12-01 00:55:43.778877,2.354076862335205,0.5338130974149051,25.487697942233286,0.6672663717686316,2.402158938367074,1.2970590640987367
2023-12-01 00:55:46.299820,2.5191104412078857,0.4988415914124725,23.817931527936768,0.6235519892655906,2.2447871613561263,1.2120852988140256
2023-12-01 00:55:49.695197,3.393864154815674,0.370267342507752,17.678963347682576,0.46283417813469,1.666203041284884,0.8996755888253358
2023-12-01 00:55:53.956253,4.258997201919556,0.29505468115112715,14.08782329628149,0.36881835143890895,1.3277460651800723,0.7169238642610087
2023-12-01 00:56:00.335949,6.377651214599609,0.19703759568401066,9.40785219841578,0.24629699460501336,0.8866691805780481,0.4787619499930092
2023-12-01 00:56:24.542415,24.204336643218994,0.051917847613806536,2.478894624728722,0.06489730951725818,0.23363031426212946,0.12614998613202713
2023-12-01 00:56:31.065142,6.520478963851929,0.1927215881536358,9.20177801855148,0.24090198519204478,0.8672471466913613,0.46827491489570433
2023-12-01 00:56:36.772672,5.705266714096069,0.22025912624402455,10.516598610851496,0.27532390780503074,0.9911660680981107,0.5351856249477309
2023-12-01 00:56:42.444524,5.66957426071167,0.22164575392265495,10.582805205636117,0.2770571924033188,0.9974058926519476,0.5385548528812671
2023-12-01 00:56:50.825549,8.37893295288086,0.1499757867144477,7.160816339910047,0.18746973339305967,0.6748910402150148,0.3644111665587651
2023-12-01 00:57:02.137124,11.309327602386475,0.11111509946627983,5.305355199661817,0.1388938743328498,0.5000179475982593,0.26998746868316675
2023-12-01 00:57:16.916274,14.77688717842102,0.08504071569762062,4.060395080204658,0.10630089462202577,0.3826832206392928,0.20663193100207858
2023-12-01 00:59:53.702179,156.7836410999298,0.008015103186913293,0.3826929874766562,0.010018878983641616,0.03606796434110982,0.01947509772356192
2023-12-01 01:00:01.360971,7.656651973724365,0.16412357068707947,7.836323265822238,0.20515446335884935,0.7385560680918577,0.39878745205546573
2023-12-01 01:00:10.237798,8.87454867362976,0.14160010921681526,6.76090719726252,0.17700013652101912,0.6372004914756688,0.34405994537501783
2023-12-01 01:00:15.941737,5.7016921043396,0.2203972151494258,10.523191870415724,0.2754965189367823,0.9917874681724163,0.5355211533700749
2023-12-01 01:00:19.536136,3.587735414505005,0.3502591234446685,16.723641257776006,0.4378239043058357,1.5761660555010084,0.8510596181458556
2023-12-01 01:00:22.548627,3.010399103164673,0.41743204750323015,19.930912129532985,0.5217900593790378,1.878444213764536,1.0142763890233488
2023-12-01 01:00:25.331953,2.781071424484253,0.45185357354457717,21.574418935007017,0.5648169669307216,2.033341080950598,1.097913812998614
2023-12-01 01:00:27.782099,2.4480206966400146,0.513327793004647,24.509596704942847,0.6416597412558088,2.3099750685209117,1.2472838714426915
2023-12-01 01:00:30.067063,2.2828328609466553,0.55047265305039,26.283133130963837,0.6880908163129875,2.477126938726755,1.3375384523818377
2023-12-01 01:00:32.408489,2.3393802642822266,0.5371666507674335,25.647818320126472,0.6714583134592921,2.4172499284534514,1.3052075280347104
2023-12-01 01:00:35.355584,2.9450018405914307,0.42670162174959886,20.37350169803306,0.5333770271869986,1.9201572978731951,1.0367996005271753
2023-12-01 01:00:40.560561,5.202869176864624,0.2415277068706151,11.532098532632617,0.3019096335882689,1.086874680917768,0.5868640221542206
2023-12-01 01:00:48.929309,8.360527515411377,0.1503059536757095,7.176580651089182,0.18788244209463692,0.676376791540693,0.36521340624123905
2023-12-01 01:01:02.889128,13.958131551742554,0.09002903123369953,4.298569602785375,0.11253628904212443,0.40513064055164794,0.21875254009164316
2023-12-01 01:01:09.024960,6.133551359176636,0.20487919442556154,9.782260958854083,0.256098993031952,0.9219563749150272,0.4978154666152296
2023-12-01 01:01:12.007910,2.9807043075561523,0.4215906483076211,20.12947069184241,0.5269883103845264,1.8971579173842952,1.024380957257858
2023-12-01 01:01:14.775626,2.7656795978546143,0.45436827259770524,21.69448697041517,0.5679603407471316,2.044657226689674,1.1040240287579044
2023-12-01 01:01:17.523836,2.7460131645202637,0.45762237329093625,21.849858833609115,0.5720279666136705,2.0593006798092137,1.1119308426223173
2023-12-01 01:01:19.780600,2.2546212673187256,0.557360599605429,26.612008353560018,0.6967007495067864,2.508122698224431,1.3542747849212717
2023-12-01 01:01:21.955532,2.165919303894043,0.5801864636307762,27.701863080553256,0.7252330795384703,2.610839086338493,1.4097370693300602
2023-12-01 01:01:24.334308,2.3766894340515137,0.5287342315035849,25.245199957707023,0.6609177893794812,2.379304041766132,1.2847184357074108
2023-12-01 01:01:27.048489,2.7121269702911377,0.46334005568368414,22.12285805835971,0.5791750696046053,2.085030250576579,1.125823667300216
2023-12-01 01:01:30.027192,2.9765918254852295,0.42217312117729355,20.157281722769998,0.527716401471617,1.8997790452978214,1.025796249836588
2023-12-01 01:01:34.188382,4.1568286418914795,0.3023066788878048,14.434080682406536,0.3778833486097561,1.360380054995122,0.7345447683615883
2023-12-01 01:01:40.502291,6.311702251434326,0.1990963786592354,9.506151844593917,0.2488704733240443,0.8959337039665595,0.48376438086621026
2023-12-01 01:02:01.685272,21.180845022201538,0.05932893895964602,2.8327481711474984,0.07416117369955753,0.26698022531840715,0.1441574558841479
2023-12-01 01:02:08.788423,7.100858926773071,0.1769697263943513,8.44968201998438,0.22121215799293908,0.7963637687745807,0.4300010411929947
2023-12-01 01:02:11.231702,2.441190719604492,0.5147639843721471,24.57816979155191,0.6434549804651839,2.316437929674662,1.2507735292274431
2023-12-01 01:02:13.314674,2.080932378768921,0.6038817379444802,28.83322909103658,0.7548521724306003,2.7174678207501612,1.4673118468574982
2023-12-01 01:02:15.367745,2.050976037979126,0.6127019712400495,29.254364209500654,0.765877464050062,2.757158870580223,1.4887432497190725
2023-12-01 01:02:17.609270,2.239445686340332,0.5611375480552486,26.792344358237635,0.7014219350690608,2.525118966248619,1.3634520142646431
2023-12-01 01:02:20.245200,2.6337437629699707,0.4771295822714569,22.781259454162058,0.5964119778393212,2.1470831202215566,1.1593294590031862
2023-12-01 01:02:23.161792,2.914351224899292,0.4311892989079727,20.587772498859795,0.538986623634966,1.9403518450858774,1.0477037584865923
2023-12-01 01:02:27.380025,4.215874910354614,0.29807266300750285,14.231921315462644,0.3725908287593786,1.341326983533763,0.7242569565756305
2023-12-01 01:02:34.459154,7.077030181884766,0.1775655930721561,8.478132558143296,0.22195699134019517,0.7990451688247027,0.431448878046725
2023-12-01 01:02:41.330354,6.869031190872192,0.18294240141255733,8.73485624577307,0.22867800176569666,0.823240806356508,0.4445134469522318
2023-12-01 01:02:44.795753,3.4634485244750977,0.3628282772374585,17.32377414475744,0.4535353465468232,1.6327272475685635,0.8816001480315768
2023-12-01 01:02:47.355868,2.5587775707244873,0.49110836198244284,23.448697020980887,0.6138854524780536,2.209987628920993,1.1932950979449397
2023-12-01 01:02:50.231246,2.873814344406128,0.4372714834143541,20.878175417556058,0.5465893542679428,1.9677216753645939,1.0624822504001978
2023-12-01 01:02:53.615246,3.3819100856781006,0.3715761299384017,17.74145334439591,0.46447016242300226,1.672092584722808,0.9028556805243287
2023-12-01 01:02:58.281774,4.664393186569214,0.2694106202398017,12.863409579785362,0.3367632752997522,1.2123477910791078,0.6546139250586703
2023-12-01 01:03:02.025735,3.741711378097534,0.3358455354925991,16.03544312669752,0.419806919365749,1.5113049097166964,0.8160374821399176
2023-12-01 01:03:05.413886,3.3859989643096924,0.3711274204988156,17.720029046799272,0.4639092756235195,1.6700733922446702,0.9017654063280222
2023-12-01 01:03:08.815208,3.3990490436553955,0.36970253894439487,17.651995963987318,0.4621281736804937,1.6636614252497772,0.8983032291270908
2023-12-01 01:03:11.999542,3.182299852371216,0.39488329815921147,18.85428865394077,0.4936041226990144,1.7769748417164517,0.9594874378672521
2023-12-01 01:03:15.128393,3.1267199516296387,0.40190265865702524,19.189438430112087,0.5023783233212816,1.808561963956614,0.9765430800048401
2023-12-01 01:03:18.534671,3.4040772914886475,0.36915644206373865,17.625921758598267,0.4614455525796734,1.6612039892868242,0.8969763229264723
2023-12-01 01:03:23.075643,4.538857698440552,0.27686196504192434,13.219185087167336,0.34607745630240544,1.2458788426886596,0.6727192026588678
2023-12-01 01:03:29.298956,6.221214532852173,0.20199224038972347,9.644419057269264,0.2524903004871544,0.9089650817537558,0.49080074569895016
2023-12-01 01:03:35.411105,6.109960556030273,0.20567024122531682,9.820030661373506,0.25708780153164607,0.9255160855139258,0.4997375521292749
2023-12-01 01:05:12.014019,96.60072016716003,0.013008568251472707,0.6211133819310526,0.016260710314340888,0.0585385571316272,0.031608219137428395
2023-12-01 01:05:26.407779,14.391609191894531,0.08731734197894044,4.169095978078149,0.10914667747367555,0.392928038905232,0.2121636775404295
2023-12-01 01:06:31.567313,65.15739846229553,0.019286176107278015,0.9208470782442312,0.02410772013409752,0.08678779248275108,0.046861550705464126
2023-12-01 01:06:40.247003,8.677568197250366,0.14481442644658257,6.914379539997394,0.18101803305822822,0.6516649190096216,0.3518700933799063
2023-12-01 01:06:46.832945,6.5840418338775635,0.1908610384232388,9.112943312613186,0.23857629802904856,0.8588746729045749,0.4637541511607858
2023-12-01 01:06:53.276433,6.441899538040161,0.19507244004898405,9.314022928437966,0.24384055006123007,0.8778259802204282,0.47398701483102146
2023-12-01 01:09:54.267333,180.98879432678223,0.006943176046396611,0.33151223656237905,0.008678970057995764,0.03124429220878475,0.016870529157534484
2023-12-01 01:10:04.393773,10.124298810958862,0.12412089813821905,5.9263363439109575,0.15515112267277384,0.5585440416219858,0.3015889582962447
2023-12-01 01:10:11.118357,6.72230863571167,0.1869353416414331,8.92550509824189,0.23366917705179144,0.8412090373864491,0.45421549312035425
2023-12-01 01:11:32.517017,81.3965117931366,0.015438463316825793,0.7371323251847168,0.019298079146032245,0.06947308492571608,0.03751237816722332
2023-12-01 01:11:49.283942,16.764877557754517,0.07495653082504415,3.57891071934774,0.09369566353130519,0.3373043887126987,0.1821293785986923
2023-12-01 01:11:55.897880,6.612344980239868,0.1900440865065591,9.073936731870795,0.2375551081331989,0.8551983892795161,0.46176912139363735
2023-12-01 01:12:02.415327,6.515284299850464,0.192875245899056,9.209114635469874,0.24109405737382003,0.8679386065457522,0.4686482724855263
2023-12-01 01:12:11.283941,8.866505146026611,0.1417285661869897,6.76704056579588,0.17716070773373713,0.6377785478414537,0.34437207012114757
2023-12-01 01:13:37.039442,85.75336360931396,0.014654084790901772,0.6996810092879342,0.01831760598862722,0.06594338155905799,0.035606495224933137
2023-12-01 01:13:50.060411,13.018799066543579,0.09652480655188017,4.608720028116209,0.12065600818985024,0.43436162948346085,0.2345359749597585
2023-12-01 01:13:55.176523,5.114007949829102,0.2457245029268895,11.73248078388401,0.3071556286586119,1.1057602631710028,0.5970613972117561
2023-12-01 01:14:04.799068,9.620176792144775,0.13062515259199886,6.2368916181449165,0.1632814407399986,0.587813186663995,0.31739299576803887
2023-12-01 01:14:15.926219,11.124983072280884,0.11295631222729376,5.3932666333215895,0.1411953902841172,0.508303405022822,0.2744612474498784
2023-12-01 01:14:24.601525,8.673176527023315,0.14488775335317686,6.917880641891229,0.1811096916914711,0.6519948900892959,0.35204826309754916
2023-12-01 01:14:35.436022,10.83218789100647,0.1160095332614432,5.5390471993027,0.14501191657680404,0.5220428996764945,0.2818799639186548
2023-12-01 01:14:46.248345,10.810367107391357,0.11624369912255049,5.550227795592278,0.1453046239031881,0.5230966460514772,0.28244894012797317
2023-12-01 01:15:29.144056,42.89414954185486,0.02929623444823699,1.3987921579247946,0.036620293060296245,0.1318330550170665,0.07118399046232625
2023-12-01 01:15:51.187576,22.04139518737793,0.05701259156931836,2.7221507300209007,0.07126573946164795,0.2565566620619326,0.13852919499512975
2023-12-01 01:15:58.150763,6.961042165756226,0.1805242708653238,8.619399016882953,0.2256553385816548,0.8123592188939572,0.43863787334856386
2023-12-01 01:16:07.017118,8.864107847213745,0.1417668966912351,6.768870712562438,0.17720862086404388,0.637951035110558,0.34446520558036303
2023-12-01 01:16:14.219958,7.200541973114014,0.1745197883892704,8.332706096851185,0.21814973548658806,0.785339047751717,0.4240481818282493
2023-12-01 01:16:21.326184,7.104044675827026,0.17689036580975953,8.445892831187049,0.22111295726219946,0.796006646143918,0.4298082108445538
2023-12-01 01:16:29.481697,8.15338659286499,0.15412455267797523,7.358905323158092,0.19265569084746909,0.6935604870508887,0.3744918380969443
2023-12-01 01:16:46.800910,17.317230224609375,0.07256570739875713,3.4647573094416964,0.09070713424844644,0.3265456832944072,0.17632015583750013
2023-12-01 01:17:41.941085,55.13862347602844,0.022790504771709453,1.0881664469930963,0.028488130964636826,0.10255727147269257,0.055376368494299645
2023-12-01 01:17:52.330087,10.386677980422974,0.12098546463117975,5.776630421496579,0.1512318307889747,0.544434590840309,0.2939704819608406
2023-12-01 01:18:07.848318,15.516091108322144,0.08098928091250461,3.8669533184049594,0.10123660114063078,0.36445176410627084,0.19678775476120375
2023-12-01 01:18:19.016896,11.166453123092651,0.11253681429398059,5.373237082410502,0.14067101786747574,0.5064156643229126,0.27344195137151406
2023-12-01 01:18:27.257317,8.238147497177124,0.1525387912593839,7.283190792658124,0.1906734890742299,0.6864245606672277,0.37063875500205107
2023-12-01 01:18:42.812831,15.55327320098877,0.08079566565808341,3.85770887096522,0.10099458207260427,0.3635804954613754,0.19631730841601108
2023-12-01 01:18:58.865660,16.05056405067444,0.07829239255819884,3.73818638463854,0.09786549069774857,0.35231576651189483,0.19023485543791158
2023-12-01 01:19:24.390429,25.522520542144775,0.049236401215187985,2.350864990035891,0.06154550151898499,0.22156380546834598,0.11963460767266378
2023-12-01 01:19:46.552526,22.16020178794861,0.05670693225001745,2.7075565725502475,0.07088366531252183,0.2551811951250786,0.13778650398109243
2023-12-01 01:20:38.546792,51.99272131919861,0.02416948044940854,1.1540076856458878,0.030211850561760678,0.10876266202233845,0.058727003595972875
2023-12-01 01:27:40.828424,422.2794518470764,0.0029758423147025243,0.14208600427408033,0.0037198028933781565,0.013391290416161364,0.007230701656264196
2023-12-01 01:27:48.597254,7.766717195510864,0.1617977106417946,7.72527162887813,0.20224713830224325,0.7280896978880758,0.3931360773174325
2023-12-01 01:28:23.771133,35.17223405838013,0.03572809902692295,1.705891070223457,0.044660123783653694,0.1607764456211533,0.0868121350156174
2023-12-01 01:30:17.763579,113.990314245224,0.011024068753179773,0.5263605105160406,0.01378008594147472,0.04960830938930899,0.02678628225647622
2023-12-01 01:30:27.419432,9.653732776641846,0.13017110484728497,6.215212435253635,0.16271388105910625,0.5857699718127826,0.3162897505579331
2023-12-01 01:30:56.300119,28.878634452819824,0.043514421136807396,2.0776605659116045,0.054393026421009245,0.1958148951156333,0.10573134047821461
2023-12-01 01:31:01.940540,5.63830828666687,0.2228748407403576,10.641489778394055,0.278593550925447,1.0029367833316094,0.5415412880309209
2023-12-01 01:31:06.962886,5.015564441680908,0.2505474859405395,11.962761260005204,0.3131843574256744,1.127463686732428,0.608780281338323
2023-12-01 01:31:19.140160,12.170257806777954,0.10325476102371975,4.930051684409211,0.1290684512796497,0.4646464246067389,0.25088841833543424
2023-12-01 01:32:23.627007,64.48476123809814,0.019487349217220725,0.9304523867035968,0.02435918652152591,0.08769307147749328,0.04735036112800293
2023-12-01 01:32:56.168355,32.53921413421631,0.03861915829474542,1.8439289821971316,0.04827394786843178,0.1737862123263544,0.09383683082457243
2023-12-01 01:33:27.795157,31.624684810638428,0.03973595528178005,1.8972521104721405,0.04966994410222507,0.17881179876801026,0.09655042414366918
2023-12-01 01:33:34.219109,6.4218456745147705,0.19568160387642258,9.343108358724853,0.24460200484552827,0.8805672174439018,0.47546716109893167
2023-12-01 01:33:41.592728,7.37138819694519,0.17047495368059518,8.139579465488586,0.21309369210074397,0.7671372915626783,0.41422004245311017
2023-12-01 01:33:50.269424,8.674463033676147,0.14486626509991218,6.916854653373584,0.18108283137489026,0.6518981929496049,0.35199605093976666
2023-12-01 01:34:05.367055,15.095402479171753,0.0832463435916858,3.9747201230829354,0.10405792948960725,0.3746085461625861,0.20227196565907815
2023-12-01 01:34:24.322786,18.95364546775818,0.0663005469619851,3.1656179336088823,0.08287568370248138,0.298352461328933,0.16109706900823142
2023-12-01 01:35:11.387602,47.06267690658569,0.026701351135002487,1.2748956061104109,0.03337668891875312,0.12015608010751122,0.06487894298782906
2023-12-01 01:35:18.560794,7.171037912368774,0.1752378214691126,8.3669896510393,0.21904727683639075,0.7885701966110067,0.4257928586056498
2023-12-01 01:35:25.304462,6.74144434928894,0.18640472224152707,8.90016988812324,0.23300590280190892,0.8388212500868721,0.45292619410246265
2023-12-01 01:35:30.123677,4.817131757736206,0.2608683184589639,12.45554471364445,0.3260853980737049,1.1739074330653376,0.6338578401915905
2023-12-01 01:35:35.659084,5.533557891845703,0.22709386727257483,10.842933456685525,0.28386733409071857,1.021922402726587,0.5517926786989024
2023-12-01 01:35:45.239233,9.578842163085938,0.13118882637805954,6.2638050589477805,0.1639860329725744,0.590349718701268,0.318762610333409
2023-12-01 01:35:49.978141,4.737293720245361,0.2652647557117973,12.665459129878986,0.3315809446397467,1.193691400703088,0.6445403034285252
2023-12-01 01:35:54.354620,4.3699305057525635,0.2875645413083077,13.730195462151212,0.35945567663538475,1.2940404358873852,0.6987243224709263
2023-12-01 01:36:01.752940,7.396243333816528,0.1699020711893589,8.112226341401271,0.2123775889866987,0.7645593203521154,0.4128280525759044
2023-12-01 01:36:06.528405,4.77310585975647,0.2632745005785463,12.57043144713771,0.3290931257231829,1.1847352526034585,0.6397043815057518
2023-12-01 01:36:10.090577,3.560032367706299,0.3529847292499643,16.853779348825846,0.4412309115624554,1.5884312816248396,0.8576822951315634
2023-12-01 01:36:14.041586,3.9489216804504395,0.3182228373018978,15.194021268397506,0.39777854662737233,1.4320027678585405,0.7732178500761514
2023-12-01 01:36:20.736598,6.692830562591553,0.1877586844136886,8.964816819860923,0.23469835551711074,0.8449140798615987,0.45621605138838056
2023-12-01 01:36:38.101039,17.36220932006836,0.07237771635337993,3.455781398203058,0.09047214544172494,0.32569972359020977,0.1758633751954426
2023-12-01 01:36:43.708651,5.605365514755249,0.22418467772137543,10.704029887446122,0.28023084715171936,1.0088310497461896,0.5447239299273982
2023-12-01 01:37:21.297860,37.582093954086304,0.033437122023353444,1.5965049758350731,0.041796402529191805,0.1504670491050905,0.0812455190923442
2023-12-01 01:37:34.177605,12.8775315284729,0.0975836913043021,4.659278050869985,0.12197961413037764,0.4391266108693595,0.23710885313119326
2023-12-01 01:37:38.824036,4.644257068634033,0.2705787045947305,12.919181499495929,0.3382233807434132,1.2176041706762875,0.6574521364242762
2023-12-01 01:37:44.871188,6.045331239700317,0.20786901686766993,9.925014465042672,0.25983627108458746,0.9354105759045148,0.5050801371850645
2023-12-01 01:37:52.614782,7.742016315460205,0.1623139257568485,7.749919085056003,0.2028924071960606,0.7304126659058182,0.3943903768039905
2023-12-01 01:37:58.548444,5.9315478801727295,0.21185651482919893,10.11540346838653,0.26482064353649865,0.9533543167313951,0.5147689597319876
2023-12-01 01:38:09.371759,10.82125973701477,0.11612668875671789,5.544640962157704,0.1451583609458974,0.5225700994052307,0.2821646283410732
2023-12-01 01:38:17.054306,7.680370569229126,0.16361672267097982,7.812123055674665,0.2045209033387248,0.7362752520194094,0.3975559127459468
2023-12-01 01:38:23.723483,6.6670918464660645,0.18848353830643658,8.999426043875996,0.23560442288304573,0.8481759223789647,0.4579773013769796
2023-12-01 01:38:33.175895,9.45028042793274,0.13297352084088454,6.349017942647981,0.16621690105110568,0.5983808437839805,0.3230990609391813
2023-12-01 01:39:23.929090,50.751110315322876,0.024760779687937405,1.1822401446433908,0.03095097460992176,0.11142350859571834,0.060163742485750314
2023-12-01 01:40:30.723579,66.79211974143982,0.018814151524169435,0.8983095645454446,0.023517689405211793,0.08466368185876245,0.04571462537342689
2023-12-01 01:40:39.876326,9.15064263343811,0.13732773880207463,6.556916536194857,0.1716596735025933,0.617974824609336,0.333678939741281
2023-12-01 01:40:50.462636,10.584136962890625,0.11872834467674143,5.6688608821265145,0.14841043084592678,0.5342775510453365,0.28848613189554634
2023-12-01 01:40:58.689166,8.224384307861328,0.15279405903184182,7.295378930997744,0.19099257378980228,0.6875732656432882,0.37125900463556927
2023-12-01 01:41:04.967727,6.276230335235596,0.2002216289579095,9.5598785887688,0.2502770361973869,0.9009973303105928,0.48649851404192856
2023-12-01 01:41:10.831127,5.861316680908203,0.2143950122212477,10.236607790777665,0.26799376527655966,0.9647775549956148,0.5209370006951878
2023-12-01 01:41:15.977085,5.143858194351196,0.24429854283617536,11.664396204757333,0.3053731785452192,1.0993434427627893,0.593596599383339
2023-12-01 01:41:21.507568,5.523238897323608,0.22751814375526014,10.863191166522627,0.28439767969407526,1.023831646898671,0.5528235856965312
2023-12-01 01:41:35.853174,14.34349799156189,0.08761022326458873,4.183080029383159,0.10951277908073594,0.39424600469064935,0.21287532048829774
2023-12-01 01:41:42.619272,6.763801574707031,0.1857885757818594,8.870751061705835,0.23223571972732426,0.8360485910183674,0.451429081434762
2023-12-01 01:41:50.764162,8.142767667770386,0.15432554540512927,7.368502018973718,0.19290693175641163,0.6944649543230819,0.3749802102253832
2023-12-01 01:42:05.112701,14.346410512924194,0.08759243716774003,4.182230805813624,0.10949054645967504,0.39416596725483016,0.21283210383017473
2023-12-01 01:42:12.686450,7.5714335441589355,0.16597082363687438,7.924523097252521,0.20746352954609298,0.7468687063659347,0.4032759072728774
2023-12-01 01:42:21.292919,8.604336738586426,0.14604694116636416,6.973227783023422,0.1825586764579552,0.6572112352486388,0.35486485764603165
2023-12-01 01:42:26.666826,5.371630668640137,0.23393958724158584,11.169792508312824,0.29242448405198235,1.0527281425871364,0.5684264090796054
2023-12-01 01:42:32.041315,5.367451906204224,0.23412171797634065,11.17848861033038,0.29265214747042584,1.053547730893533,0.5688689503389126
2023-12-01 01:42:36.691161,4.645498275756836,0.2705064100429977,12.91572968891586,0.3381330125537471,1.2172788451934897,0.6572764751224758
2023-12-01 01:42:41.724200,5.0309693813323975,0.24978030399046292,11.926131020123533,0.31222537998807864,1.1240113679570831,0.6069161826360268
2023-12-01 01:42:46.795561,5.069471120834351,0.24788326661363755,11.835554157397981,0.309854083267047,1.1154746997613691,0.6023067612178167
2023-12-01 01:42:51.702230,4.9050774574279785,0.25619107391116436,12.232222736694874,0.32023884238895545,1.1528598326002397,0.6224930713893472
2023-12-01 01:42:55.898529,4.1942222118377686,0.29961146500278074,14.305393698659088,0.37451433125347594,1.3482515925125134,0.7279959376637567
2023-12-01 01:43:01.338741,5.438079595565796,0.23108103501474633,11.033306693216469,0.288851293768433,1.0398646575663588,0.5614806988788308
2023-12-01 01:43:07.458465,6.117550611495972,0.2054150658066435,9.807846932602285,0.25676883225830444,0.924367796129896,0.4991175268969825
2023-12-01 01:43:11.533685,4.07309365272522,0.3085215240742447,14.73081768199837,0.38565190509280595,1.3883468583341014,0.7496455991955999
2023-12-01 01:43:14.895257,3.359428644180298,0.3740627334391671,17.860179915992838,0.46757841679895895,1.6832823004762523,0.9088976297104884
2023-12-01 01:43:18.390145,3.492685317993164,0.359791091101777,17.178759188782273,0.44973886387722123,1.6190599099579965,0.8742203931590977
2023-12-01 01:43:21.835539,3.4433376789093018,0.3649473791469574,17.424953807901108,0.45618422393369684,1.6422632061613087,0.8867491418512773
2023-12-01 01:43:25.019618,3.1819915771484375,0.39492155493449194,18.856115280408563,0.49365194366811493,1.7771469972052139,0.9595803941798285
2023-12-01 01:43:28.405162,3.383439302444458,0.37140818826808136,17.733434720301133,0.46426023533510186,1.6713368472063668,0.9024476158537844
2023-12-01 01:43:33.426293,5.018640995025635,0.25039389402060597,11.955427786022284,0.3129923675257575,1.126772523092727,0.6084070836912684
2023-12-01 01:43:57.728950,24.29575490951538,0.051722494983835965,2.4695672237169766,0.06465311872979496,0.23275122742726184,0.12567531831172463
2023-12-01 01:44:03.170788,5.43936014175415,0.23102663340667526,11.03070920776547,0.2887832917583441,1.039619850330039,0.5613485138515396
2023-12-01 01:44:07.331905,4.159015417098999,0.3021477285872742,14.426491364595918,0.37768466073409274,1.3596647786427338,0.7341585509213588
2023-12-01 01:44:13.331855,5.997911214828491,0.20951244798842034,10.003482520992216,0.26189055998552546,0.9428060159478917,0.5090733461222638
2023-12-01 01:44:17.727784,4.393844127655029,0.28599946309578755,13.655468481996806,0.35749932886973446,1.2869975839310441,0.6949214954301446
2023-12-01 01:44:21.639233,3.9093775749206543,0.3214417224617713,15.347711713729206,0.4018021530772141,1.4464877510779708,0.7810390972376119
2023-12-01 01:44:26.683477,5.042142868041992,0.24922678597639683,11.899702481714826,0.3115334824704961,1.121520536893786,0.6055712445654492
2023-12-01 01:44:34.374924,7.683969974517822,0.1635400796207266,7.8084636195842325,0.20442509952590826,0.7359303582932698,0.3973696854624415
2023-12-01 01:44:39.372271,4.995233058929443,0.2515672535417665,12.011451576367277,0.31445906692720815,1.1320526409379494,0.6112581126557843
2023-12-01 01:44:43.712502,4.338186025619507,0.28966878183986255,13.83066554676659,0.3620859772998282,1.3035095182793817,0.7038372061144981
2023-12-01 01:44:51.368970,7.654416561126709,0.16417150169456465,7.8386118028528315,0.20521437711820587,0.7387717576255411,0.3989039148174533
2023-12-01 01:46:26.074833,94.70349979400635,0.013269172355501988,0.633556311334941,0.016586465444377488,0.05971127559975896,0.032241434989398736
2023-12-01 01:46:41.640228,15.563279867172241,0.08074371675899451,3.8552284937417665,0.10092964594874315,0.36334672541547536,0.19619108298100488
2023-12-01 01:47:49.240729,67.59861063957214,0.018589687710242428,0.8875922068859219,0.023237109637803035,0.08365359469609093,0.04516922319834705
2023-12-01 01:48:24.191807,34.949517011642456,0.03595577761539033,1.7167619220606876,0.044944722019237916,0.1618009992692565,0.08736534844987544
2023-12-01 01:48:29.753325,5.559380531311035,0.2260390441629964,10.792569363092431,0.28254880520374553,1.017175698733484,0.5492296695072487
2023-12-01 01:48:35.603366,5.8474907875061035,0.2149019309480367,10.26081137711196,0.2686274136850459,0.9670586892661652,0.5221687118175397
2023-12-01 01:48:45.361040,9.755829334259033,0.12880884016933866,6.15016908806524,0.16101105021167333,0.579639780762024,0.31297971984345907
2023-12-01 01:48:56.960494,11.597898244857788,0.10835041271318947,5.1733511308053135,0.13543801589148688,0.4875768572093528,0.26326983281050786
2023-12-01 01:49:19.630963,22.66818070411682,0.05543616745598364,2.646882023006957,0.06929520931997955,0.2494627535519264,0.13469879968454906
2023-12-01 01:49:26.973570,7.340467929840088,0.17119304565414714,8.173865831644209,0.21399130706768396,0.7703687054436623,0.41596486233044677
2023-12-01 01:50:26.498983,59.523205280303955,0.021111716943303365,1.0080102326050948,0.026389646179129207,0.09500272624486515,0.05129724982883852
2023-12-01 01:55:40.030381,313.52919149398804,0.00400803847146722,0.1913697404509478,0.005010048089334026,0.018036173121602495,0.009738731877971052
2023-12-01 01:55:43.841631,3.8090896606445312,0.3299048259271701,15.751795138854115,0.41238103240896257,1.4845717166722652,0.8016027460378378
2023-12-01 01:55:52.333156,8.489324569702148,0.14802556447432505,7.067700087017067,0.18503195559290636,0.6661150401344629,0.3596725165597151
2023-12-01 01:56:09.063421,16.727906703948975,0.07512219452654298,3.586820578443072,0.09390274315817874,0.3380498753694435,0.18253190826059418
2023-12-01 01:56:17.244157,8.1785569190979,0.1536502189648544,7.336257556622598,0.192062773706068,0.6914259853418449,0.37333930204080323
2023-12-01 01:56:38.006535,20.760102033615112,0.06053135285178989,2.890159205520617,0.07566419106473737,0.27239108783305455,0.1470790811592791
2023-12-01 01:56:48.230681,10.222249746322632,0.12293155544238019,5.869549413189058,0.15366444430297524,0.5531919994907109,0.2986990934138954
2023-12-01 01:56:59.278651,11.046383380889893,0.11376004417969812,5.431642007265406,0.14220005522462267,0.5119201988086416,0.27641415534783054
2023-12-01 01:57:48.143033,48.8625328540802,0.025717804379659447,1.2279347077479588,0.03214725547457431,0.11573011970846751,0.062489121081696526
2023-12-01 01:59:52.692963,124.54837965965271,0.01008954965829237,0.48174051050651223,0.012611937072865464,0.04540297346231567,0.024515587759718804
2023-12-01 02:00:03.097456,10.402435302734375,0.1208021991836468,5.767880140934734,0.15100274897955854,0.5436098963264108,0.2935251835764251
2023-12-01 02:00:10.518561,7.419401407241821,0.1693717582404097,8.086905763237999,0.21171469780051216,0.7621729120818438,0.4115394981725476
2023-12-01 02:00:20.168149,9.647505044937134,0.13025513390069504,6.219224527017698,0.16281891737586882,0.5861481025531278,0.3164939243519088
2023-12-01 02:00:37.776349,17.606125831604004,0.07137499035592383,3.407904758484491,0.08921873794490481,0.3211874566016573,0.17342695156682378
2023-12-01 02:01:07.080974,29.30250310897827,0.042884973231207824,2.047606642233101,0.05360621653900979,0.19298237954043526,0.1042019079571888
2023-12-01 02:01:17.291101,10.20782995223999,0.1231052111286555,5.877840861449077,0.15388151391081936,0.5539734500789497,0.2991210420004071
2023-12-01 02:01:30.205938,12.91250729560852,0.09731936893954696,4.646657587593829,0.1216492111744337,0.4379371602279613,0.23646660264931119
2023-12-01 02:05:38.618323,248.41008019447327,0.005058720082744354,0.2415360920661017,0.006323400103430442,0.02276424037234959,0.012291678057052231
2023-12-01 02:06:40.928371,62.307900190353394,0.020168181845268984,0.9629597501552346,0.025210227306586234,0.09075681830371045,0.049004648247634584
2023-12-01 02:06:51.028990,10.098474502563477,0.12443830611414848,5.941491458414746,0.15554788264268563,0.5599723775136682,0.302360196196158
2023-12-01 02:07:02.364602,11.333345413208008,0.11087962253152704,5.294112004216807,0.1385995281644088,0.49895830139187164,0.2694153068271044
2023-12-01 02:07:23.557126,21.190284252166748,0.05930251083382347,2.831486321089104,0.07412813854227934,0.26686129875220566,0.14409324082402428
2023-12-01 02:07:43.641110,20.081711053848267,0.06257619473093191,2.9877932133926492,0.07822024341366492,0.2815928762891937,0.1520476379572184
2023-12-01 02:08:47.878108,64.23490977287292,0.019563148230132773,0.9340715229795283,0.024453935287665967,0.08803416703559748,0.04753453756957662
2023-12-01 02:08:57.662471,9.782720565795898,0.12845476398759637,6.133263195698624,0.16056845498449546,0.5780464379441836,0.31211938553706164
2023-12-01 02:09:06.110561,8.445882320404053,0.14878694892540242,7.104053516711749,0.18598368615675306,0.6695412701643111,0.3615225284989429
2023-12-01 02:09:13.863885,7.751194715499878,0.16212172543195827,7.740742195524961,0.20265215678994788,0.7295477644438124,0.3939233684545723
2023-12-01 02:09:23.606416,9.740309715270996,0.1290140763661492,6.159968394632375,0.16126759545768654,0.5805633436476716,0.3134784027544694
2023-12-01 02:09:57.170442,33.56164622306824,0.037442652636394846,1.7877549748665083,0.04680331579549357,0.16849193686377686,0.09097815737591222
2023-12-01 02:10:09.080415,11.907822847366333,0.10553037927616207,5.038704452449112,0.1319129740952026,0.4748867067427294,0.25641771556521864
2023-12-01 02:10:17.357504,8.27497386932373,0.15185994315878312,7.250778183412376,0.1898249289484789,0.6833697442145241,0.36898928988721125
2023-12-01 02:10:25.103807,7.744006872177124,0.16227220380586135,7.747927008635492,0.2028402547573267,0.7302249171263762,0.3942890008074819
2023-12-01 02:10:36.899359,11.793425798416138,0.10655403128111292,5.087580235427269,0.13319253910139117,0.4794931407650082,0.25890498520684824
2023-12-01 02:11:42.816426,65.91494345664978,0.019064524606053384,0.9102639986251394,0.02383065575756673,0.08579036072724024,0.046322981887788515
2023-12-01 02:11:53.575470,10.756706237792969,0.11682359206025418,5.577915643842165,0.14602949007531774,0.5257061642711439,0.2838579639880056
2023-12-01 02:12:54.349602,60.77204775810242,0.020677879186132515,0.9872960055390023,0.02584734898266565,0.09305045633759634,0.050243110846464795
2023-12-01 02:13:00.850400,6.498491048812866,0.19337366967143513,9.232912617608468,0.24171708708929393,0.8701815135214581,0.4698593425676531
2023-12-01 02:13:07.913858,7.061398029327393,0.17795867846803895,8.496901003286892,0.2224483480850487,0.8008140531061754,0.4324039969416411
2023-12-01 02:13:17.601138,9.685103416442871,0.1297494727110981,6.195080983661474,0.16218684088887267,0.5838726271999416,0.31526526879342626
2023-12-01 02:13:29.871364,12.267984390258789,0.1024322351138408,4.890778965095693,0.128040293892301,0.46094505801228364,0.2488898448796104
2023-12-01 02:13:36.490296,6.616738319396973,0.18991790226191732,9.067911877988278,0.23739737782739667,0.854630560178628,0.46146251891600676
2023-12-01 02:13:42.540703,6.045744895935059,0.20785479425055378,9.92433538509735,0.25981849281319225,0.9353465741274921,0.5050455790699956
2023-12-01 02:13:54.378936,11.836009502410889,0.10617067020603113,5.0692760924007825,0.13271333775753896,0.4777680159271403,0.25797349446661455
2023-12-01 02:14:28.511433,34.1304235458374,0.03681867761612289,1.7579623622138638,0.046023347020153614,0.165684049272553,0.0894620228716554
2023-12-01 02:14:47.948252,19.434919595718384,0.06465872190758952,3.0872265616791292,0.08082340238448692,0.29096424858415293,0.15710776249106104
2023-12-01 02:14:55.548499,7.59869384765625,0.16537540354037503,7.896093881780284,0.2067192544254688,0.7441893159316877,0.4018291555224033
2023-12-01 02:15:00.753881,5.2031097412109375,0.2415165399035877,11.53156534923209,0.30189567487948465,1.086824429566145,0.5868368886577374
2023-12-01 02:15:08.452576,7.691572904586792,0.1633784242864726,7.800745145927123,0.20422303035809078,0.7352029092891268,0.3969768953312712
2023-12-01 02:15:17.986674,9.53184962272644,0.1318355944726366,6.294685960733601,0.16479449309079577,0.5932601751268648,0.3203341274496125
2023-12-01 02:15:33.282038,15.293220043182373,0.08216955342875083,3.923307179951788,0.10271194178593857,0.3697629904293788,0.19965558092117883
2023-12-01 02:15:54.578812,21.294692516326904,0.05901174954615748,2.8176034922315623,0.07376468693269686,0.2655528729577087,0.14338674904725346
2023-12-01 02:16:09.946328,15.365332841873169,0.08178391411160099,3.9048942588792936,0.10222989263950126,0.36802761350220453,0.19871855450836814
2023-12-01 02:16:18.935321,8.986900329589844,0.13982986517591317,6.676384270385957,0.17478733146989148,0.6292343932916094,0.33975860640443384
2023-12-01 02:16:38.850548,19.912961721420288,0.06310648707189338,3.013112807596986,0.07888310883986674,0.28397919182352027,0.15333614228728656
2023-12-01 02:23:55.029821,436.1771171092987,0.0028810247308801965,0.13755879812687422,0.003601280913600246,0.012964611288960886,0.007000313891092702
2023-12-01 02:24:16.757588,21.72554874420166,0.05784144171600276,2.76172540939908,0.07230180214500347,0.26028648772201246,0.14054313508154354
2023-12-01 02:27:36.932273,200.1724898815155,0.00627777104725897,0.2997414881311349,0.007847213809073713,0.028249969712665367,0.015253728090629847
2023-12-01 02:27:52.908773,15.974371671676636,0.0786658209326629,3.756016276144558,0.09833227616582864,0.3539961941969831,0.19114221170218434
2023-12-01 02:28:00.985050,8.074080467224121,0.15563841189558403,7.431186776446393,0.19454801486948006,0.7003728535301282,0.3781702132238901
2023-12-01 02:28:08.227221,7.239893198013306,0.17357121535725836,8.287415070772669,0.21696401919657296,0.7810704691076626,0.4217433390750664
2023-12-01 02:28:16.192038,7.962704658508301,0.15781535487357007,7.535128147179095,0.19726919359196263,0.7101690969310654,0.38345974927180065
2023-12-01 02:28:22.889909,6.69577431678772,0.18767613751336612,8.960875495693953,0.23459517189170767,0.8445426188101476,0.45601547892997707
2023-12-01 02:28:42.658938,19.766836881637573,0.06357299698280365,3.0353870150938045,0.07946624622850457,0.28607848642261646,0.15446966806881632
2023-12-01 02:29:46.348477,63.687557220458984,0.019731280587289273,0.9420992517000731,0.024664100734111596,0.08879076264280175,0.04794306557099549
2023-12-01 02:29:58.468581,12.11854887008667,0.10369534132405824,4.951087844197545,0.1296191766550728,0.4666290359582621,0.25195894034919675
2023-12-01 02:30:14.365705,15.894897937774658,0.07905914629684316,3.7747961789303703,0.09882393287105397,0.3557661583357943,0.19209791367206955
2023-12-01 02:30:26.976301,12.608421087265015,0.09966648898688579,4.758724314863047,0.12458311123360727,0.4484992004409862,0.24216963494033517
2023-12-01 02:32:36.348303,129.3698320388794,0.009713524719258052,0.46378664217457016,0.012141905899072566,0.043710861236661236,0.023601922362853217
2023-12-01 02:33:20.746182,44.395699977874756,0.028305377819522626,1.3514822388182162,0.03538172227440329,0.12737420018785184,0.06877640702587609
2023-12-01 02:33:29.843736,9.095401525497437,0.13816180164373673,6.596740103424795,0.17270225205467093,0.6217281073968154,0.33570554563395155
2023-12-01 02:33:49.305440,19.459835052490234,0.06457593592372758,3.083273822114023,0.08071991990465949,0.29059171165677417,0.1569066091074733
2023-12-01 02:33:59.623880,10.31681227684021,0.12180478113931476,5.815749903164522,0.15225597642414349,0.5481215151269165,0.2959612572123071
2023-12-01 02:34:32.708911,33.08290338516235,0.03798448542456276,1.813625584836364,0.04748060678070345,0.17093018441053243,0.09229470268460259
2023-12-01 02:34:56.333685,23.622464418411255,0.053196696126950216,2.5399551434284833,0.06649587015868777,0.23938513257127597,0.12925733224926364
2023-12-01 02:35:04.987486,8.65156602859497,0.1452496643130859,6.935160617359826,0.1815620803913574,0.6536234894088867,0.35292763434793617
2023-12-01 02:35:13.471960,8.482356548309326,0.14814716338307965,7.0735060072379286,0.18518395422884956,0.6666622352238585,0.3599679775882069
2023-12-01 02:35:18.695537,5.2214484214782715,0.24066828971570003,11.491064386117806,0.3008353621446251,1.0830073037206502,0.5847758103512081
2023-12-01 02:35:24.272318,5.574617385864258,0.22542122166490092,10.763070511734849,0.28177652708112616,1.0143954974920542,0.5477284844013762
2023-12-01 02:35:43.697060,19.422656059265137,0.06469954766235317,3.0891758478819566,0.08087443457794148,0.2911479644805893,0.15720696090998576
2023-12-01 02:35:52.717244,9.017916917800903,0.13934892868167598,6.653421244274616,0.17418616085209498,0.6270701790675419,0.3385900269107363
2023-12-01 02:35:59.158534,6.438918828964233,0.19516274312749182,9.318334582834245,0.24395342890936483,0.8782323440737134,0.4742064332511797
2023-12-01 02:36:07.062165,7.901467561721802,0.1590384383179173,7.593526079973611,0.19879804789739663,0.7156729724306279,0.3864315974248755
2023-12-01 02:37:05.752387,58.68807005882263,0.021412138108757004,1.0223542866525075,0.026765172635946265,0.09635462148940656,0.05202721317665779
2023-12-01 02:37:42.379650,36.62513566017151,0.0343107824390249,1.638219187956423,0.04288847804878113,0.15439852097561207,0.08336833917034271
2023-12-01 02:37:52.608753,10.226958274841309,0.12287495731035594,5.866847051444631,0.15359369663794495,0.5529373078966018,0.2985615712727029
2023-12-01 02:37:56.460671,3.8496508598327637,0.32642883918322607,15.58582899712794,0.4080360489790327,1.4689297763245177,0.7931567934474029
2023-12-01 02:38:04.961925,8.498942136764526,0.14785805588674217,7.0597021410998195,0.18482256985842774,0.6653612514903399,0.3592655041936062
2023-12-01 02:41:31.835838,206.87169218063354,0.006074475672286101,0.2900348489807391,0.007593094590357626,0.027335140525287457,0.014759760988520769
2023-12-01 02:41:48.133609,16.2957820892334,0.07711425291248683,3.6819343601582597,0.09639281614060854,0.34701413810619075,0.18737221172676052
2023-12-01 02:42:34.586368,46.45106887817383,0.02705292024025692,1.2916817943923022,0.03381615030032116,0.12173814108115617,0.06573318559977628
2023-12-01 02:43:00.931520,26.342918634414673,0.04770303089325239,2.277651950137953,0.059628788616565495,0.21466363901963578,0.11590882446442467
2023-12-01 02:43:12.769839,11.836119890213013,0.10616968002115275,5.069228814555391,0.13271210002644096,0.47776356009518745,0.257971088515397
2023-12-01 02:43:27.226719,14.454657554626465,0.08693648097071029,4.150911204450911,0.10867060121338787,0.39121416436819634,0.2112382614626319
2023-12-01 02:43:57.828832,30.59999179840088,0.04106658164207703,1.960784839267033,0.05133322705259629,0.18479961738934664,0.09978358007391877
2023-12-01 02:44:04.149719,6.318621397018433,0.19887836008482584,9.495742224452979,0.24859795010603236,0.8949526203817165,0.48323463933410993
2023-12-01 02:44:13.452892,9.301017999649048,0.13510747549175084,6.450906771953775,0.16888434436468858,0.6079836397128789,0.3282841439498562
2023-12-01 02:44:26.265516,12.810310363769531,0.09809575457203382,4.683727270940572,0.12261969321504229,0.44143089557415227,0.23835306445912782
2023-12-01 02:44:32.017917,5.750126361846924,0.21854077325568358,10.434553299230137,0.2731759665696045,0.9834334796505763,0.53101037085666
2023-12-01 02:45:25.652080,53.62691640853882,0.023432953926767783,1.1188411346069196,0.029291192408459732,0.10544829267045504,0.056937391451260366
2023-12-01 02:46:08.484674,42.83045959472656,0.029339798669604723,1.400872196276582,0.03667474833700591,0.13202909401322127,0.07128984280740557
2023-12-01 02:46:12.058260,3.5712130069732666,0.3518796159686266,16.801014076405426,0.43984951996078325,1.5834582718588197,0.854997090880569
2023-12-01 02:46:16.178857,4.118427515029907,0.30512545306428485,14.568667235500511,0.3814068163303561,1.3730645387892821,0.7413938258555994
2023-12-01 02:46:41.189094,25.008153438568115,0.05024909434128409,2.399217525091905,0.06281136792660512,0.22612092453577842,0.1220952494304521
2023-12-01 02:46:48.669490,7.478351354598999,0.16803664361973536,8.023158735795624,0.2100458045246692,0.7561648962888091,0.408295436667233
2023-12-01 02:46:54.040299,5.3691465854644775,0.23404782146159406,11.174960311650624,0.2925597768269926,1.0532151965771732,0.5686893965873813
2023-12-01 02:47:00.482096,6.435186147689819,0.19527594580726154,9.323739612651224,0.2440949322590769,0.8787417561326769,0.47448149312248405
2023-12-01 02:47:27.226027,26.741729497909546,0.04699161516588338,2.2436843512567246,0.058739518957354235,0.21146226824647524,0.11418022653006346
2023-12-01 02:47:35.735938,8.507758855819702,0.14770482834928017,7.052386065098356,0.18463103543660023,0.6646717275717609,0.358893191923081
2023-12-01 02:48:14.259573,38.52153158187866,0.03262167961221629,1.557570468673298,0.04077709951527037,0.14679755825497334,0.07926415712176316
2023-12-01 02:48:26.621535,12.359856605529785,0.10167084469844896,4.8544252506259715,0.12708855587306123,0.4575188011430204,0.24703981844829134
2023-12-01 02:48:44.019036,17.39527916908264,0.07224012039251379,3.44921167500666,0.09030015049064224,0.32508054176631207,0.17552904452973003
2023-12-01 02:48:56.725653,12.704517841339111,0.09891261338127746,4.722729406130358,0.12364076672659685,0.4451067602157487,0.24033786799382803
2023-12-01 02:49:00.938919,4.211085081100464,0.2984117008406598,14.248109179575273,0.37301462605082486,1.3428526537829695,0.7250807507026354
2023-12-01 02:49:06.578548,5.6375205516815186,0.22290598320942648,10.642976721761775,0.2786324790117831,1.0030769244424194,0.5416169580022645
2023-12-01 02:49:13.761434,7.180722713470459,0.17500147430544377,8.355704905224208,0.21875184288180477,0.7875066343744972,0.42521858226736736
2023-12-01 02:49:30.564063,16.800406217575073,0.0747980164980378,3.5713422177395566,0.09349752062254726,0.3365910742411702,0.18174422048693228
2023-12-01 02:50:19.331119,48.7649872303009,0.025769248241596703,1.2303909712236742,0.03221156030199588,0.11596161708718516,0.06261411937743167
2023-12-01 02:50:58.112225,38.778972148895264,0.03240511524160437,1.547230281649156,0.04050639405200547,0.1458230185872197,0.07873794901405032
2023-12-01 02:51:06.710971,8.59661078453064,0.14617819660943593,6.9794947687952,0.18272274576179495,0.6578018847424618,0.3551837821216075
2023-12-01 02:51:23.461145,16.74799680709839,0.07503208150262546,3.5825179984850424,0.09379010187828182,0.3376443667618146,0.18231295163507935
2023-12-01 02:52:01.203472,37.73995590209961,0.03329725834062265,1.5898269768953806,0.04162157292577832,0.14983766253280195,0.08090567831604492
2023-12-01 02:52:11.977581,10.771995306015015,0.1166577802660403,5.569998713840543,0.1458222253325504,0.5249600111971815,0.2834550744904248
2023-12-01 02:52:33.406239,21.42638325691223,0.05864905179601515,2.800285950296524,0.07331131474501894,0.2639207330820682,0.1425054660539576
2023-12-01 02:52:49.373711,15.96555781364441,0.07870924875308621,3.7580898018309816,0.0983865609413578,0.35419161938888805,0.19124773262024894
2023-12-01 02:53:04.092061,14.716736793518066,0.08538829490987422,4.076990765128502,0.10673536863734279,0.38424732709443404,0.2074764789720124
2023-12-01 02:53:09.139411,5.045114755630493,0.24907997583870103,11.89269281398174,0.3113499697983763,1.1208598912741548,0.6052145252928758
2023-12-01 02:53:14.756557,5.614960432052612,0.22380158803301475,10.68573870218108,0.27975198504126847,1.0071071461485666,0.5437930986026193
2023-12-01 02:53:30.080697,15.316641092300415,0.0820439059623602,3.917307955342875,0.10255488245295026,0.36919757683062093,0.19935028270734284
2023-12-01 02:54:29.258464,59.175397634506226,0.021235802574533946,1.0139348850782024,0.026544753218167433,0.09556111158540276,0.051598753095602586
2023-12-01 02:55:13.162679,43.90208196640015,0.028623632528354054,1.3666777818400542,0.035779540660442574,0.12880634637759328,0.0695497023173947
2023-12-01 02:55:20.530573,7.365695238113403,0.1706067140727619,8.145870560803704,0.21325839259095242,0.7677302133274287,0.41454019385399693
2023-12-01 02:55:26.169924,5.63723611831665,0.22291723019243775,10.64351372564411,0.27864653774054726,1.0031275358659701,0.5416442859215854
2023-12-01 02:55:39.259582,13.082631349563599,0.09605384634474436,4.586233334626634,0.12006730793093046,0.43224230855134965,0.23339163584845987
2023-12-01 02:55:47.468666,8.207192420959473,0.15311412197753838,7.310660810970193,0.191392652471923,0.6890135488989229,0.3720366935810228
2023-12-01 02:55:58.902537,11.43224310874939,0.10992042851802028,5.24831386362668,0.13740053564752536,0.4946419283310913,0.2670846572130857
2023-12-01 02:56:07.867931,8.96325945854187,0.1401986707233336,6.693993438159461,0.17524833840416704,0.6308940182550014,0.34065473012355607
2023-12-01 02:56:23.346789,15.476756811141968,0.081195115796563,3.876781210182551,0.10149389474570376,0.36537802108453354,0.1972878923624888
2023-12-01 02:56:29.501311,6.152399063110352,0.2042515526944091,9.752293273652983,0.2553144408680114,0.9191319871248411,0.4962904227368753
2023-12-01 02:56:37.393309,7.889743089675903,0.1592747757630138,7.604810361761056,0.1990934697037673,0.7167364909335623,0.387005850148971
2023-12-01 02:56:41.614571,4.2189249992370605,0.29785717017087626,14.22163229041764,0.37232146271359534,1.3403572657689433,0.7237333520811952
2023-12-01 02:56:45.935727,4.319291114807129,0.2909359494496657,13.891168343414428,0.36366993681208226,1.3092117725234962,0.7069161699727979
2023-12-01 02:56:55.785751,9.848492622375488,0.12759689321194945,6.0923028833551385,0.15949611651493684,0.5741860194537727,0.3100349311263948
2023-12-01 02:57:07.630336,11.842281579971313,0.10611443858599429,5.066591230314703,0.1326430482324929,0.4775149736369744,0.257836862876249
2023-12-01 02:57:15.832330,8.199865579605103,0.15325093432768636,7.317193119510813,0.19156366790960797,0.6896292044745886,0.3723691202294124
2023-12-01 02:57:23.043923,7.209466457366943,0.17430375310947335,8.322391172052603,0.21787969138684177,0.7843668889926304,0.4235232593053985
2023-12-01 02:57:35.842786,12.79675841331482,0.09819963938120509,4.688687405208102,0.12274954922650637,0.4418983772154229,0.23860548376845214
2023-12-01 02:57:49.029542,13.184858560562134,0.09530910442943279,4.550674527481766,0.119136380536791,0.42889096993244763,0.2315820619426358
2023-12-01 02:57:54.115421,5.08421516418457,0.24716441394695823,11.80123147082094,0.3089555174336978,1.1122398627613121,0.6005600930083191
2023-12-01 02:58:00.206063,6.083633184432983,0.20656029437334336,9.862527568810384,0.2582003679666792,0.9295213246800452,0.5019002032683497
2023-12-01 02:58:28.656356,28.44805884361267,0.044173033680224724,2.1091069984717628,0.055216292100280916,0.1987786515610113,0.10733163723621006
2023-12-01 02:58:46.753789,18.09544348716736,0.06944494410026918,3.3157518378894584,0.08680618012533649,0.3125022484512114,0.16873732517483409
2023-12-01 02:58:51.722605,4.967151880264282,0.25298945788809996,12.079356831909001,0.31623682236012496,1.13845256049645,0.6147137847765053
2023-12-01 02:58:55.663515,3.9388716220855713,0.31903478508663546,15.232788919439557,0.39879348135829434,1.4356565328898596,0.7751907208035069
2023-12-01 02:58:59.013221,3.347557306289673,0.3753892604242627,17.923516914039663,0.46923657553032844,1.6892516719091824,0.9121208249788736
2023-12-01 02:59:02.902777,3.8873355388641357,0.3232643667809293,15.434736569596913,0.4040804584761616,1.4546896505141818,0.7854677584043019
2023-12-01 02:59:06.701261,3.796396255493164,0.3310078761187368,15.804461905994007,0.41375984514842096,1.4895354425343155,0.8042829373933066
2023-12-01 02:59:09.732409,3.028820037841797,0.41489327386097896,19.809694617166276,0.5186165923262237,1.8670197323744053,1.0081076768274067
2023-12-01 02:59:12.551802,2.8172993659973145,0.44604314209649915,21.296991269069554,0.5575539276206241,2.0071941394342465,1.0837956266660738
2023-12-01 02:59:16.160426,3.6065292358398438,0.3484339039728558,16.636493447426037,0.4355423799660698,1.5679525678778514,0.8466246998732452
2023-12-01 02:59:20.999932,4.837419748306274,0.25977424470471133,12.403306539815528,0.3247178058808892,1.1689841011712012,0.6311994597835077
2023-12-01 02:59:47.519116,26.517305850982666,0.04738931882815499,2.2626733023776073,0.059236648535193746,0.21325193472669748,0.115146566888651
2023-12-01 03:00:00.068958,12.548288106918335,0.10014410338116854,4.781528722385628,0.12518012922646068,0.4506484652152585,0.24333014239556333
2023-12-01 03:00:05.646928,5.575888395309448,0.22536983747612777,10.760617097442845,0.28171229684515975,1.0141642686425751,0.5476036310994953
2023-12-01 03:00:10.983350,5.334896087646484,0.235550428872606,11.246704530747344,0.2944380360907575,1.0599769299267272,0.5723404320746581
2023-12-01 03:00:17.478064,6.487446546554565,0.19370287715176748,9.248631116947784,0.24212859643970935,0.8716629471829537,0.47065925090336463
2023-12-01 03:00:23.914793,6.43459939956665,0.19529375232287927,9.324589811145167,0.24411719040359914,0.8788218854529569,0.47452475939413213
2023-12-01 03:00:31.543984,7.6270058155059814,0.16476151871827974,7.866783040602619,0.20595189839784972,0.741426834232259,0.4003375381816762
2023-12-01 03:00:36.708830,5.1627357006073,0.24340526695722525,11.621745423253435,0.30425658369653164,1.0953237013075139,0.5914261176526661
2023-12-01 03:00:47.384317,10.667543411254883,0.1178000419581224,5.624537692220356,0.14725005244765302,0.5301001888115509,0.2862305419498458
2023-12-01 03:01:02.311290,14.925410985946655,0.08419446959411243,4.019989805070983,0.10524308699264055,0.378875113173506,0.2045757222197744
2023-12-01 03:01:12.297552,9.984152555465698,0.12586316709954387,6.009523559128086,0.15732895887442988,0.5663842519479476,0.30582232341847176
2023-12-01 03:01:19.118176,6.818356275558472,0.18430205325886845,8.799774839440401,0.2303775665735856,0.8293592396649082,0.44781712900839865
2023-12-01 03:01:23.791496,4.671213150024414,0.2690172811808747,12.844629023123556,0.3362716014760934,1.2105777653139362,0.6536581898132894
2023-12-01 03:01:27.860848,4.0672430992126465,0.3089653189599565,14.75200732693235,0.3862066486999457,1.3903439353198046,0.7507239320089024
2023-12-01 03:01:31.147212,3.283956289291382,0.3826594968799285,18.2706451348495,0.4783243710999107,1.7219677359596786,0.9297860455188505
2023-12-01 03:01:34.322675,3.1733405590057373,0.39599817229501627,18.907519972832365,0.4949977153687704,1.7819917753275736,0.9621963590424307
2023-12-01 03:01:37.614063,3.289168357849121,0.3820531285475661,18.24169317962054,0.47756641068445776,1.7192390784640479,0.9283126917448764
2023-12-01 03:01:43.135501,5.519337892532349,0.22767895097275062,10.870869145587166,0.2845986887159383,1.024555279377378,0.5532143150735895
2023-12-01 03:01:49.622115,6.484596252441406,0.19378801894764106,9.252696338250884,0.24223502368455133,0.8720460852643848,0.47086612843897824
2023-12-01 03:01:53.920604,4.296951055526733,0.2924485397197234,13.963389208920141,0.36556067464965425,1.3160184287387553,0.7105914618109839
2023-12-01 03:01:59.327455,5.404623985290527,0.232511468856305,11.101604878211464,0.2906393360703812,1.0463016098533724,0.5649563670270499
2023-12-01 03:02:07.415693,8.08613634109497,0.15540636571380786,7.42010738738981,0.19425795714225985,0.6993286457121355,0.3776063874114104
2023-12-01 03:02:12.415788,4.99796462059021,0.2514297632798211,12.004886899922592,0.3142872040997764,1.131433934759195,0.6109240388173094
2023-12-01 03:02:18.994517,6.576614856719971,0.19107657796805422,9.123234567809932,0.23884572246006783,0.8598446008562441,0.46427786914677827
2023-12-01 03:02:26.585853,7.589182376861572,0.16558266741187297,7.9059900026822625,0.20697833426484122,0.7451220033534284,0.40233276527736894
2023-12-01 03:02:30.685369,4.097273349761963,0.30670081153089856,14.643885061631485,0.3833760144136233,1.3801536518890438,0.7452216318577775
2023-12-01 03:02:34.511231,3.8236215114593506,0.3286510073420683,15.691929711186287,0.4108137591775854,1.4789295330393075,0.7985562176397576
2023-12-01 03:02:37.861727,3.348432779312134,0.3752911120688728,17.91883067526467,0.46911389008609106,1.688810004309928,0.9118823441049473
2023-12-01 03:02:41.408471,3.54455828666687,0.3545257151399808,16.927356005315144,0.44315714392497607,1.595365718129914,0.8614265826471255
2023-12-01 03:02:44.695616,3.2850544452667236,0.3825315782046002,18.26453746800182,0.4781644727557504,1.7213921019207015,0.9294752287215379
2023-12-01 03:02:50.473468,5.775652647018433,0.21757490248043768,10.388436366749621,0.2719686281005471,0.9790870611619696,0.5286634980469676
2023-12-01 03:03:13.472785,22.99698781967163,0.05464355033318708,2.609037343085253,0.06830443791648387,0.24589597649934195,0.132772898599578
2023-12-01 03:03:19.444470,5.969411849975586,0.21051270929497967,10.051241480388958,0.2631408866187246,0.9473071918274085,0.5115037810449417
2023-12-01 03:03:25.851452,6.404877424240112,0.19620001729931735,9.36786077637052,0.2452500216241467,0.8829000778469281,0.4767268020338813
2023-12-01 03:03:30.396105,4.5425965785980225,0.27663408794794453,13.208304757390044,0.34579260993493066,1.2448533957657504,0.6721655068959156
2023-12-01 03:03:40.896114,10.498086929321289,0.11970152942114759,5.715327030910674,0.14962691177643453,0.5386568823951643,0.2908507761875045
2023-12-01 03:03:49.340334,8.442095041275024,0.14885369748764699,7.107240525799399,0.18606712185955876,0.6698416386944116,0.3616847141554847
2023-12-01 03:04:13.257113,23.91523766517639,0.05254545570608063,2.508860703791691,0.06568181963260081,0.2364545506773629,0.12767494827463474
2023-12-01 03:04:23.195927,9.936546802520752,0.12646617445782346,6.03831503966538,0.15808271807227933,0.5690977850602056,0.30728751069761945
2023-12-01 03:04:31.027725,7.829593181610107,0.16049838507413966,7.663233402844741,0.20062298134267462,0.7222427328336286,0.38997897605314463
2023-12-01 03:04:38.761406,7.7315673828125,0.16253328713521378,7.76039281936309,0.20316660891901722,0.7313997921084621,0.39492338108114244
2023-12-01 03:05:12.743799,33.97999954223633,0.03698166799190057,1.7657445794082909,0.046227084989875725,0.16641750596355262,0.08985805688672002
2023-12-01 03:05:26.785716,14.039829015731812,0.0895051542314254,4.273556318440147,0.11188144278928176,0.4027731940414144,0.21747962375151747
2023-12-01 03:05:42.998158,16.21018886566162,0.07752143246756844,3.701375751833419,0.09690179058446056,0.348846446104058,0.18836157660969782
2023-12-01 03:05:54.299819,11.299581050872803,0.11121094275781597,5.309931379744869,0.13901367844726997,0.500449242410172,0.27022034871294126
2023-12-01 03:06:02.370574,8.068580389022827,0.15574450533399303,7.436252364992115,0.1946806316674913,0.7008502740029687,0.3784279990605363
2023-12-01 03:06:12.389704,10.017023801803589,0.12545014230770388,5.989803077955835,0.15681267788462985,0.5645256403846675,0.3048187557792589
2023-12-01 03:06:25.273520,12.881531238555908,0.09755339160880638,4.657831346976288,0.12194173951100801,0.43899026223962884,0.2370352309310778
2023-12-01 03:06:29.407787,4.132065057754517,0.30411841146538243,14.520584540991166,0.3801480143317281,1.3685328515942212,0.7389469161785864
2023-12-01 03:06:34.595708,5.185877799987793,0.24231906533526015,11.56988311605438,0.3028988316690752,1.0904357940086709,0.5887868649516151
2023-12-01 03:06:40.560853,5.963080167770386,0.21073623464394542,10.06191402964723,0.2634202933049318,0.9483130558977544,0.5120469029378586
2023-12-01 03:06:46.682253,6.1192474365234375,0.20535810562840348,9.805127284424396,0.25669763203550433,0.9241114753278156,0.49897912505589476
2023-12-01 03:07:06.196811,19.51298999786377,0.0644000259095859,3.074874737627019,0.08050003238698239,0.2898001165931366,0.15647918295511185
2023-12-01 03:07:14.643867,8.444775342941284,0.1488064525584212,7.104984746592705,0.18600806569802653,0.6696290365128955,0.36156991842645186
2023-12-01 03:07:22.665768,8.019776582717896,0.15669227795496068,7.4815051742583645,0.19586534744370088,0.7051152507973232,0.38073089697496354
2023-12-01 03:07:28.131368,5.463366508483887,0.23001148824347148,10.982239596561557,0.2875143603043394,1.0350516970956218,0.5588819141339871
2023-12-01 03:07:32.563880,4.430405378341675,0.28363929575814195,13.542778792503707,0.3545491196976775,1.276376830911639,0.6891867608331335
2023-12-01 03:07:38.129394,5.563442945480347,0.22587399093519767,10.784688651969201,0.28234248866899714,1.0164329592083898,0.5488286231743434
2023-12-01 03:07:43.201706,5.069971799850464,0.24785878719739252,11.83438535136816,0.30982348399674065,1.1153645423882663,0.6022472811322244
2023-12-01 03:08:01.258708,18.04906392097473,0.0696233924893792,3.324272120853552,0.08702924061172401,0.31330526620220644,0.1691709190706936
2023-12-01 03:08:09.604961,8.344102382659912,0.150601826752194,7.190707549884276,0.18825228344024253,0.6777082203848731,0.36593231864248105
2023-12-01 03:08:14.989373,5.382109642028809,0.23348410660809626,11.148044910022076,0.2918551332601204,1.0506784797364335,0.5673196822363524
2023-12-01 03:08:28.718034,13.72621774673462,0.0915501330827178,4.371196866250619,0.11443766635339726,0.4119755988722302,0.22244851336438773
2023-12-01 03:08:38.817071,10.096745729446411,0.12445961254337905,5.94250876547425,0.1555745156792238,0.5600682564452057,0.3024119665579024
2023-12-01 03:08:57.287432,18.468101263046265,0.06804365232447497,3.2488450840399583,0.08505456540559374,0.3061964354601375,0.16533246641800933
2023-12-01 03:09:13.687081,16.39743947982788,0.07663617621408704,3.6591078792400458,0.09579522026760881,0.34486279296339173,0.18621058096498871
2023-12-01 03:09:17.671474,3.982245683670044,0.31555990294345637,15.066875518514946,0.3944498786793205,1.420019563245554,0.7667474521720105
2023-12-01 03:09:23.800438,6.126850843429565,0.2051032567217684,9.792959145454635,0.2563790709022105,0.9229646552479579,0.4983598931825529
2023-12-01 03:09:46.819657,23.01708698272705,0.05459583405923383,2.6067590588255767,0.0682447925740423,0.24568125326655227,0.1326569575971264
2023-12-01 03:09:58.814712,11.993489742279053,0.10477659867470115,5.002714079830326,0.13097074834337646,0.4714946940361553,0.2545861794597889
2023-12-01 03:10:03.574838,4.757983207702637,0.26411128551306445,12.610384984727729,0.3301391068913306,1.18850078480879,0.641737601539644
2023-12-01 03:10:32.386456,28.809437036514282,0.04361893846947453,2.0826509009514313,0.05452367308684317,0.19628522311263544,0.10598529669312924
2023-12-01 03:11:10.742482,38.353848457336426,0.03276430167975867,1.5643801707863045,0.04095537709969834,0.14743935755891402,0.07961070022147762
2023-12-01 03:11:17.454037,6.709326267242432,0.18729705657203066,8.942775714000314,0.23412132071503838,0.8428367545741382,0.4550943880587202
2023-12-01 03:11:26.134429,8.678184270858765,0.14480414591514135,6.91388868077845,0.1810051823939267,0.6516186566181362,0.3518451137446105
2023-12-01 03:11:30.383396,4.2468321323394775,0.2958998666009589,14.12817792893251,0.36987483325119863,1.331549399704315,0.71897749586701
2023-12-01 03:11:49.343756,18.958412885665894,0.0662838745529188,3.164821884714036,0.0828548431911485,0.2982774354881346,0.1610565583886821
2023-12-01 03:11:55.691396,6.346085071563721,0.1980176829123838,9.454647916532826,0.2475221036404798,0.8910795731057273,0.48114336594051027
2023-12-01 03:11:58.274759,2.5812478065490723,0.4868331735711742,23.24457181049011,0.6085414669639678,2.190749281070284,1.1829072451432392
2023-12-01 03:12:00.460704,2.1838972568511963,0.5754103392426856,27.473819938997345,0.719262924053357,2.5893465265920854,1.3981320422918775
2023-12-01 03:12:02.518402,2.0554113388061523,0.6113798429105736,29.191237231789277,0.7642248036382171,2.7512092930975816,1.485530742304112
2023-12-01 03:12:04.361621,1.8410911560058594,0.6825501590926755,32.589369518327665,0.8531876988658446,3.0714757159170403,1.6584603765633832
2023-12-01 03:12:06.214394,1.8505961894989014,0.6790444444696416,32.42198397493005,0.8488055555870522,3.055700000113388,1.6499421911723355
2023-12-01 03:12:08.185318,1.9688098430633545,0.6382724394960676,30.475264135536555,0.7978405493700845,2.8722259777323043,1.5508743734875452
2023-12-01 03:12:10.333219,2.1457087993621826,0.585651259765284,27.962787875892175,0.7320640747066051,2.635430668943778,1.4230154309776872
2023-12-01 03:12:12.620096,2.284566640853882,0.5500548939847232,26.263186604867144,0.6875686174809041,2.475247022931255,1.3365233814040807
2023-12-01 03:12:15.274833,2.652644395828247,0.4737299365916523,22.618938329751483,0.5921624207395655,2.131784714662436,1.151068999930397
2023-12-01 03:12:18.294772,3.0178401470184326,0.41640279147238807,19.881768774028284,0.5205034893404852,1.8738125616257466,1.0117755027196087
2023-12-01 03:12:21.977268,3.6803019046783447,0.3414494500678053,16.303010338290154,0.4268118125847567,1.5365225253051242,0.8296538737747534
2023-12-01 03:12:29.328885,7.349410533905029,0.17098474165222835,8.16392004817285,0.21373092706528551,0.7694313374350279,0.4154587252665846
2023-12-01 03:12:38.352257,9.021130800247192,0.13929928401010255,6.651050885810891,0.1741241050126282,0.6268467780454615,0.3384694002877472
2023-12-01 03:12:45.430916,7.076761484146118,0.17757233506472245,8.478454464576263,0.2219654188309031,0.7990755077912511,0.4314652597402627
2023-12-01 03:12:52.831875,7.399391174316406,0.16982979164525816,8.108775247382852,0.21228723955657272,0.7642340624036618,0.41265242773964833
2023-12-01 03:12:58.093429,5.259472370147705,0.23892835117234892,11.407988440162674,0.2986604389654362,1.0751775802755703,0.5805481076785736
2023-12-01 03:13:02.464603,4.368926286697388,0.28763063942327344,13.733351414668965,0.3595382992790918,1.2943378774047305,0.6988849276706698
2023-12-01 03:13:08.210376,5.743528604507446,0.218791817359406,10.446539772242586,0.27348977169925753,0.9845631781173272,0.5316203578198848
2023-12-01 03:13:13.895731,5.683258771896362,0.22111206120860985,10.557323255576394,0.27639007651076236,0.9950042754387445,0.5372580863246803
2023-12-01 03:13:21.084137,7.186163663864136,0.17486897324019476,8.349378445374409,0.21858621655024346,0.7869103795808765,0.42489663117902526
2023-12-01 03:13:35.081299,13.9950532913208,0.08979151670792392,4.28722911953538,0.1122393958849049,0.40406182518565764,0.21817542729691355
2023-12-01 03:13:40.583318,5.499702215194702,0.22849183687874078,10.909681588619588,0.28561479609842605,1.0282132659543337,0.5551894652479645
2023-12-01 03:13:44.048748,3.4581403732299805,0.36338520875663305,17.350365666029532,0.4542315109457914,1.635233439404849,0.8829533802368672
2023-12-01 03:13:48.886096,4.835331916809082,0.25988641174093247,12.408662121295496,0.3248580146761656,1.1694888528341962,0.6314720032481177
2023-12-01 03:13:57.406489,8.518720388412476,0.14751476796271518,7.043311350096024,0.184393459953394,0.6638164558322185,0.3584313831958054
2023-12-01 03:14:04.450679,7.042066335678101,0.1784472059101829,8.520226470462868,0.22305900738772866,0.8030124265958232,0.43359102092056245
2023-12-01 03:14:23.626523,19.173660039901733,0.06553975917069392,3.129292992320495,0.0819246989633674,0.2949289162681227,0.1592485068329521
2023-12-01 03:14:29.523703,5.894951581954956,0.21317173584302382,10.1782006460691,0.2664646698037798,0.9592728112936073,0.5179646837513794
2023-12-01 03:14:58.577485,29.051684617996216,0.04325522178694887,2.065284708578748,0.0540690272336861,0.19464849804126996,0.10510153789792838
2023-12-01 03:15:02.773613,4.193883419036865,0.2996356683955003,14.306549325536363,0.3745445854943754,1.3483605077797516,0.7280547470673867
2023-12-01 03:15:12.796884,10.021050691604614,0.12539973103705546,5.987396117082463,0.15674966379631933,0.5642987896667496,0.30469626647383735
2023-12-01 03:15:16.230177,3.4309029579162598,0.36627006850672594,17.488107572835773,0.45783758563340743,1.6482153082802669,0.8899630124576428
2023-12-01 03:15:20.289139,4.056910276412964,0.3097522439039519,14.789580225336104,0.3871903048799399,1.3938850975677837,0.7526360022378223
2023-12-01 03:15:24.816757,4.5253660678863525,0.2776873832049681,13.258595901397209,0.34710922900621016,1.2495932244223567,0.6747248037114316
2023-12-01 03:15:30.022636,5.20346474647522,0.24150006248954642,11.530778610663878,0.30187507811193304,1.086750281202959,0.5867968518371
2023-12-01 03:15:36.310690,6.2802417278289795,0.20009374095705787,9.553772386519498,0.2501171761963224,0.9004218343067607,0.4861877717774593
2023-12-01 03:15:42.924476,6.611668109893799,0.19006354229358047,9.074865677273653,0.23757942786697564,0.8552859403211123,0.46181639506494193
2023-12-01 03:15:46.728816,3.8024535179138184,0.33048058457933754,15.779285589510232,0.413100730724172,1.4871626306070194,0.8030017244108746
2023-12-01 03:15:52.675383,5.945062637329102,0.21137490689256697,10.09240838326235,0.2642186336157087,0.9511870810165513,0.5135987487675592
2023-12-01 03:16:10.425535,17.748040914535522,0.07080426890422256,3.380654816434439,0.08850533613027822,0.3186192100690016,0.17204021258348
2023-12-01 03:16:36.461467,26.03367829322815,0.04826967005130398,2.304706977023955,0.06033708756412998,0.21721351523086793,0.11728564429065842
2023-12-01 03:16:47.630473,11.166963577270508,0.11253167011251876,5.372991465838159,0.14066458764064846,0.5063925155063345,0.2734294520393981
2023-12-01 03:16:52.610832,4.978795766830444,0.2523977926164073,12.051106896115293,0.31549724077050917,1.135790066773833,0.6132761564993465
2023-12-01 03:16:59.275826,6.662977457046509,0.188599926915098,9.004983190592414,0.23574990864387257,0.8486996711179413,0.4582601024183053
2023-12-01 03:17:20.199456,20.921480178833008,0.060064443370851976,2.867865919960295,0.07508055421356498,0.27028999516883395,0.14594458450249614
2023-12-01 03:17:29.728501,9.526922225952148,0.13190378084673882,6.297941620280565,0.16487972605842355,0.5935670138103248,0.32049980670140604
2023-12-01 03:17:35.291789,5.5610575675964355,0.2259708780499197,10.789314670938177,0.28246359756239964,1.0168689512246387,0.5490640394856949
2023-12-01 03:17:39.302887,4.008922338485718,0.31346006615597954,14.966615697191001,0.39182508269497446,1.4105702977019081,0.7616452687457992
2023-12-01 03:17:43.274638,3.9696552753448486,0.3165607525773763,15.114662568473966,0.3957009407217204,1.4245233865981934,0.769179316612509
2023-12-01 03:17:48.333253,5.0567333698272705,0.2485076767017364,11.865367543009194,0.3106345958771705,1.1182845451578138,0.6038239528498791
2023-12-01 03:17:57.341300,9.006350755691528,0.13952788377043726,6.661965720364958,0.17440985471304657,0.6278754769669677,0.33902485198540844
2023-12-01 03:18:46.401841,49.0585150718689,0.025615065184810236,1.2230292725350989,0.0320188314810128,0.11526779333164607,0.06223948538605192
2023-12-01 03:18:58.855701,12.452239274978638,0.1009165527328877,4.8184104621699,0.12614569091610967,0.4541244872979948,0.24520703983037062
2023-12-01 03:19:06.424971,7.567132234573364,0.16606516477860475,7.9290275549655185,0.20758145597325595,0.7472932415037215,0.40350513737905386
2023-12-01 03:19:16.747095,10.31985092163086,0.12176891613830884,5.814037475506296,0.15221114517288606,0.5479601226223898,0.2958741124328628
2023-12-01 03:20:11.228912,54.479692220687866,0.023066155666693136,1.1013278077444035,0.02883269458336642,0.10379770050011912,0.05604614503893098
2023-12-01 03:20:21.763642,10.532326936721802,0.11931238642569586,5.696746821521955,0.14914048303211985,0.5369057389156315,0.28990523653715583
2023-12-01 03:20:31.998291,10.23245906829834,0.12280890185323715,5.863693135689036,0.15351112731654645,0.5526400583395672,0.2984010697229957
2023-12-01 03:20:55.045075,23.044553518295288,0.05453076191900448,2.6036520929930553,0.06816345239875561,0.2453884286355202,0.13249884531079711
2023-12-01 03:21:00.079646,5.03227972984314,0.24971526403503164,11.923025591001924,0.31214408004378963,1.1237186881576426,0.60675814855232
2023-12-01 03:21:04.238058,4.1514692306518555,0.30269694694054194,14.452714609323726,0.3783711836756775,1.362136261232439,0.735493041676129
2023-12-01 03:21:06.997472,2.7572741508483887,0.45575339726347536,21.760621801621916,0.5696917465793443,2.0508902876856396,1.1073896046707927
2023-12-01 03:21:09.796209,2.7964940071105957,0.44936161430730354,21.455436645828335,0.5617020178841295,2.0221272643828665,1.0918588504438864
2023-12-01 03:21:13.084908,3.2866480350494385,0.3823461009621052,18.255681582009576,0.4779326262026315,1.7205574543294735,0.9290245561177232
2023-12-01 03:21:16.590600,3.5033507347106934,0.35869576202728964,17.126461077827194,0.44836970253411207,1.6141309291228034,0.8715589625739084
2023-12-01 03:21:20.283547,3.690863609313965,0.3404723648592079,16.25635795605908,0.42559045607401,1.5321256418664362,0.8272797521349037
2023-12-01 03:21:23.696388,3.4107089042663574,0.3684386726360688,17.591650792874095,0.46054834079508605,1.6579740268623098,0.8952322867711201
2023-12-01 03:21:27.846652,4.148169994354248,0.3029376961759591,14.464209538582397,0.37867212021994895,1.3632196327918162,0.7360780141683456
2023-12-01 03:21:32.277760,4.428989887237549,0.2837299459763968,13.54710702160199,0.354662432470496,1.2767847568937856,0.689407022733449
2023-12-01 03:21:39.021687,6.7417192459106445,0.18639712150549156,8.899806979709883,0.23299640188186446,0.838787046774712,0.45290772583404343
2023-12-01 03:21:45.999230,6.975550413131714,0.18014880360842275,8.601471775911465,0.22518600451052845,0.8106696162379025,0.4377255630077456
2023-12-01 03:21:57.118674,11.117894649505615,0.11302832964798751,5.396705211869232,0.14128541205998443,0.508627483415944,0.27463623537868015
2023-12-01 03:22:02.976257,5.855449438095093,0.21460983904332526,10.246865015970375,0.2682622988041566,0.9657442756949637,0.5214589869074717
2023-12-01 03:22:08.985290,6.0013587474823,0.20939209174307463,9.997735933578593,0.26174011467884334,0.942264412843836,0.5087809045173228
2023-12-01 03:22:16.837510,7.850000381469727,0.16008114654392433,7.643311730485091,0.20010143317990542,0.7203651594476596,0.38896516987242735
2023-12-01 03:22:26.474572,9.63469934463501,0.1304282589923954,6.227490641252903,0.16303532374049426,0.5869271654657794,0.31691458369972236
2023-12-01 03:23:05.092703,38.61600399017334,0.03254187206308802,1.5537599388913537,0.04067734007886003,0.1464384242838961,0.07907024073889128
2023-12-01 03:23:16.772510,11.677515745162964,0.10761167776257881,5.138079135097983,0.13451459720322353,0.4842525499316047,0.261474854627514
2023-12-01 03:23:31.463109,14.68836760520935,0.08555321429933715,4.084865085941919,0.10694151787417144,0.3849894643470172,0.20787720010452942
2023-12-01 03:23:39.410553,7.945213079452515,0.1581627892001745,7.551716914322763,0.19770348650021816,0.7117325514007854,0.3843039451985841
2023-12-01 03:23:48.224257,8.811826229095459,0.14260801663186135,6.809031231447587,0.17826002078982672,0.6417360748433762,0.34650895881209676
2023-12-01 03:23:54.082705,5.856896638870239,0.21455681035858526,10.244333082779765,0.2681960129482316,0.9655056466136337,0.5213301378092905
2023-12-01 03:24:18.502155,24.41235327720642,0.05147545782115267,2.4577720680464434,0.06434432227644084,0.23163956019518703,0.12507506741383675
2023-12-01 03:24:31.992389,13.487996578216553,0.09316706555704625,4.448399705031174,0.11645883194630785,0.4192517950067083,0.22637733589051107
2023-12-01 03:24:37.732356,5.737840890884399,0.21900869775464027,10.456895048330964,0.27376087219330036,0.9855391398958814,0.532147333804225
2023-12-01 03:25:00.774596,23.040021419525146,0.054541488419406876,2.604164245661391,0.0681768605242586,0.24543669788733097,0.13252490856147484
2023-12-01 03:26:08.793488,68.01677870750427,0.018475398060821026,0.8821352780910252,0.023094247576026287,0.08313929127369464,0.04489152220818294
2023-12-01 03:26:13.924690,5.128908634185791,0.245010615525501,11.698395171261408,0.3062632694068763,1.1025477698647548,0.5953267936038624
2023-12-01 03:26:19.357889,5.426320552825928,0.23158179639451706,11.057216287886478,0.2894772454931464,1.042118083775327,0.5626974488793978
2023-12-01 03:26:26.220231,6.860142707824707,0.18317943444567003,8.746173739441856,0.22897429305708758,0.8243074550055153,0.44508938981608914
2023-12-01 03:26:35.028655,8.806295394897461,0.1426975822505383,6.813307674730644,0.1783719778131729,0.6421391201274225,0.346726585352358
2023-12-01 03:26:49.447072,14.4164559841156,0.08716685035632268,4.161910532388088,0.10895856294540338,0.3922508266034522,0.2117980129957929
2023-12-01 03:27:03.959547,14.510950088500977,0.08659922705073073,4.134808515918352,0.10824903381341343,0.38969652172828834,0.21041880188786555
2023-12-01 03:28:24.838584,80.87685060501099,0.015537660678370408,0.7418686503141667,0.019422075847963013,0.06991947305266685,0.037753407916304424
2023-12-01 03:29:03.360682,38.51993179321289,0.03262303443790971,1.5576351568351385,0.040778793047387143,0.14680365497059372,0.07926744907723303
2023-12-01 03:29:37.242811,33.879860639572144,0.037090974924735905,1.7709636010107779,0.046363718655919886,0.1669093871613116,0.09012365087212332
2023-12-01 03:32:07.467313,150.22237253189087,0.008365179169095766,0.39940788438328345,0.010456473961369707,0.037643306260930945,0.020325712345068893
2023-12-01 03:32:55.227010,47.75759315490723,0.026312822284822245,1.2563447199984121,0.032891027856027814,0.11840770028170014,0.0639348955876611
2023-12-01 03:33:10.572229,15.343098402023315,0.08190243121103903,3.9105530335442364,0.10237803901379879,0.36856094044967563,0.19900652735658264
2023-12-01 03:33:23.395588,12.821181774139404,0.09801257665425046,4.679755817909179,0.12251572081781309,0.44105659494412713,0.2381509587544978
2023-12-01 03:33:27.552451,4.154721736907959,0.3024599819219508,14.441400363109132,0.37807497740243856,1.361069918648779,0.7349172640739562
2023-12-01 03:33:32.404106,4.8495776653289795,0.2591229892903821,12.37221138429377,0.3239037366129776,1.1660534518067194,0.6296170393777704
2023-12-01 03:33:38.457030,6.050725698471069,0.20768369350364885,9.91616592620636,0.2596046168795611,0.93457662076642,0.5046298384751661
2023-12-01 03:34:01.673696,23.214399814605713,0.05413179196841797,2.584602681058764,0.06766473996052248,0.24359306385788093,0.131529428124862
2023-12-01 03:34:41.542773,39.86684799194336,0.03152085315823988,1.5050098771822975,0.03940106644779986,0.1418438392120795,0.07658936900389128
2023-12-01 03:34:46.971025,5.426339149475098,0.23158100273873863,11.057178393614402,0.2894762534234233,1.042114512324324,0.5626955204545872
2023-12-01 03:34:53.184647,6.2072389125823975,0.20244702663025396,9.666133500738447,0.2530587832878175,0.911011619836143,0.49190578530619117
2023-12-01 03:34:57.833841,4.64680027961731,0.27043061586873457,12.9121107836684,0.3380382698359183,1.216937771409306,0.6570923104378514
2023-12-01 03:35:03.469904,5.6338584423065186,0.2230508761099518,10.649894848163033,0.2788135951374398,1.0037289424947833,0.541969018771961
2023-12-01 03:35:07.297030,3.824542760848999,0.32857184244345067,15.688149865705979,0.4107148030543134,1.4785732909955283,0.7983638627690965
2023-12-01 03:35:11.415472,4.116246461868286,0.30528712823127546,14.57638665610104,0.3816089102890943,1.3737920770407397,0.7417866641763531
2023-12-01 03:35:16.218880,4.801282644271851,0.26172944909526263,12.496660672868893,0.32716181136907835,1.177782520928682,0.6359502154116693
2023-12-01 03:35:22.279396,6.058412313461304,0.2074201946677962,9.903584783538887,0.2592752433347453,0.933390876005083,0.5039895890038113
2023-12-01 03:35:30.624216,8.342682123184204,0.15062746523012535,7.191931697033114,0.18828433153765672,0.6778235935355642,0.36599461501615865
2023-12-01 03:36:06.068073,35.44163727760315,0.03545651832033256,1.6929240466527817,0.0443206479004157,0.15955433244149653,0.08615224821474406
2023-12-01 03:36:18.458848,12.38857889175415,0.10143512604761601,4.843170514088267,0.12679390755952002,0.4564580672142721,0.2464670692704974
2023-12-01 03:36:24.292602,5.83155369758606,0.21548923779199622,10.288853213310318,0.26936154723999534,0.9697015700639833,0.5235957499869925
2023-12-01 03:36:30.400655,6.105788469314575,0.20581077575014403,9.826740690663902,0.2572634696876801,0.9261484908756484,0.5000790229177001
2023-12-01 03:36:36.235716,5.8328001499176025,0.21544318837216964,10.286654515472744,0.26930398546521206,0.9694943476747634,0.5234838591066978
2023-12-01 03:36:41.903665,5.665821552276611,0.2217925590916258,10.589814636130061,0.2772406988645323,0.9980665159123162,0.5389115600808324
2023-12-01 03:36:50.162637,8.251307249069214,0.15229551191148188,7.27157505942689,0.1903693898893524,0.6853298036016686,0.3700476348425188
2023-12-01 03:36:58.280340,8.115585088729858,0.15484244791925275,7.393182296039532,0.19355305989906596,0.6967910156366375,0.3762361799542004
2023-12-01 03:37:09.483984,11.201513767242432,0.11218457500903237,5.356418895405303,0.14023071876129048,0.5048305875406457,0.27258608035694687
2023-12-01 03:37:23.167182,13.681089401245117,0.09185211970923533,4.385615665557992,0.11481514963654418,0.41333453869155906,0.22318228046950006
2023-12-01 03:37:31.385843,8.216542959213257,0.15293987601279965,7.302341178989597,0.19117484501599957,0.6882294420575985,0.3716133107359006
2023-12-01 03:37:40.644981,9.256940841674805,0.13575079315388183,6.481622927725716,0.16968849144235232,0.6108785691924684,0.32984727720530216
2023-12-01 03:38:21.299782,40.6525194644928,0.030911664959253116,1.4759232832396996,0.0386395811990664,0.13910249231663904,0.07510916351799324
2023-12-01 03:38:38.804411,17.50249981880188,0.07179757602888177,3.428081738103812,0.08974697003610221,0.323089092129968,0.17445375023497692
2023-12-01 03:38:43.982070,5.175487279891968,0.24280555500894752,11.593111286953532,0.3035069437611844,1.092624997540264,0.5899689375607408
2023-12-01 03:38:49.873751,5.8842504024505615,0.2135594129224305,10.196710863122401,0.26694926615303816,0.9610173581509374,0.5189066615189217
2023-12-01 03:38:55.714612,5.838576078414917,0.21523005687665453,10.276478236160806,0.2690375710958182,0.9685352559449456,0.5229659921988953
2023-12-01 03:39:01.960893,6.244184494018555,0.2012491883671404,9.608940936558707,0.25156148545892554,0.905621347652132,0.48899527789447783
2023-12-01 03:39:16.784611,14.821395635604858,0.0847853395409773,4.04820176690138,0.10598167442622165,0.38153402793439795,0.2060114180166667
2023-12-01 03:39:27.688990,10.90216588973999,0.11526490003408736,5.503493581625454,0.14408112504260923,0.5186920501533933,0.2800706541028255
2023-12-01 03:39:41.740230,14.048961400985718,0.0894469723112591,4.270778336382234,0.11180871538907389,0.402511375400666,0.21733825332189738
2023-12-01 03:40:42.778711,61.036359548568726,0.0205883357187443,0.9830206199020756,0.025735419648430378,0.09264751073434936,0.050025538129404905
2023-12-01 03:40:59.368708,16.587857723236084,0.0757564407895562,3.6171036068119076,0.09469555098694528,0.340903983553003,0.1840729998304637
2023-12-01 03:41:06.119646,6.748634099960327,0.1862061333927268,8.890687969044391,0.23275766674090853,0.8379276002672708,0.45244366291764765
2023-12-01 03:41:11.754766,5.633008003234863,0.22308455104524424,10.651502707886062,0.27885568880655537,1.0038804797035994,0.5420508421297346
2023-12-01 03:41:18.748376,6.991473197937012,0.17973852231983323,8.581882287370325,0.22467315289979153,0.8088233504392496,0.43672866153273077
2023-12-01 03:41:32.446850,13.696354150772095,0.09174974942985668,4.380727844761349,0.11468718678732087,0.41287387243435514,0.2229335411646658
2023-12-01 03:41:38.100482,5.6515052318573,0.22235440115180405,10.616640618464352,0.2779430014397551,1.0005948051831184,0.5402767239186536
2023-12-01 03:43:05.722259,87.61960244178772,0.014341962602156243,0.6847782725316804,0.017927453252695305,0.0645388317097031,0.03484810073071924
2023-12-01 03:43:44.761917,39.037455797195435,0.03219054714949425,1.5369854099024194,0.04023818393686782,0.14485746217272416,0.07821659146384115
2023-12-01 03:43:58.891422,14.127182245254517,0.0889517130606874,4.247131449030092,0.11118964132585926,0.40028270877309335,0.21613487239485826
2023-12-01 03:44:23.220574,24.32703137397766,0.051655997072463475,2.4663921823269113,0.06456999634057936,0.2324519868260857,0.1255137416866718
2023-12-01 03:44:35.587070,12.364291667938232,0.10163437544056768,4.852683971827163,0.12704296930070963,0.4573546894825547,0.2469512054454914
2023-12-01 03:44:41.006999,5.41781210899353,0.23194548577089052,11.074581176486431,0.2899318572136132,1.0437546859690074,0.5635811413261099
2023-12-01 03:44:46.087858,5.0790019035339355,0.24741811192501376,11.813344656998927,0.30927263990626724,1.113381503662562,0.6011765283553985
2023-12-01 03:45:14.342364,28.25287127494812,0.04447820716014022,2.1236779588204944,0.055597758950175276,0.200151932220631,0.10807314775770871
2023-12-01 03:45:24.857673,10.513161897659302,0.1195298877415462,5.7071317443859275,0.14941235967693278,0.537884494836958,0.290433721234409
2023-12-01 03:45:31.793357,6.933432579040527,0.1812431356489537,8.653722282001768,0.22655391956119214,0.8155941104202917,0.44038457099982775
2023-12-01 03:45:41.730810,9.935182332992554,0.1264835429605456,6.03914432458408,0.158104428700682,0.5691759433224552,0.3073297126855337
2023-12-01 03:47:10.124101,88.39115881919861,0.014216773240933853,0.6788009208333624,0.01777096655116732,0.06397547958420235,0.03454391562082108
2023-12-01 03:47:15.928881,5.802628993988037,0.2165633995793783,10.340140660753004,0.27070424947422295,0.9745352981072026,0.5262057482979735
2023-12-01 03:47:28.720181,12.789026975631714,0.09825900467880166,4.691521889376287,0.12282375584850208,0.4421655210546075,0.23874972956855228
2023-12-01 03:53:06.622544,337.90009355545044,0.0037189603832699127,0.17756727844810086,0.004648700479087391,0.01673532172471461,0.009036329939269235
2023-12-01 03:53:11.075455,4.4507365226745605,0.28234361999051166,13.480914831584881,0.3529295249881396,1.2705462899573026,0.6860385278529453
2023-12-01 03:53:15.250147,4.172548770904541,0.3011677347424986,14.379700105217218,0.3764596684281233,1.355254806341244,0.7317773618773231
2023-12-01 03:53:19.167136,3.91487717628479,0.3209901626156413,15.326151319245184,0.4012377032695516,1.4444557317703859,0.7799418971234852
2023-12-01 03:53:23.341199,4.171995401382446,0.3012076813458408,14.381607415031713,0.3765096016823011,1.3554345660562839,0.7318744241341242
2023-12-01 03:53:29.317577,5.974138259887695,0.21034616320706648,10.043289490445758,0.2629327040088331,0.9465577344317992,0.5110991073605302
2023-12-01 03:53:45.506200,16.186632871627808,0.07763424743132162,3.7067622695742344,0.09704280928915203,0.3493541134409473,0.1886356944086253
2023-12-01 03:54:18.564911,33.057135343551636,0.03801409433624883,1.815039306232687,0.04751761792031104,0.17106342451311976,0.09236664641821742
2023-12-01 03:54:33.795645,15.22846531867981,0.08251895612189358,3.9399899296747742,0.10314869515236698,0.37133530254852115,0.20050455958497704
2023-12-01 03:56:35.495127,121.69731187820435,0.010325922915155019,0.4930265021798385,0.012907403643943775,0.04646665311819759,0.02508992749924367
2023-12-01 03:56:39.810292,4.312972784042358,0.2913621588537192,13.911518343448636,0.36420269856714904,1.3111297148417367,0.707951773582767
2023-12-01 03:56:43.942738,4.130389451980591,0.3042417854406777,14.526475214396308,0.3803022318008472,1.36908803448305,0.7392466902637589
2023-12-01 03:56:48.341641,4.396996259689331,0.28579443493197443,13.645679108273631,0.35724304366496806,1.286074957193885,0.6944233179977115
2023-12-01 03:56:54.550035,6.206701993942261,0.2024645395674538,9.666969681895472,0.2530806744593173,0.9110904280535423,0.49194833824099937
2023-12-01 03:57:58.608655,64.0564615726471,0.019617647159775632,0.9366736551932919,0.024522058949719545,0.08827941221899037,0.04766695906882284
2023-12-01 03:58:16.358116,17.747129201889038,0.07080790628955123,3.3808284887909354,0.08850988286193905,0.31863557830298056,0.1720490507023516
2023-12-01 03:58:38.734825,22.374458074569702,0.056163910529041246,2.6816291952203586,0.07020488816130158,0.2527375973806857,0.13646706980346446
2023-12-01 03:58:49.663977,10.92724347114563,0.1150003717547047,5.49086328665005,0.1437504646933809,0.5175016728961712,0.27942790328958156
2023-12-01 03:58:57.397589,7.732074737548828,0.1625226222055748,7.75988360648216,0.20315327775696856,0.7313517999250868,0.3948974674351058
2023-12-01 03:59:00.967574,3.567826509475708,0.3522136118722264,16.81696120611453,0.440267014840283,1.5849612534250188,0.8558086341271357
2023-12-01 03:59:05.395291,4.425610780715942,0.28394658357927893,13.557450705209472,0.35493322947409867,1.2777596261067552,0.6899334087809319
2023-12-01 03:59:10.512114,5.1146955490112305,0.24569146870899272,11.730903516163178,0.307114335886241,1.1056116091904675,0.5969811306691106
2023-12-01 03:59:17.195883,6.677255868911743,0.1881966313866483,8.985727247528525,0.2352457892333104,0.8468848412399175,0.4572801749432781
2023-12-01 03:59:44.553373,27.355377435684204,0.04593747844972794,2.193353030535486,0.057421848062159934,0.20671865302377576,0.11161888513714897
2023-12-01 04:00:21.033132,36.47736430168152,0.03444977688198786,1.6448556837543808,0.04306222110248483,0.1550239959689454,0.08370606786785412
2023-12-01 04:01:29.247317,68.21192669868469,0.018422541661767027,0.8796115709359806,0.023028177077208785,0.08290143747795163,0.04476309172976153
2023-12-01 04:01:57.827297,28.577858448028564,0.04397240135124981,2.0995275104016438,0.05496550168906228,0.19787580608062422,0.10684414080326682
2023-12-01 04:02:16.710432,18.880919456481934,0.06655592511436227,3.1778113422014327,0.08319490639295285,0.29950166301463027,0.16171758684287746
2023-12-01 04:02:51.667189,34.95462465286255,0.03595052368365246,1.716511065298663,0.044938154604565586,0.1617773565764361,0.08735258244653878
2023-12-01 04:02:55.952952,4.283636569976807,0.29335753416698496,14.006790496777569,0.3666969177087312,1.3201089037514324,0.71280013651894
2023-12-01 04:03:00.610681,4.6555399894714355,0.2699229443368156,12.887871253536815,0.3374036804210195,1.21465324951567,0.6558587701495945
2023-12-01 04:03:05.614280,5.001370429992676,0.25125854583775703,11.996711869248179,0.31407318229719633,1.1306634562699067,0.6105080146765821
2023-12-01 04:03:09.629341,4.0069780349731445,0.3136121661930546,14.97387793901449,0.3920152077413183,1.411254747868746,0.7620148414158842
2023-12-01 04:03:12.036471,2.404937744140625,0.5225237387111495,24.948670769621216,0.653154673388937,2.351356824200173,1.2696281803203513
2023-12-01 04:03:14.303774,2.265192985534668,0.5547593822957673,26.487809375693356,0.6934492278697092,2.496417220330953,1.3479543471022555
2023-12-01 04:03:16.791433,2.485614538192749,0.5055639328331247,24.13889968781123,0.631954916041406,2.2750376977490614,1.2284192439979267
2023-12-01 04:03:20.094253,3.3006906509399414,0.3807194294557908,18.178013738704575,0.47589928681973853,1.7132374325510586,0.9250720696916805
2023-12-01 04:03:24.750180,4.653823614120483,0.27002249454041816,12.892624425633562,0.33752811817552275,1.215101225431882,0.6561006572343081
2023-12-01 04:03:28.857384,4.105055570602417,0.3061193788544757,14.61612369627313,0.3826492235680947,1.377537204845141,0.7438088667406052
2023-12-01 04:03:32.285573,3.425902843475342,0.36680464065967083,17.51363151300991,0.4585058008245886,1.650620882968519,0.8912619158748682
2023-12-01 04:03:36.652173,4.364434480667114,0.28792666426827357,13.747485559876901,0.35990833033534203,1.2956699892072314,0.6996042088390513
2023-12-01 04:03:46.610287,9.956260442733765,0.12621576832625253,6.02635902757937,0.15776971040781568,0.5679709574681364,0.3066790738791284
2023-12-01 04:03:50.194489,3.5825750827789307,0.3507636357648,16.747729946655916,0.4384545447060001,1.5784363609416003,0.8522854821813112
2023-12-01 04:03:54.948269,4.75174355506897,0.26445809772191664,12.626944047936762,0.33057262215239586,1.190061439748625,0.6425802858447132
2023-12-01 04:03:58.994752,4.0443689823150635,0.31071276308636847,14.835441638080958,0.3883909538579606,1.398207433888658,0.754969871747258
2023-12-01 04:04:02.655236,3.6583516597747803,0.3434981593631925,16.40082900168591,0.4293726992039906,1.5457417171343664,0.8346318276206851
2023-12-01 04:04:06.506449,3.8490352630615234,0.32648104669126565,15.588321722019243,0.40810130836408215,1.4691647101106957,0.7932836472504374
2023-12-01 04:04:10.743881,4.235373020172119,0.29670044538009765,14.166402749942835,0.3708755567251221,1.3351520042104397,0.7209227421845614
2023-12-01 04:04:17.110226,6.364149808883667,0.19745560666749037,9.42781075270203,0.24681950833436297,0.8885502300037067,0.4797776330806681
2023-12-01 04:05:35.080519,77.96832585334778,0.01611727644119936,0.769543264438629,0.020146595551499207,0.07252774398539714,0.03916175829682622
2023-12-01 04:05:44.190217,9.108086824417114,0.13796937662771322,6.587552485682392,0.17246172078464153,0.6208621948247095,0.3352379913300176
2023-12-01 04:06:00.563733,16.371413707733154,0.07675800537874966,3.664924793370689,0.09594750672343708,0.3454110242043735,0.18650660146928594
2023-12-01 04:06:07.971449,7.405625820159912,0.16968681539580974,8.101948634329515,0.2121085192447622,0.7635906692811439,0.4123050240487386
2023-12-01 04:06:14.059059,6.085464239120483,0.2064981424683445,9.85956003393944,0.25812267808543066,0.9292416411075504,0.5017491865695836
2023-12-01 04:06:22.151152,8.090003252029419,0.15533208359597178,7.416560677518725,0.19416510449496474,0.6989943761818731,0.37742589672149224
2023-12-01 04:06:30.665090,8.51186227798462,0.14763362239613856,7.04898623127234,0.18454202799517325,0.6643513007826237,0.3587201756981376
2023-12-01 04:06:45.359035,14.691948413848877,0.08553236276349774,4.083869498441949,0.10691545345437217,0.3848956324357398,0.2078265350427468
2023-12-01 04:07:37.342650,51.98202919960022,0.02417445184009057,1.1542450520662138,0.030218064800113215,0.10878503328040758,0.05873908308105207
2023-12-01 04:07:45.360573,8.01602578163147,0.15676559627783018,7.485005866309532,0.19595699534728778,0.705445183250236,0.3809090458358719
2023-12-01 04:07:51.701406,6.3392908573150635,0.19822991084024058,9.464781053666993,0.24778738855030075,0.8920345987810827,0.4816590373596166
2023-12-01 04:07:57.095099,5.391481876373291,0.23307823159765942,11.128665805765525,0.2913477894970743,1.0488520421894676,0.5663334871359929
2023-12-01 04:08:05.941495,8.839318037033081,0.14216448103475046,6.787853966632364,0.17770560129343813,0.6397401646563773,0.34543125601823677
2023-12-01 04:08:37.162810,31.219108819961548,0.04025217595681084,1.9218998321193559,0.050315219946013554,0.1811347918056488,0.09780473713985899
2023-12-01 04:09:10.492673,33.327749490737915,0.03770542807833899,1.8003015780190783,0.04713178509792374,0.16967442635252547,0.09161664914474808
2023-12-01 04:09:25.084999,14.590075016021729,0.08612958192853516,4.112384613109425,0.10766197741066896,0.3875831186784083,0.20927765816995475
2023-12-01 04:13:14.470451,229.38316130638123,0.005478331775877216,0.26157107460847806,0.00684791471984652,0.024652492991447474,0.01331125054902646
2023-12-01 04:13:32.686869,18.214244604110718,0.06899199438401692,3.294125081995373,0.08623999298002116,0.3104639747280762,0.16763674795428435
2023-12-01 04:14:05.118043,32.42903923988342,0.038750363590495156,1.850193573610653,0.048437954488118946,0.1743766361572282,0.09415563345218514
2023-12-01 04:14:20.090934,14.970727920532227,0.08393960989114298,4.007821150614227,0.10492451236392873,0.3777282445101434,0.20395646411349921
2023-12-01 04:14:29.759396,9.666354417800903,0.130001136635522,6.207097050932465,0.16250142079440255,0.5850051148598492,0.3158767617969915
2023-12-01 04:16:48.344286,138.58303427696228,0.009067755429026695,0.4329534297833906,0.01133469428628337,0.04080489943062013,0.022032832141449066
2023-12-01 04:18:49.120743,120.77513289451599,0.010404766538600738,0.4967910079006372,0.013005958173250924,0.046821449423703324,0.025281501735492075
2023-12-01 04:20:00.943559,71.82124638557434,0.017496731464247035,0.8354073901459235,0.021870914330308796,0.07873529158911166,0.04251355811182745
2023-12-01 04:20:12.647064,11.701271533966064,0.10739320575445092,5.127647865091753,0.13424150719306369,0.4832694258950293,0.26094401134216494
2023-12-01 04:20:17.242956,4.59372353553772,0.27355522197067117,13.06129973556989,0.34194402746333896,1.2309984988680203,0.6646844783443369
2023-12-01 04:20:21.776344,4.531346321105957,0.27732090473482335,13.241097843379121,0.3466511309185292,1.2479440713067051,0.6738343343246739
2023-12-01 04:20:25.937131,4.158700227737427,0.30217062847052106,14.427584753480408,0.37771328558815137,1.3597678281173449,0.7342141930576722
2023-12-01 04:20:29.347566,3.4082376956939697,0.36870581621216614,17.604405959069435,0.46088227026520767,1.6591761729547476,0.8958813922323213
2023-12-01 04:20:32.975143,3.6254796981811523,0.3466126322721798,16.549534129263247,0.4332657903402248,1.5597568452248092,0.8421993738949425
2023-12-01 04:20:38.452506,5.475271463394165,0.22951137123289186,10.958360768254131,0.2868892140411149,1.0328011705480136,0.5576667298216808
2023-12-01 04:21:06.433241,27.97865128517151,0.044914140021535855,2.1444922197446874,0.056142675026919824,0.20211363009691136,0.10913237742432783
2023-12-01 04:21:32.781256,26.34575843811035,0.04769788899370359,2.277406442518931,0.059622361242129496,0.2146405004716662,0.115896330676901
2023-12-01 04:22:01.686554,28.902992963790894,0.04347774858507587,2.075909580546445,0.05434718573134484,0.19564986863284142,0.10564223351201735
2023-12-01 04:22:10.743393,9.054702281951904,0.1387828138690637,6.62639125303918,0.1734785173363296,0.6245226624107866,0.33721448113905095
2023-12-01 04:22:19.730416,8.984896421432495,0.1398610515351458,6.677873309354632,0.17482631441893226,0.6293747319081562,0.3398343830200973
2023-12-01 04:22:27.091151,7.358647108078003,0.1707701215970033,8.153672695370132,0.21346265199625414,0.7684655471865149,0.41493724145639865
2023-12-01 04:22:33.175902,6.082645654678345,0.20659382985254124,9.864128769995373,0.2582422873156766,0.9296722343364359,0.5019816877757048
2023-12-01 04:23:31.515635,58.33760333061218,0.0215407728410486,1.0284961427017605,0.026925966051310757,0.09693347778471872,0.0523397698491799
2023-12-01 04:23:38.300940,6.7831714153289795,0.18525804295555623,8.845419985172237,0.23157255369444532,0.8336611933000032,0.4501399927734106
2023-12-01 04:23:44.368818,6.065617322921753,0.20717381175484484,9.891820865992011,0.25896726469355613,0.932282152896802,0.5033909278019222
2023-12-01 04:23:50.134080,5.76297402381897,0.21805357029931174,10.411291071591469,0.27256696287413973,0.981241066346903,0.5298265651132678
2023-12-01 04:24:15.372579,25.23193335533142,0.049803439306025044,2.3779390645593237,0.062254299132531304,0.2241154768771127,0.12101239682577965
2023-12-01 04:28:22.666589,247.29169988632202,0.005081598217868141,0.24262844255420424,0.0063519977723351774,0.02286719198040664,0.01234726734977601
2023-12-01 04:28:46.321843,23.65333390235901,0.053127270203148384,2.5366402997429485,0.06640908775393549,0.23907271591416776,0.12908864113960997
2023-12-01 04:29:43.415219,57.09179186820984,0.022010818373624123,1.0509391636980574,0.027513522967030156,0.09904868268130856,0.0534818864842319
2023-12-01 04:30:09.868495,26.451170444488525,0.04750780552691026,2.26833062551687,0.05938475690863783,0.2137851248710962,0.11543446586928656
2023-12-01 04:30:21.160042,11.289289712905884,0.11131232286468237,5.314771923286561,0.13914040358085297,0.5009054528910707,0.27046668209660524
2023-12-01 04:30:35.667584,14.505263090133667,0.08663317953127433,4.136429627450976,0.10829147441409294,0.3898493078907346,0.21050129962509043
2023-12-01 04:31:17.303106,41.63340640068054,0.03018338325098895,1.4411503930896041,0.03772922906373619,0.1358252246294503,0.07333958462325296
2023-12-01 04:32:30.396091,73.09086632728577,0.017192805675731858,0.8208960026733357,0.021491007094664828,0.07736762554079338,0.041775079230893276
2023-12-01 04:32:37.974539,7.576275825500488,0.16586474547379665,7.919458238050145,0.20733093184224585,0.7463913546320851,0.40301815855223116
2023-12-01 04:33:14.982578,37.005863189697266,0.03395778271659868,1.6213646927361631,0.042447228395748354,0.1528100222246941,0.08251062044479149
2023-12-01 04:33:21.126998,6.142147541046143,0.2045924577744488,9.768570292237019,0.255740572218061,0.9206660599850197,0.4971187539003557
2023-12-01 04:33:29.080725,7.951583623886108,0.15803607443189685,7.545666729802525,0.1975450930398711,0.711162334943536,0.3839960536546231
2023-12-01 04:33:36.390471,7.307436466217041,0.17196688157953444,8.210813775444452,0.21495860197441805,0.773850967107905,0.4178451288619528
2023-12-01 04:34:08.644357,32.25175189971924,0.03896337369030972,1.860364056704849,0.04870421711288716,0.17533518160639378,0.09467320539271458
2023-12-01 04:34:16.284742,7.638258695602417,0.1645187877911758,7.855193492535657,0.20564848473896977,0.7403345450602912,0.399747750574999
2023-12-01 04:34:20.496905,4.209962844848633,0.2984912474877433,14.25190725220219,0.37311405935967923,1.3432106136948452,0.7252740331457189
2023-12-01 04:34:25.490657,4.991578817367554,0.2517514212264086,12.020244935577848,0.31468927653301076,1.1328813955188388,0.6117056032959276
2023-12-01 04:34:35.735090,10.242334604263306,0.12269049098560501,5.858039433219199,0.15336311373200626,0.5521072094352225,0.29811335499682307
2023-12-01 04:35:00.793583,25.056381702423096,0.05015237540520039,2.394599536061412,0.0626904692565005,0.2256856893234018,0.12186024175955593
2023-12-01 04:35:25.500127,24.704325914382935,0.05086708561856768,2.4287244350621124,0.06358385702320962,0.22890188528355465,0.1235968446359958
2023-12-01 04:35:37.469456,11.967467784881592,0.1050044239954769,5.013591937619212,0.13125552999434614,0.4725199079796461,0.2551397494242098
2023-12-01 04:38:00.982373,143.51117777824402,0.008756370624856099,0.41808590054715494,0.010945463281070125,0.03940366781185245,0.021276229344275352
2023-12-01 04:38:10.117185,9.132682800292969,0.13759780000194527,6.569811008663878,0.1719972500024316,0.6191901000087537,0.3343351344447266
2023-12-01 04:38:46.535700,36.41650366783142,0.034507350647886875,1.647604628584954,0.043134188309858594,0.15528307791549095,0.08384596060423553
2023-12-01 04:40:04.474255,77.93692183494568,0.01612377076037485,0.7698533453382675,0.020154713450468566,0.07255696842168684,0.03917753819355882
2023-12-01 04:43:43.240433,218.7640290260315,0.005744258171833111,0.27426812473297607,0.0071803227147913895,0.025849161773249002,0.013957398505920095
2023-12-01 04:43:51.573167,8.330618143081665,0.1508455963114235,7.202346688982288,0.1885569953892794,0.6788051834014058,0.36652462991749685
2023-12-01 04:45:22.157053,90.58164978027344,0.013872976088249424,0.6623858159521686,0.017341220110311785,0.062428392397122424,0.03370855729922846
2023-12-01 04:47:49.313671,147.1545431613922,0.008539573664794681,0.4077346081948337,0.010674467080993353,0.03842808149157607,0.02074945609071812
2023-12-01 04:48:31.203409,41.8881139755249,0.029999848218761213,1.4323872408067315,0.03749981027345152,0.13499931698442547,0.072893631201946
2023-12-01 04:50:55.553782,144.34817361831665,0.0087055972371268,0.4156616498567632,0.010881996546408501,0.039175187567070606,0.0211528601667707
2023-12-01 04:54:09.790102,194.23402857780457,0.006469706006908797,0.3089057074052589,0.008087132508635997,0.029113677031089587,0.015720091655586996
2023-12-01 04:54:13.409629,3.617326259613037,0.3473938957251663,16.5868367113832,0.4342423696564579,1.5632725307632485,0.8440976878330091
2023-12-01 04:54:15.962677,2.5509002208709717,0.49262493732775436,23.521108159814176,0.615781171659693,2.216812217974895,1.1969800727189777
2023-12-01 04:54:18.275880,2.311131715774536,0.5437323424099075,25.961307004041537,0.6796654280123845,2.446795540844584,1.3211608455875934
2023-12-01 04:54:20.309601,2.0316836833953857,0.6185200342485416,29.53215625560714,0.7731500428106772,2.783340154118438,1.5028799792171068
2023-12-01 04:54:22.152792,1.8410167694091797,0.6825777376483094,32.590686297363405,0.8532221720603869,3.0715998194173926,1.6585273869378625
2023-12-01 04:54:24.247562,2.092578887939453,0.6005207587052158,28.672754153169134,0.7506509483815199,2.702343414173472,1.4591453395019336
2023-12-01 04:54:27.059958,2.810349225997925,0.44714623001691145,21.349659837629126,0.5589327875211394,2.012158035076102,1.0864759096950916
2023-12-01 04:54:30.322259,3.2601208686828613,0.38545719991774957,18.40422561518123,0.48182149989718703,1.7345573996298733,0.936583904360148
2023-12-01 04:54:34.921509,4.59717869758606,0.2733496224751426,13.05148308276672,0.34168702809392837,1.2300733011381422,0.6641849126901017
2023-12-01 04:54:40.969218,6.0455002784729,0.20786320462354604,9.92473695082784,0.25982900577943263,0.9353844208059575,0.5050660145942923
2023-12-01 04:54:46.271059,5.299843072891235,0.237108352861169,11.321089921869717,0.29638544107646125,1.0669875878752606,0.5761258757820684
2023-12-01 04:54:54.596296,8.32369327545166,0.15097109177989618,7.208338656225205,0.18871386472487023,0.6793699130095329,0.36682955880679174
2023-12-01 04:55:49.760663,55.162514448165894,0.022780634168094914,1.0876951603861298,0.028475792710118648,0.10251285375642713,0.05535238490163703
2023-12-01 04:55:59.659034,9.896806240081787,0.1269739985760833,6.062561855258082,0.15871749822010417,0.571382993592375,0.3085214217401673
2023-12-01 04:56:13.010977,13.349774360656738,0.09413170795900234,4.494457987007379,0.11766463494875294,0.4235926858155106,0.22872122399878392
2023-12-01 04:56:41.771879,28.75875949859619,0.04369580202154609,2.086320865228168,0.05461975252693262,0.19663110909695744,0.10617205975195271
2023-12-01 04:56:51.388193,9.614199876785278,0.13070635908768957,6.240768942705021,0.16338294885961197,0.5881786158946031,0.31759031131126814
2023-12-01 04:57:34.211386,42.82105350494385,0.029346243461544772,1.4011799124249191,0.03668280432693097,0.1320580955769515,0.0713055023628615
2023-12-01 04:57:37.118351,2.9047532081604004,0.4326140540633928,20.655799546564026,0.540767567579241,1.9467632432852677,1.051165628563232
2023-12-01 04:57:40.069247,2.9488422870635986,0.4261459037496551,20.3469681180362,0.532682379687069,1.9176565668734484,1.0354493169309122
2023-12-01 04:57:43.406123,3.332704782485962,0.37706221926400424,18.003394814719908,0.47132777408000537,1.6967799866880193,0.9161857803676776
2023-12-01 04:57:48.059396,4.651443958282471,0.27016063671976953,12.899220228841537,0.3377007958997119,1.215722865238963,0.656436315101696
2023-12-01 04:57:55.947149,7.886185884475708,0.1593466194995049,7.6082406474988815,0.19918327437438116,0.7170597877477722,0.38718041605989706
2023-12-01 04:58:29.262692,33.31346917152405,0.03772159107674308,1.8010733043464378,0.04715198884592886,0.16974715984534391,0.09165592199827036
2023-12-01 04:59:04.714605,35.44971323013306,0.03544844081750561,1.6925383743019575,0.044310551021882014,0.15951798367877526,0.08613262149837514
2023-12-01 04:59:08.381709,3.664964199066162,0.3428784002190554,16.371237682291163,0.4285980002738193,1.5429528009857494,0.8331259368522609
2023-12-01 04:59:11.557583,3.1737046241760254,0.39595274615770903,18.90535103454296,0.4949409326971364,1.781787357709691,0.9620859826140017
2023-12-01 04:59:14.699432,3.139650344848633,0.4002474554205499,19.11040829704006,0.5003093192756873,1.8011135493924744,0.9725212671808521
2023-12-01 04:59:17.996226,3.2947564125061035,0.3814051493051277,18.210754449784034,0.4767564366314097,1.716323171873075,0.9267382317815994
2023-12-01 04:59:22.799484,4.801175594329834,0.26173528477483715,12.49693930604407,0.32716910596854654,1.1778087814867675,0.6359643949458995
2023-12-01 04:59:35.928828,13.127243041992188,0.0957274164435071,4.570647454920162,0.1196592705543839,0.430773373995782,0.2325984764744336
2023-12-01 04:59:43.931824,8.000732660293579,0.15706524824562831,7.499313193874217,0.19633156030703544,0.7067936171053276,0.3816371401872278
2023-12-01 04:59:47.254234,3.32045316696167,0.3784534815727528,18.069822696792343,0.4730668519659411,1.703040667077388,0.9195662695254749
2023-12-01 04:59:50.429708,3.1739635467529297,0.3959204455014926,18.90380879181237,0.4949005568768658,1.781642004756717,0.9620074984795268
2023-12-01 05:00:14.210532,23.778557538986206,0.05284748914544518,2.5232817382478654,0.06605936143180649,0.23781370115450337,0.12840882912560272
2023-12-01 05:00:39.351225,25.13855218887329,0.04998844213439325,2.386772298945558,0.062485552667991565,0.22494798960476964,0.12146191669814872
2023-12-01 05:00:54.031835,14.678408145904541,0.08561126308417406,4.087636711256101,0.10701407885521759,0.3852506838787833,0.20801824704192617
2023-12-01 05:00:59.294119,5.260098934173584,0.23889989088833516,11.406629561697896,0.29862486361041896,1.0750495089975083,0.5804789548804767
2023-12-01 05:02:47.806850,108.50493478775024,0.011581381656917841,0.5529702415596839,0.014476727071147302,0.052116217456130286,0.028140441149978972
2023-12-01 05:03:02.432484,14.624110221862793,0.08592912952456187,4.102813715825325,0.10741141190570236,0.3866810828605285,0.20879059891878046
2023-12-01 05:03:24.906517,22.471710920333862,0.055920844918792116,2.6700236672103195,0.06990105614849015,0.25164380213456455,0.1358764689836811
2023-12-01 05:03:28.538133,3.629448652267456,0.346233596844206,16.531436520672553,0.4327919960552576,1.5580511857989274,0.8412783936120519
2023-12-01 05:03:32.187199,3.6469955444335938,0.344567753408397,16.451898355504696,0.43070969176049634,1.5505548903377868,0.8372307272317232
2023-12-01 05:03:36.303388,4.114038705825806,0.3054509573904639,14.584208922253268,0.3818136967380799,1.3745293082570877,0.7421847362673493
2023-12-01 05:03:42.733924,6.428465366363525,0.19548010136465518,9.333487322486889,0.24435012670581902,0.8796604561409485,0.4749775502958392
2023-12-01 05:03:48.738358,6.0024542808532715,0.20935387470494513,9.995911204419999,0.26169234338118147,0.9420924361722534,0.5086880447580758
2023-12-01 05:03:55.871147,7.131248474121094,0.17621557655664136,8.413674017633333,0.22026947069580166,0.792970094504886,0.4281686079173271
2023-12-01 05:04:04.714729,8.841402530670166,0.1421309636199389,6.7862536279582875,0.17766370452492367,0.6395893362897253,0.3453498154037276
2023-12-01 05:04:12.344743,7.6278722286224365,0.16474280425418988,7.865889490762454,0.2059285053177374,0.7413426191438547,0.4002920657768307
2023-12-01 05:04:31.332686,18.985656023025513,0.06618876165837446,3.1602805785184835,0.08273595207296809,0.2978494274626851,0.1608254530775183
2023-12-01 05:04:40.000243,8.6653892993927,0.1450179579957229,6.924097455633644,0.18127244749465365,0.6525808109807532,0.3523646343380076
2023-12-01 05:05:21.954246,41.95184898376465,0.029954271191294464,1.430211098042901,0.037442838989118085,0.1347942203608251,0.0727828881406073
2023-12-01 05:05:30.815965,8.859548330307007,0.14183985623027484,6.772354273947602,0.17729982028784355,0.6382793530362368,0.3446424826683218
2023-12-01 05:05:52.513327,21.695266723632812,0.05792217617988781,2.7655801961006343,0.07240272022485977,0.2606497928094952,0.14073930368189141
2023-12-01 05:05:55.447875,2.9323337078094482,0.42854503840719665,20.461518360003446,0.5356812980089959,1.9284526728323852,1.0412787343218066
2023-12-01 05:05:58.434985,2.985024929046631,0.42098042438703087,20.100334645835954,0.5262255304837886,1.894411909741639,1.0228982351756077
2023-12-01 05:06:00.971783,2.5347232818603516,0.4957689347902358,23.67122298098087,0.6197111684877948,2.2309602065560616,1.204619357753315
2023-12-01 05:06:03.358461,2.3845698833465576,0.5269868877452756,25.161770438782312,0.6587336096815946,2.3714409948537405,1.2804727398434708
2023-12-01 05:06:05.997244,2.6367151737213135,0.47659188749703646,22.75558641979495,0.5957398593712957,2.1446634937366644,1.1580229682402994
2023-12-01 05:06:09.425108,3.425616502761841,0.36683530115609164,17.515095443878817,0.45854412644511466,1.6507588552024128,0.8913364147490717
2023-12-01 05:06:14.404969,4.977626800537109,0.25245706674922275,12.053937027485812,0.3155713334365285,1.1360568003715026,0.6134201807872616
2023-12-01 05:06:23.468791,9.061574697494507,0.13867755918663596,6.621365712141598,0.17334694898329497,0.6240490163398619,0.33695873331168813
2023-12-01 05:06:32.822602,9.35153865814209,0.13437757222356164,6.416056458020402,0.16797196527945207,0.6046990750060275,0.3265106249888101
2023-12-01 05:07:18.773221,45.94849371910095,0.027348819509039286,1.3058099437774995,0.03418602438629911,0.12306968779067681,0.06645216164306367
2023-12-01 05:07:28.667530,9.892051458358765,0.1270350307745378,6.065475928079621,0.15879378846817227,0.5716576384854202,0.30866971777597196
2023-12-01 05:07:35.617490,6.947768449783325,0.18086916259782768,8.635866384100808,0.2260864532472846,0.8139112316902246,0.4394758912802017
2023-12-01 05:08:10.162201,34.54241490364075,0.036379537010988436,1.7369949428080096,0.045474421263735555,0.163707916549448,0.08839499902929972
2023-12-01 05:08:22.740926,12.57660174369812,0.09991864949254615,4.770764092141566,0.1248983118656827,0.44963392271645775,0.24278233453698866
2023-12-01 05:09:03.453106,40.70996308326721,0.030868047187014663,1.4738406880221777,0.038585058983768336,0.13890621234156603,0.07500318105500824
2023-12-01 05:09:09.209410,5.754039287567139,0.21839215873119894,10.427457478374041,0.2729901984139987,0.9827647142903952,0.5306492672850672
2023-12-01 05:09:16.047712,6.831850290298462,0.18393802674809767,8.782393853858702,0.2299225334351221,0.8277211203664395,0.4469326173925277
2023-12-01 05:09:37.149349,21.099456787109375,0.059557792132527994,2.8436751052594276,0.07444724016566,0.268010064596376,0.14471352332361653
2023-12-01 05:09:42.302094,5.150380373001099,0.24398917563901823,11.649625009159921,0.30498646954877284,1.0979512903755824,0.5928448989676866
2023-12-01 05:09:47.683653,5.379717826843262,0.23358791332245266,11.15300131553686,0.2919848916530659,1.0511456099510372,0.5675719117908956
2023-12-01 05:09:51.727411,4.037466526031494,0.3112439578963125,14.860804322005164,0.38905494737039065,1.4005978105334063,0.7562605688964602
2023-12-01 05:09:56.307789,4.578283071517944,0.27447779916746723,13.105349551946077,0.3430972489593341,1.2351500962536026,0.666926156417112
2023-12-01 05:10:58.837628,62.52776384353638,0.020097265345685608,0.959573736718594,0.025121581682107014,0.09043769405558526,0.0488323353369469
2023-12-01 05:11:07.482981,8.643122434616089,0.14539156085571925,6.94193567821015,0.18173945106964906,0.6542620238507366,0.35327241456722663
2023-12-01 05:11:14.624763,7.139714956283569,0.17600661498817505,8.40369683767204,0.22000826873521886,0.7920297674467879,0.42766087309826784
2023-12-01 05:11:18.770229,4.143146991729736,0.30330496695973597,14.481745426789793,0.37913120869967004,1.3648723513188121,0.7369704087187666
2023-12-01 05:11:25.124043,6.351773262023926,0.19784035254361443,9.44618101510784,0.24730044067951804,0.890281586446265,0.48071248861047433
2023-12-01 05:15:04.477486,219.35134720802307,0.005728877790954157,0.27353376563991955,0.007161097238692696,0.025779950059293705,0.01392002725646041
2023-12-01 05:16:14.440938,69.96115827560425,0.01796192476524666,0.8576187341501214,0.022452405956558327,0.08082866144360998,0.04364388479459634
2023-12-01 05:17:14.832790,60.389551401138306,0.020808849085310978,0.9935493575941522,0.026011061356638727,0.09363982088389942,0.05056134150748862
2023-12-01 05:17:21.158795,6.323708772659302,0.1987183639558191,9.48810297201088,0.24839795494477387,0.894232637801186,0.48284588073984924
2023-12-01 05:17:27.537427,6.376574516296387,0.1970708659052559,9.409440734466463,0.24633858238156994,0.8868188965736518,0.4788427899765909
2023-12-01 05:17:34.926799,7.387167930603027,0.1701108020341614,8.12219250511909,0.21263850254270175,0.7654986091537264,0.41333522678260537
2023-12-01 05:24:27.887506,412.95862650871277,0.003043009591687036,0.14529300551791258,0.003803761989608796,0.013693543162591667,0.007393904705881162
2023-12-01 05:24:55.866809,27.977179288864136,0.044916503142119875,2.1446050504413083,0.05614562892764986,0.20212426413953952,0.10913811933472291
2023-12-01 05:25:02.544550,6.675625562667847,0.18824259234421695,8.98792172160441,0.2353032404302712,0.8470916655489763,0.4573918508779784
2023-12-01 05:25:11.053590,8.506799697875977,0.14772148235131025,7.0531812351219605,0.1846518529391378,0.6647466705808961,0.35893365781721365
2023-12-01 05:25:23.951880,12.896057605743408,0.09744350559323334,4.652584676209751,0.1218043819915417,0.43849577516955013,0.23676822989043841
2023-12-01 05:25:32.532217,8.578213453292847,0.14649169879930446,6.994463395751513,0.1831146234991306,0.6592126445968702,0.35594552974255
2023-12-01 05:25:51.027078,18.492740869522095,0.06795299140902267,3.2445163441881166,0.08494123926127833,0.305788461340602,0.16511217852564328
2023-12-01 05:28:21.728736,150.69937586784363,0.008338701167136418,0.3981436529147753,0.010423376458920523,0.03752415525211388,0.02026137609590807
2023-12-01 05:28:52.012171,30.280972480773926,0.041499230654952854,1.9814423079739383,0.05187403831869108,0.18674653794728788,0.10083483064540447
2023-12-01 05:29:42.970974,50.95665955543518,0.024660899525190336,1.1774712181579852,0.030826124406487927,0.11097404786335653,0.05992105366630749
2023-12-01 05:29:57.039917,14.066798448562622,0.08933355134297266,4.265362884056318,0.11166693917871585,0.40200098104337706,0.21706266305315502
2023-12-01 05:30:12.899673,15.857652187347412,0.07924483691467073,3.7836622528442843,0.09905604614333843,0.35660176611601835,0.19254910473526698
2023-12-01 05:31:05.903619,53.0017991065979,0.023709328411825277,1.1320370442393328,0.0296366605147816,0.10669197785321377,0.05760892617505307
2023-12-01 05:32:35.015042,89.10928463935852,0.014102201207447193,0.6733305091925147,0.01762775150930899,0.06345990543351238,0.03426552849385519
2023-12-01 05:32:52.256956,17.239766597747803,0.07289176766465526,3.48032554036076,0.09111470958081909,0.32801295449094875,0.17711241707157938
2023-12-01 05:32:59.116926,6.8577094078063965,0.1832444314431636,8.749277117473026,0.2290555393039545,0.8245999414942362,0.4452473195205989
2023-12-01 05:33:05.714866,6.595669507980347,0.19052456462766443,9.09687787227722,0.23815570578458053,0.85736054082449,0.462936587132299
2023-12-01 05:33:20.522247,14.80516004562378,0.0848783165844508,4.0526410937202435,0.10609789573056352,0.3819524246300287,0.2062373336368986
2023-12-01 05:33:54.598639,34.07421350479126,0.036879415023305474,1.760862359788972,0.046099268779131855,0.16595736760487467,0.08960960262362766
2023-12-01 05:35:14.420973,79.82019472122192,0.015743347480231255,0.7516894716876418,0.01967918435028907,0.07084506366104065,0.03825318570746591
2023-12-01 05:35:56.688146,42.264856576919556,0.029732434064904764,1.4196191554750346,0.037165542581130966,0.13379595329207147,0.07224386829090562
2023-12-01 05:36:14.218274,17.52791690826416,0.07169346294900741,3.423110704713055,0.08961682868625928,0.32262058327053345,0.17420077627349825
2023-12-01 05:36:25.270042,11.049607276916504,0.11372685290463949,5.430057240617475,0.14215856613079939,0.5117708380708778,0.27633350718769306
2023-12-01 05:36:36.979691,11.70754361152649,0.10733567203616597,5.124900832393901,0.13416959004520748,0.4830105241627469,0.26080421591347613
2023-12-01 05:36:50.915349,13.933321475982666,0.09018933953415377,4.306223760316161,0.11273667441769222,0.405852027903692,0.21914205720008686
2023-12-01 05:37:00.493518,9.576009035110474,0.1312276394924496,6.265658248651372,0.16403454936556203,0.5905243777160233,0.3188569184387541
2023-12-01 05:37:13.732547,13.236794710159302,0.09493514774172952,4.532819410876692,0.11866893467716191,0.4272081648377829,0.23067342198285443
2023-12-01 05:37:29.613234,15.878382205963135,0.07914137883417283,3.778722493370072,0.09892672354271605,0.3561362047537778,0.19229772229127315
2023-12-01 05:37:43.542969,13.92750096321106,0.09022703101979847,4.30802339619201,0.1127837887747481,0.40602163958909315,0.21923363997190634
2023-12-01 05:37:47.738235,4.193401336669922,0.2996701151514017,14.308194036978918,0.37458764393925215,1.3485155181813078,0.7281384457948759
2023-12-01 05:37:52.404242,4.664434909820557,0.2694082103686727,12.86329451691464,0.3367602629608409,1.2123369466590272,0.6546080695538009
2023-12-01 05:41:44.190541,231.78416895866394,0.0054215827900654595,0.25886151012626024,0.006776978487581827,0.024397122555294578,0.013173361863301059
2023-12-01 05:43:45.558488,121.36604738235474,0.01035410717032726,0.4943722012382462,0.012942633962909077,0.04659348226647268,0.02515840960246118
2023-12-01 05:43:53.390457,7.830261707305908,0.1604846821739599,7.662579137555249,0.2006058527174499,0.7221810697828197,0.3899456807462878
2023-12-01 05:44:00.765008,7.372459411621094,0.1704501837548403,8.138396788651413,0.2130627296935504,0.7670258268967814,0.41415985648751097
2023-12-01 05:44:09.871745,9.104498863220215,0.13802374851321042,6.590148551985024,0.17252968564151305,0.6211068683094471,0.33537010413739876
2023-12-01 05:44:22.355870,12.481864213943481,0.10067703348608206,4.80697426054147,0.1258462918576026,0.4530466506873694,0.24462505596448222
2023-12-01 05:44:42.404012,20.046014070510864,0.06268762742636808,2.9931137326828647,0.07835953428296011,0.2820943234186564,0.15231839712058917
2023-12-01 05:44:50.509228,8.103099584579468,0.15508103390798125,7.404573937877115,0.19385129238497661,0.6978646525859158,0.3768158961896129
2023-12-01 05:44:59.406464,8.89474081993103,0.1412786597019317,6.745559113488057,0.17659832462741468,0.6357539686586928,0.3432788873437537
2023-12-01 05:45:05.530487,6.121624708175659,0.20527835686458062,9.801319561434035,0.25659794608072584,0.923752605890613,0.4987853515095581
2023-12-01 05:45:17.370034,11.837400197982788,0.10615819693669397,5.068680537659325,0.1326977461708675,0.477711886215123,0.2579431869167791
2023-12-01 05:45:26.027427,8.655245065689087,0.14518792384255502,6.932212727037683,0.1814849048031938,0.6533456572914976,0.35277761735264024
2023-12-01 05:46:48.062075,82.0327136516571,0.015318730851353868,0.7314155210661859,0.019148413564192338,0.06893428883109241,0.03722145222261963
2023-12-01 05:46:55.466118,7.402428150177002,0.16976011599732574,8.105448480248379,0.2122001449966572,0.763920521987966,0.41248312985030217
2023-12-01 05:47:06.876935,11.408720970153809,0.11014705896685417,5.259134670482795,0.13768382370856774,0.4956617653508439,0.2676353238776623
2023-12-01 05:47:18.354346,11.475070714950562,0.10951018016809941,5.22872594779112,0.13688772521012427,0.49279581075644735,0.26608783577244793
2023-12-01 05:47:24.359851,6.00341272354126,0.20932045143394024,9.994315360781581,0.26165056429242534,0.9419420314527313,0.5086068328941881
2023-12-01 05:47:29.908737,5.54670262336731,0.22655569385348334,10.817237568718802,0.28319461731685425,1.0195006223406753,0.5504850249251939
2023-12-01 05:47:38.244212,8.317229509353638,0.15108841952992771,7.213940643639016,0.18886052441240966,0.6798978878846748,0.3671146417738184
2023-12-01 05:48:21.139396,42.893107891082764,0.02929694590158539,1.3988261273199478,0.03662118237698175,0.1318362565571343,0.0711857191516722
2023-12-01 05:48:29.690823,8.549298763275146,0.14698715020160472,7.0181194576728805,0.1837339377520059,0.6614421759072212,0.35714937755985915
2023-12-01 05:48:36.726447,7.033498287200928,0.1786645862589685,8.530605617574947,0.22333073282371066,0.8039906381653584,0.4341192116920417
2023-12-01 05:48:44.078332,7.349713563919067,0.17097769192053305,8.163583448278816,0.21372211490066634,0.7693996136423988,0.41544159582851126
2023-12-01 05:48:51.791769,7.711328506469727,0.16295986617372238,7.780760468142501,0.20369983271715303,0.7333193977817509,0.39595988282891076
2023-12-01 05:48:56.882970,5.089128255844116,0.2469257991273563,11.789838452410551,0.3086572489091954,1.1111660960731033,0.5999803067196503
2023-12-01 05:49:02.399353,5.509397983551025,0.22808972326699928,10.890482077921629,0.2851121540837492,1.026403754701497,0.554212409594155
2023-12-01 05:49:13.548950,11.147352933883667,0.11272963804852934,5.382443738515094,0.1409120475606617,0.5072833712183821,0.27391047453031664
2023-12-01 05:49:27.844682,14.293514728546143,0.08791658911759737,4.197707921353426,0.10989573639699671,0.39562465102918815,0.21361972823793807
2023-12-01 05:52:25.978526,178.13158655166626,0.007054543698635028,0.336829650268664,0.008818179623293785,0.03174544664385763,0.01714113027894339
2023-12-01 05:52:33.120477,7.139829635620117,0.17600378798488997,8.403561858207953,0.2200047349811125,0.7920170459320051,0.4276540040456857
2023-12-01 05:52:46.174961,13.052619934082031,0.09627469946893037,4.596778294550082,0.12034337433616298,0.4332361476101867,0.23392826476960704
2023-12-01 05:54:22.828233,96.65173673629761,0.01300170182005624,0.620785533980653,0.016252127275070305,0.0585076581902531,0.03159153508237266
2023-12-01 05:54:28.234072,5.403649806976318,0.23255338638220982,11.103606292646445,0.2906917329777623,1.0464902387199444,0.5650582182314935
2023-12-01 05:54:31.715622,3.479379892349243,0.36116696087113626,17.244452131235544,0.45145870108892033,1.6252513239201132,0.8775634815246869
2023-12-01 05:54:34.546598,2.828767776489258,0.44423479080899,21.21064885519345,0.5552934885112375,1.999056558640455,1.0794016947076839
2023-12-01 05:54:37.474870,2.9262001514434814,0.4294433040802161,20.50440738662469,0.5368041301002702,1.9324948683609726,1.043461340254109
2023-12-01 05:54:40.320898,2.8439204692840576,0.4418678633978359,21.097636395965985,0.5523348292472949,1.988405385290262,1.073650534484062
2023-12-01 05:54:44.629023,4.305888652801514,0.2918415135092542,13.934405842325386,0.36480189188656775,1.313286810791644,0.7091165095247859
2023-12-01 05:54:51.696898,7.0656468868255615,0.17785166476108694,8.49179147515489,0.22231458095135867,0.8003324914248913,0.43214397503648905
2023-12-01 05:55:08.942941,17.243794202804565,0.07287474245265205,3.4795126463665103,0.09109342806581508,0.3279363410369343,0.17707104921145397
2023-12-01 05:55:33.042337,24.097175121307373,0.052148729264317996,2.4899184115131563,0.06518591158039751,0.23466928168943102,0.12671098236643988
2023-12-01 05:56:11.959137,38.91467642784119,0.032292111274934476,1.5418347396838046,0.0403651390936681,0.14531450073720517,0.0784633719758358
2023-12-01 05:56:21.070970,9.109670162200928,0.1379453963822011,6.586407513299449,0.17243174547775142,0.6207542837199052,0.33517972412947233
2023-12-01 05:56:52.397840,31.324729681015015,0.0401164534932133,1.9154195618283087,0.05014556686651663,0.18052404071945988,0.09747495869780969
2023-12-01 05:57:19.044842,26.644747734069824,0.047162655618956904,2.251850931329323,0.05895331952369613,0.2122319502853061,0.11459582062294149
2023-12-01 05:57:35.818668,16.771540880203247,0.0749267506433606,3.5774888204114066,0.09365843830420076,0.3371703778951227,0.1820570187132376
2023-12-01 05:57:45.780276,9.959692478179932,0.12617227531763706,6.024282389386043,0.15771534414704633,0.5677752389293668,0.30657339456679455
2023-12-01 05:57:51.001884,5.220041036605835,0.24073317673628966,11.49416251313861,0.3009164709203621,1.0832992953133036,0.5849334728338367
2023-12-01 05:57:55.838347,4.8287060260772705,0.26024302466323057,12.425689134101754,0.32530378082903827,1.1710936109845378,0.6323385013267178
2023-12-01 05:57:59.951251,4.110833168029785,0.305689141366491,14.59558136939827,0.3821114267081138,1.3756011361492098,0.7427634756923
2023-12-01 05:58:04.657425,4.7039642333984375,0.26714426366461635,12.755199024260492,0.3339303295807705,1.2021491864907738,0.649107131852285
2023-12-01 05:58:12.355504,7.69581937789917,0.16328827376649763,7.7964407756642276,0.20411034220812208,0.7347972319492395,0.396757847597836
2023-12-01 05:58:20.954101,8.596358060836792,0.1461824940914098,6.979699958444896,0.18272811761426225,0.6578212234113441,0.35519422414330754
2023-12-01 05:58:26.014693,5.058464527130127,0.24842262996926828,11.86130686064936,0.3105282874615854,1.1179018348617074,0.6036173062993282
2023-12-01 05:58:31.581907,5.565079212188721,0.22580757856664677,10.781517694948006,0.2822594732083085,1.0161341035499107,0.5486672544012384
2023-12-01 05:59:31.329832,59.74574613571167,0.021033080055297707,1.0042555977744556,0.026291350069122133,0.09464886024883969,0.05110617791836237
2023-12-01 05:59:41.241059,9.908993482589722,0.1268178310586086,6.055105405551136,0.1585222888232608,0.5706802397637389,0.3081419659062073
2023-12-01 05:59:48.470368,7.227229356765747,0.17387535380477728,8.301936611964749,0.21734419225597162,0.7824390921214979,0.42248233467484786
2023-12-01 05:59:52.647884,4.175934314727783,0.30092356984734653,14.36804209021933,0.37615446230918326,1.3541560643130597,0.7311840900150828
2023-12-01 05:59:55.746096,3.0960891246795654,0.4058788396687304,19.37928708890439,0.507348549585913,1.8264547785092868,0.9862044046270811
2023-12-01 05:59:58.758369,3.010073661804199,0.4174771791739825,19.933067008080055,0.5218464739674782,1.8786473062829214,1.0143860499569428
2023-12-01 06:00:01.773102,3.007676362991333,0.41780993357480417,19.948954860397958,0.5222624169685052,1.8801447010866186,1.0151945766000592
2023-12-01 06:00:04.724599,2.949509859085083,0.42604945278118755,20.342362923516916,0.5325618159764844,1.917222537515344,1.0352149603677294
2023-12-01 06:00:07.118797,2.3927855491638184,0.5251774701978875,25.075377114747106,0.6564718377473595,2.3632986158904945,1.2760762170868274
2023-12-01 06:00:09.534284,2.4139046669006348,0.520582721706816,24.855994034361682,0.65072840213352,2.342622247680672,1.2649118972032216
2023-12-01 06:00:12.398106,2.861598014831543,0.43913822099498945,20.967305571580113,0.548922776243737,1.976121994477453,1.0670180493736257
2023-12-01 06:00:15.324610,2.9243862628936768,0.42970967186546566,20.517125511535564,0.5371370898318322,1.9336935233945958,1.0441085606987086
2023-12-01 06:00:18.471571,3.1446216106414795,0.399614712683849,19.08019705676463,0.4995183908548113,1.7982662070773208,0.9709838288792164
2023-12-01 06:00:22.299015,3.8253815174102783,0.3284997994884025,15.684710067982719,0.4106247493605032,1.4782490976978115,0.7981888127969206
2023-12-01 06:00:27.128164,4.827080488204956,0.2603306625001445,12.429873532585773,0.3254133281251807,1.1714879812506505,0.6325514437428512
2023-12-01 06:00:34.035484,6.905224323272705,0.18198352473512966,8.689073256864626,0.22747940591891208,0.8189258613080835,0.44218356840141804
2023-12-01 06:00:39.186692,5.149131536483765,0.24404835116992343,11.652450432636016,0.3050604389624043,1.0982175802646557,0.59298868367268
2023-12-01 06:00:43.782376,4.589221954345703,0.2738235530852809,13.07411160255254,0.3422794413566012,1.2322059888837644,0.6653364692866157
2023-12-01 06:00:47.773455,3.989254951477051,0.31500545257721324,15.040402463568933,0.3937568157215166,1.4175245365974598,0.7654002486721129
2023-12-01 06:00:53.060803,5.285696506500244,0.23774294643866328,11.351389533283493,0.2971786830483291,1.0698432589739848,0.5776678112566641
2023-12-01 06:01:01.678387,8.61505675315857,0.14586520988096704,6.964550753307805,0.18233151235120884,0.6563934444643519,0.3544232869687738
2023-12-01 06:01:12.525489,10.844961643218994,0.11587289128142302,5.532523025336477,0.1448411141017788,0.5214280107664037,0.2815479512356017
2023-12-01 06:01:16.539010,4.011213302612305,0.3132810365924773,14.958067665193713,0.3916012957405967,1.4097646646661481,0.7612102627124016
2023-12-01 06:01:20.299520,3.7584550380706787,0.3343493666166044,15.964006325003078,0.4179367082707555,1.50457214977472,0.8124020910050254
2023-12-01 06:01:24.259468,3.957843542098999,0.3175054920866006,15.159770557322146,0.39688186510825085,1.4287747143897032,0.7714748446720223
2023-12-01 06:01:28.105027,3.8434338569641113,0.3269568589450169,15.611040083669705,0.40869607368127114,1.4713058652525761,0.7944397758646021
2023-12-01 06:01:32.457371,4.3501386642456055,0.2888728747348658,13.792663781765933,0.3610910934185823,1.2999279363068963,0.7019033110307771
2023-12-01 06:01:37.585147,5.125079393386841,0.24519367701062778,11.70713571333571,0.3064920962632848,1.1033715465478253,0.5957715964004234
2023-12-01 06:01:43.508210,5.916088819503784,0.21241010738262014,10.141835565787286,0.2655126342282752,0.9558454832217907,0.5161140789182904
2023-12-01 06:01:50.078870,6.5685412883758545,0.19131143525880687,9.134448177433269,0.23913929407350862,0.8609014586646311,0.464848525391849
2023-12-01 06:01:55.454513,5.373449087142944,0.23386042019876466,11.166012560454336,0.29232552524845584,1.052371890894441,0.5682340489989584
2023-12-01 06:02:00.401759,4.938753843307495,0.2544441576368067,12.148813628625366,0.31805519704600843,1.1449987093656304,0.618248414225913
2023-12-01 06:02:06.274253,5.8702638149261475,0.2140682431070139,10.221005714843644,0.2675853038837674,0.9633070939815627,0.5201430171014224
2023-12-01 06:02:20.659089,14.382709503173828,0.08737137193507354,4.171675718456235,0.10921421491884194,0.393171173707831,0.21229495952784172
2023-12-01 06:02:26.139829,5.478618144989014,0.22937117137563112,10.951666718162983,0.28671396421953893,1.0321702711903402,0.5573260722085086
2023-12-01 06:02:30.333779,4.1869378089904785,0.3001327267717186,14.330282114810473,0.37516590846464826,1.3505972704727338,0.7292624995099218
2023-12-01 06:02:38.705350,8.369434118270874,0.15014600075441403,7.168943461663332,0.18768250094301758,0.6756570033948633,0.3648247526330753
2023-12-01 06:02:49.232465,10.524979591369629,0.11939567678272234,5.700723643131751,0.14924459597840295,0.5372805455222507,0.2901076154466588
2023-12-01 06:03:21.603601,32.36957240104675,0.038821552718295425,1.853592604085797,0.04852694089786929,0.17469698723232946,0.09432860879491424
2023-12-01 06:08:47.181172,325.5756764411926,0.0038597387715568437,0.18428895136101345,0.004824673464446055,0.0173688244720058,0.00937839326712882
2023-12-01 06:08:54.726891,7.544047594070435,0.16657332098800975,7.953290226742412,0.20821665123501223,0.749579944446044,0.4047398553366662
2023-12-01 06:09:00.245869,5.516847133636475,0.2277817439918069,10.87577715071661,0.28472717998975866,1.0250178479631311,0.5534640815512925
2023-12-01 06:09:05.898930,5.65091872215271,0.2223774793485621,10.617742521191861,0.2779718491857027,1.00069865706853,0.5403327993211364
2023-12-01 06:09:13.727397,7.821609258651733,0.1606622141148141,7.671055663338343,0.20082776764351767,0.7229799635166636,0.3903770478561754
2023-12-01 06:13:32.492109,258.76255226135254,0.0048563327670640005,0.2318728095532133,0.0060704159588300015,0.021853497451788006,0.01179991735741211
2023-12-01 06:13:46.675732,14.181504726409912,0.08861098209809211,4.230862743941642,0.11076372762261515,0.3987494194414145,0.21530696430194424
2023-12-01 06:14:04.767934,18.090117692947388,0.0694653889358514,3.316728006882542,0.08683173616981427,0.31259425021133136,0.16878700203633176
2023-12-01 06:14:33.897403,29.127372980117798,0.04314282178120532,2.0599180036234546,0.05392852722650665,0.19414269801542394,0.10482842836397269
2023-12-01 06:14:57.824651,23.925013303756714,0.052523985900505214,2.507835596086326,0.06565498237563153,0.2363579365522735,0.1276227809410476
2023-12-01 06:15:14.053923,16.226982593536377,0.07744120351349043,3.6975451014472362,0.09680150439186304,0.34848541581070697,0.18816663629707905
2023-12-01 06:15:18.670346,4.614117622375488,0.27234612644940814,13.003569676906107,0.34043265806176026,1.225557569022337,0.661746618046772
2023-12-01 06:15:24.665305,5.992907285690308,0.20968738569283046,10.011835181109223,0.2621092321160381,0.9435932356177371,0.5094984097564395
2023-12-01 06:16:35.670459,71.00285506248474,0.017698401850602164,0.8450364418050248,0.022123002313252708,0.07964280832770974,0.04300357681659314
2023-12-01 06:17:02.900427,27.227860927581787,0.04615261789305474,2.2036251822933353,0.05769077236631843,0.20768678051874634,0.11214163095654442
2023-12-01 06:17:08.786625,5.8840248584747314,0.21356759899237834,10.19710171917141,0.266959498740473,0.9610541954657027,0.518926552031681
2023-12-01 06:17:14.968232,6.1795265674591064,0.20335490878108164,9.709481680353186,0.25419363597635214,0.9150970895148677,0.49411175735627233
2023-12-01 06:17:25.673350,10.703049898147583,0.1174092500169889,5.605878751474795,0.14676156252123618,0.5283416250764502,0.28528099569127974
2023-12-01 06:17:56.153226,30.477653741836548,0.041231423917351503,1.9686554781491676,0.05153927989668939,0.1855414076280818,0.10018411383438071
2023-12-01 06:19:04.478792,68.3232581615448,0.01839252247696825,0.8781782604414864,0.022990653096210317,0.08276635114635715,0.04469015111453746
2023-12-01 06:21:25.974050,141.49307227134705,0.008881262108903911,0.42404902965804253,0.011101577636129891,0.03996567949006761,0.021579690672214727
2023-12-01 06:21:32.185098,6.2088847160339355,0.20239336352803508,9.663571276344513,0.25299170441004387,0.910770135876158,0.4917753947004197
2023-12-01 06:21:36.207144,4.019782543182373,0.31261319435480345,14.926180547194308,0.39076649294350435,1.4067593745966156,0.7595875396433015
2023-12-01 06:21:41.769027,5.559945821762085,0.22601606233595595,10.791472061680002,0.282520077919945,1.017072280511802,0.5491738282639059
2023-12-01 06:22:01.514466,19.74307346343994,0.06364951555100817,3.039040507604224,0.07956189443876022,0.2864228199795368,0.15465559288583966
2023-12-01 06:22:19.336061,17.819455862045288,0.07052050697645054,3.3671061823945783,0.08815063372056318,0.3173422813940275,0.17135072785137953
2023-12-01 06:22:33.551033,14.212762594223022,0.08841610159214894,4.221557885191711,0.1105201269901862,0.3978724571646703,0.21483344364860354
2023-12-01 06:23:02.330203,28.777040719985962,0.04366804334273222,2.08499548594409,0.05458505417841529,0.19650619504229505,0.10610461171417078
2023-12-01 06:23:09.632798,7.300467014312744,0.17213105120155323,8.218652297499398,0.21516381400194157,0.7745897304069896,0.4182440282095341
2023-12-01 06:23:17.046034,7.410946369171143,0.1695649919507463,8.096131993289616,0.21195623993843288,0.7630424637783584,0.41200901744192336
2023-12-01 06:23:22.601392,5.553121328353882,0.2262938241632879,10.804734212026638,0.28286728020410995,1.0183222087347958,0.5498487339519571
2023-12-01 06:23:28.640732,6.032376766204834,0.20831541366513634,9.946328342111823,0.26039426708142044,0.9374193614931136,0.5061647921235483
2023-12-01 06:23:35.703633,7.060685634613037,0.1779766337812302,8.497758306341636,0.22247079222653773,0.8008948520155359,0.4324476247616331
2023-12-01 06:23:40.888637,5.182831764221191,0.24246148024925293,11.576682927313968,0.3030768503115662,1.0910766611216385,0.5891329047096349
2023-12-01 06:23:46.203423,5.30851674079895,0.23672093784275963,11.302592217307351,0.2959011723034496,1.0652442202924186,0.5751845347703375
2023-12-01 06:23:51.176804,4.971875429153442,0.2527491043052709,12.067880793669875,0.3159363803815887,1.1373709693737195,0.6141297736409475
2023-12-01 06:24:00.030303,8.85120964050293,0.14197348300119064,6.7787344822838,0.1774668537514883,0.6388806735053579,0.34496716899629304
2023-12-01 06:24:05.097245,5.064851999282837,0.2481093350040341,11.846348127940512,0.31013666875504264,1.1164920075181535,0.6028560621928021
2023-12-01 06:24:13.788671,8.684538841247559,0.14469819116559998,6.908829714138377,0.18087273895699998,0.6511418602451999,0.35158766489417487
2023-12-01 06:24:24.403493,10.612576246261597,0.11841017979763228,5.653669628157979,0.1480127247470404,0.5328458090893454,0.287713054872287
2023-12-01 06:24:27.680663,3.275059461593628,0.38369900643710564,18.3202780601743,0.47962375804638213,1.7266455289669758,0.9323118458408794
2023-12-01 06:24:30.739304,3.0564656257629395,0.41114058370024753,19.630516860474458,0.5139257296253095,1.8501326266511142,0.9989893902748616
2023-12-01 06:24:33.926401,3.1849546432495117,0.39455414666558924,18.838572827769955,0.4931926833319866,1.7754936599951519,0.9586876655680489
2023-12-01 06:24:38.758466,4.829953670501709,0.2601758002588428,12.422479405225337,0.32521975032355355,1.170791101164793,0.6321751594689363
2023-12-01 06:24:50.919847,12.159289360046387,0.10334790333759465,4.934498902308474,0.12918487917199334,0.465065565019176,0.25111473552968755
2023-12-01 06:25:04.135324,13.207219362258911,0.0951477390484553,4.542969898073824,0.11893467381056913,0.42816482571804887,0.2311899763399367
2023-12-01 06:25:12.255541,8.118637323379517,0.1547842342725591,7.390402799151522,0.1934802928406989,0.696529054226516,0.37609473243546415
2023-12-01 06:25:19.097805,6.840106725692749,0.1837160020787027,8.771792956771936,0.22964500259837842,0.8267220093541623,0.4463931418508319
2023-12-01 06:25:23.987766,4.88773775100708,0.2570999356864016,12.275617689929758,0.321374919608002,1.1569497105888074,0.6247014237308186
2023-12-01 06:25:29.236327,5.246345043182373,0.23952619415852516,11.436533340095504,0.2994077426981565,1.0778678737133636,0.5820007465663846
2023-12-01 06:25:34.107966,4.869515895843506,0.2580620103342409,12.321553370677867,0.32257751291780123,1.1612790465040845,0.6270390727101387
2023-12-01 06:25:38.728326,4.618344306945801,0.2720968766979947,12.991668877905543,0.3401210958724934,1.2244359451409763,0.6611409910007876
2023-12-01 06:25:44.604271,5.873832702636719,0.21393817717549607,10.21479552406497,0.26742272146937013,0.9627217972897325,0.5198269829010205
2023-12-01 06:25:52.583237,7.976837873458862,0.157535740524086,7.52177754541515,0.1969196756551075,0.708910832358387,0.3827803423254242
2023-12-01 06:26:01.934270,9.3487548828125,0.13441758578420102,6.417966964810342,0.16802198223025128,0.6048791360289046,0.32660784993845166
2023-12-01 06:26:11.116678,9.180232524871826,0.1368851015517673,6.5357821642799525,0.17110637693970918,0.615982956982953,0.3326034197504843
2023-12-01 06:26:18.956272,7.83726692199707,0.16034123552802312,7.655730064724013,0.20042654441002894,0.7215355598761042,0.38959713408599067
2023-12-01 06:26:25.120243,6.161878347396851,0.20393733705677533,9.737290582075127,0.2549216713209692,0.9177180167554891,0.49552694158055277
2023-12-01 06:26:34.710901,9.588546991348267,0.1310560466116273,6.257465292096699,0.16382005826453416,0.589752209752323,0.3184399820569321
2023-12-01 06:27:00.071729,25.35865068435669,0.04955457122216344,2.366056488842009,0.06194321402770431,0.2229955704997355,0.12040769715561274
2023-12-01 06:27:09.206156,9.132220268249512,0.13760476910581493,6.5701437588628115,0.17200596138226867,0.6192214609761673,0.33435206797330913
2023-12-01 06:27:25.535792,16.327523231506348,0.07696434074036729,3.674776581191519,0.09620542592545911,0.3463395333316528,0.18700795513094443
2023-12-01 06:27:58.242633,32.70463442802429,0.03842382229348868,1.8346023751479872,0.04802977786686086,0.1729072003206991,0.09336220340871881
2023-12-01 06:28:38.314084,40.06925940513611,0.031361624349733816,1.4974072615953853,0.03920203043716727,0.14112730957380218,0.07620247484498323
2023-12-01 06:28:46.121637,7.805640935897827,0.1609908874563643,7.6867486594294165,0.20123860932045542,0.7244589935536395,0.39117565834147405
2023-12-01 06:29:04.913355,18.790095567703247,0.06687763012742988,3.1931716251155784,0.08359703765928736,0.3009493355734345,0.16249926568362913
2023-12-01 06:29:14.869357,9.953677892684937,0.12624851587365843,6.027922607792506,0.15781064484207308,0.5681183214314631,0.30675864386981533
2023-12-01 06:29:53.217476,38.345837116241455,0.03277114690772173,1.5647070063463782,0.040963933634652165,0.1474701610847478,0.07962733275638227
2023-12-01 06:31:25.864271,92.6444959640503,0.013564076833269642,0.6476369629479377,0.016955096041587053,0.06103834574971339,0.03295799388947858
2023-12-01 06:31:33.309394,7.442988395690918,0.16883501553803862,8.06127818696274,0.2110437694225483,0.7597575699211738,0.4102353207543263
2023-12-01 06:32:18.691646,45.379947662353516,0.027691461232741868,1.3221698809885374,0.03461432654092734,0.12461157554733843,0.0672847125033162
2023-12-01 06:33:09.952393,51.258628368377686,0.024515620129452347,1.1705346379696537,0.03064452516181544,0.11032029058253558,0.05956805379054332
2023-12-01 06:33:18.749237,8.794720888137817,0.1428853828813203,6.822274494342063,0.1786067286016504,0.6429842229659414,0.3471829033250321
2023-12-01 06:33:48.012575,29.261274814605713,0.04294539692469821,2.05049166108276,0.05368174615587277,0.19325428616114196,0.10434872544763173
2023-12-01 06:33:58.747611,10.733489513397217,0.11707628352060352,5.589980772339677,0.1463453544007544,0.526843275842716,0.2844719536983625
2023-12-01 06:34:08.947436,10.197679996490479,0.12322774021820528,5.883691194531397,0.1540346752727566,0.5545248309819238,0.2994187631821952
2023-12-01 06:34:29.912308,20.962753534317017,0.05994618308986666,2.86221940747322,0.07493272886233333,0.2697578239044,0.14565723567175803
2023-12-01 06:34:46.892517,16.978314876556396,0.07401423937372476,3.533919616654525,0.09251779921715596,0.33306407718176145,0.17983979883027643
2023-12-01 06:35:00.157559,13.263416051864624,0.09474460097775898,4.523721473063869,0.11843075122219875,0.4263507043999155,0.2302104314557588
2023-12-01 06:35:05.454667,5.29490327835083,0.23732955927144228,11.3316517499613,0.2966619490893029,1.0679830167214903,0.5766633631177505
2023-12-01 06:35:09.298858,3.836244821548462,0.32756956865143144,15.640294817206582,0.4094619608142893,1.4740630589314416,0.7959285379092481
2023-12-01 06:35:15.089671,5.7887513637542725,0.2170825766164761,10.364929538291179,0.27135322077059515,0.9768715947741425,0.5274672446627137
2023-12-01 06:35:27.821732,12.729864120483398,0.09871566966798058,4.713326036485737,0.12339458708497573,0.44422051350591263,0.23985933415925922
2023-12-01 06:35:44.501721,16.677754640579224,0.07534809622263838,3.597606589919,0.09418512027829799,0.3390664330018728,0.18308080420176678
2023-12-01 06:35:52.766147,8.26208758354187,0.15209679741705306,7.262087141211184,0.19012099677131633,0.6844355883767388,0.36956479836395556
2023-12-01 06:36:01.272147,8.503883361816406,0.14777214220486473,7.055600064954814,0.18471517775608096,0.6649746399218914,0.3590567511293804
2023-12-01 06:36:07.062225,5.787919759750366,0.2171137668795388,10.366418763654009,0.27139220859942353,0.9770119509579247,0.5275430307639034
2023-12-01 06:36:11.263901,4.194722652435303,0.299575720627527,14.30368703045628,0.3744696507844088,1.3480907428238718,0.7279090859807652
2023-12-01 06:36:14.549786,3.2838294506073,0.3826742771929033,18.271350842810612,0.4783428464911292,1.722034247368065,0.9298219587233165
2023-12-01 06:36:18.728129,4.176182985305786,0.3009056513705192,14.367186545971407,0.3761320642131491,1.3540754311673369,0.7311405517000877
2023-12-01 06:36:23.965332,5.235069513320923,0.2400420965258121,11.461165863667462,0.3000526206572652,1.0801894343661547,0.5832542861384183
2023-12-01 06:36:32.237444,8.269901514053345,0.1519530866601577,7.255225458010572,0.18994135832519715,0.6837888899707097,0.3692156099668512
2023-12-01 06:36:42.460748,10.221084356307983,0.12294557188155664,5.8702186488629025,0.15368196485194582,0.553255073467005,0.29873315055780636
2023-12-01 06:36:53.701797,11.23879361152649,0.11181245112883931,5.338651288912725,0.13976556391104916,0.503156030079777,0.2716818937528538
2023-12-01 06:37:04.002316,10.298256874084473,0.12202424903560524,5.8262287233279055,0.15253031129450656,0.5491091206602237,0.29649452030671364
2023-12-01 06:37:07.444679,3.4402759075164795,0.3652721744469262,17.440461641146026,0.45659021805865785,1.6437247850111683,0.8875383294711415
2023-12-01 06:37:20.849597,13.40271806716919,0.09375986685224169,4.476703881951663,0.11719983356530214,0.4219194008350877,0.22781772447757692
2023-12-01 06:37:30.755580,9.903794765472412,0.12688440049433672,6.058283861977626,0.15860550061792092,0.5709798022245153,0.3083037163211394
2023-12-01 06:37:34.531220,3.773549795150757,0.333011919718344,15.900147939508757,0.41626489964793006,1.4985536387325482,0.8091523625316324
2023-12-01 06:37:36.614256,2.080920457839966,0.6038851973901636,28.833394267400838,0.7548564967377045,2.717483388255736,1.4673202526186195
2023-12-01 06:37:38.571049,1.954730749130249,0.6428696443206072,30.69476449720597,0.803587055400759,2.8929133994427327,1.5620446617702115
2023-12-01 06:37:40.695764,2.1226840019226074,0.5920038311391268,28.266100816539524,0.7400047889239085,2.664017240126071,1.4384509089018505
2023-12-01 06:37:43.687902,2.9900405406951904,0.4202742552593439,20.066617553636874,0.52534281907418,1.891234148667048,1.0211823854291542
2023-12-01 06:37:48.335282,4.645364284515381,0.27051421255050473,12.91610223120734,0.338142765688131,1.2173139564772717,0.6572954336552166
2023-12-01 06:37:58.469739,10.13293981552124,0.12401505232578701,5.921282578634717,0.15501881540723378,0.5580677354660416,0.30133177414119733
2023-12-01 06:38:40.171739,41.69982075691223,0.030135310862879787,1.4388551056314625,0.037669138578599735,0.13560889888295904,0.07322277833462532
2023-12-01 06:38:49.304751,9.13110637664795,0.13762155532977505,6.570945242018541,0.1720269441622188,0.6192969989839877,0.33439285514028744
2023-12-01 06:38:53.165274,3.85900616645813,0.32563748468670706,15.54804460317024,0.40704685585838385,1.4653686810901818,0.7912339602917609
2023-12-01 06:38:58.865463,5.697988748550415,0.22054046030814106,10.53003132294078,0.2756755753851764,0.992432071386635,0.5358692104567213
2023-12-01 06:39:40.335350,41.467682123184204,0.030304010185641484,1.446909904965596,0.03788001273205186,0.1363680458353867,0.07363268394907169
2023-12-01 06:39:46.653838,6.316563844680786,0.19894314255908904,9.498835359754391,0.24867892819886134,0.8952441415159008,0.4833920477900746
2023-12-01 06:40:41.359837,54.704376220703125,0.022971417430409105,1.0968043901630802,0.02871427178801139,0.103371378436841,0.055815950072408055
2023-12-01 06:40:47.664699,6.3029625415802,0.19937244639262425,9.51933310791302,0.24921555799078035,0.8971760087668093,0.4844351702447985
2023-12-01 06:40:51.115306,3.4490063190460205,0.3643475671518912,17.39631489471893,0.4554344589398641,1.6395640521835109,0.8852917186656655
2023-12-01 06:40:54.305363,3.188032627105713,0.39417321226626456,18.820384549976076,0.4927165153328308,1.773779455198191,0.9577620711645698
2023-12-01 06:40:58.013814,3.7061970233917236,0.3390637501203071,16.18910155647663,0.42382968765038387,1.525786875541382,0.8238571000423222
2023-12-01 06:41:02.545439,4.529499769210815,0.2774339608046528,13.246495873087092,0.34679245100581607,1.2484528236209378,0.6741090379631455
2023-12-01 06:41:08.138390,5.590646982192993,0.22477489017612545,10.732210456340482,0.28096861272015683,1.0114870057925647,0.5461580281499496
2023-12-01 06:41:15.563259,7.422800302505493,0.16929420302628267,8.083202774530738,0.21161775378285339,0.7618239136182722,0.4113510545132617
2023-12-01 06:41:23.112971,7.547581434249878,0.16649532997861707,7.949566430343941,0.20811916247327136,0.7492289849037769,0.4045503527820438
2023-12-01 06:41:31.699812,8.584590435028076,0.1463828788276732,6.989267624833842,0.18297859853459153,0.6587229547245296,0.3556811189754804
2023-12-01 06:41:41.676306,9.974449634552002,0.12598560396584313,6.015369488874549,0.15748200495730394,0.5669352178462942,0.3061198205162057
2023-12-01 06:41:50.694315,9.015851974487305,0.13938084442733734,6.654945108879958,0.1742260555341717,0.6272137999230182,0.3386675757895443
2023-12-01 06:41:56.991442,6.295002698898315,0.19962454688952563,9.531370019984355,0.24953068361190708,0.8983104610028655,0.48504772403216945
2023-12-01 06:42:03.591305,6.597806692123413,0.1904628492580897,9.093931180437453,0.23807856157261217,0.8570828216614038,0.46278663112730645
2023-12-01 06:42:21.636315,18.042938470840454,0.06964702913922768,3.3254006877520075,0.08705878642403461,0.3134116311265246,0.16922835140249545
2023-12-01 06:42:30.681086,9.04268741607666,0.13896721224730035,6.635195627057529,0.17370901530912547,0.6253524551128518,0.33766253231849047
2023-12-01 06:42:51.115341,20.431869745254517,0.0615037721512385,2.936588807000178,0.07687971518904814,0.2767669746805733,0.14944186557307934
2023-12-01 06:42:55.968656,4.851196765899658,0.25903650626359886,12.36808212393194,0.3237956328294986,1.165664278186195,0.6294069029192926
2023-12-01 06:43:02.674904,6.704120397567749,0.18744249609416688,8.949719939660984,0.23430312011770862,0.843491232423751,0.45544777700960676
2023-12-01 06:43:09.530784,6.853763818740845,0.1833499219800637,8.754313919592146,0.22918740247507965,0.8250746489102868,0.44550364042715884
2023-12-01 06:43:27.506813,17.97391629219055,0.06991448279871598,3.3381706593386813,0.08739310349839498,0.31461517259422195,0.1698782103043201
2023-12-01 06:43:42.624225,15.115276098251343,0.08313689100136881,3.969494146847988,0.10392111375171104,0.37411600950615975,0.20200601775512597
2023-12-01 06:43:51.611483,8.985118865966797,0.13985758899592515,6.677707985284846,0.17482198624490644,0.6293591504816632,0.33982596974229895
2023-12-01 06:45:14.028704,82.41505217552185,0.01524766445284314,0.7280223504829697,0.01905958056605393,0.06861449003779414,0.03704877508751827
2023-12-01 06:45:38.080973,24.049977779388428,0.05225106954206394,2.4948047998373557,0.06531383692757993,0.23512981293928775,0.12695964877330698
2023-12-01 06:45:52.128597,14.045320987701416,0.08947015611364621,4.271885281407107,0.11183769514205778,0.40261570251140805,0.2173945853249376
2023-12-01 06:46:25.538842,33.40798044204712,0.0376148765896163,1.7959780629087143,0.04701859573702037,0.16926694465327335,0.09139662713744968
2023-12-01 06:46:35.983552,10.44260573387146,0.12033749941931739,5.745692361570734,0.15042187427414674,0.5415187473869283,0.2923960560890574
2023-12-01 06:46:41.916983,5.931349277496338,0.21186360853905944,10.11574216808328,0.2648295106738243,0.9533862384257675,0.5147861960282066
2023-12-01 06:46:45.923493,4.004115343093872,0.3138363792649758,14.984583324625113,0.3922954740812198,1.4122637066923913,0.7625596343380383
2023-12-01 06:46:50.304591,4.379075288772583,0.28696402289720435,13.701522820087773,0.35870502862150544,1.2913381030374196,0.6972651828356271
2023-12-01 06:46:56.902892,6.595858335494995,0.19051911025339072,9.09661744508908,0.23814888781673843,0.8573359961402583,0.46292333409368885
2023-12-01 06:49:11.367628,134.46263241767883,0.00934562293509507,0.44622062591801037,0.011682028668868841,0.04205530320792783,0.02270799460769401
2023-12-01 06:49:22.319749,10.950001001358032,0.11476136497887696,5.479451553708418,0.1434517062235962,0.5164261424049463,0.27884716462567527
2023-12-01 06:49:31.445504,9.12363052368164,0.13773432167974609,6.576329438622238,0.17216790209968263,0.6198044475588576,0.33466685481744707
2023-12-01 06:49:45.068795,13.621301651000977,0.09225528467344174,4.404865374638468,0.1153191058418022,0.4151487810304879,0.2241618906995288
2023-12-01 06:50:02.489873,17.41948652267456,0.07213973039906661,3.444418405898436,0.09017466299883328,0.3246287867957998,0.1752851169236521
2023-12-01 06:50:38.521707,36.02959322929382,0.03487791420343346,1.6652977350634384,0.043597392754291836,0.15695061391545062,0.08474635593150265
2023-12-01 06:50:43.770910,5.2469868659973145,0.2394968947948879,11.435134398529808,0.29937111849360987,1.0777360265769955,0.5819295549726186
2023-12-01 06:50:51.031836,7.2587890625,0.1731193799152939,8.265841517556842,0.21639922489411736,0.7790372096188225,0.4206454693181811
2023-12-01 06:51:30.292636,39.25859332084656,0.032009222825837604,1.5283278111785943,0.04001152853229701,0.14404150271626923,0.07777600962222021
2023-12-01 06:53:31.050791,120.75588059425354,0.010406425386919976,0.4968702120735911,0.013008031733649972,0.0468289142411399,0.025285532405138162
2023-12-01 06:53:39.594259,8.541269063949585,0.14712533372117342,7.02471723473084,0.1839066671514668,0.6620640017452806,0.35748513587570724
2023-12-01 06:53:46.904405,7.308290481567383,0.1719467862703797,8.209854295108972,0.21493348283797467,0.7737605382167089,0.4177963012797687
2023-12-01 06:54:35.867662,48.96172904968262,0.02566570024846913,1.2254469187376245,0.032082125310586414,0.1154956511181111,0.062362518463730296
2023-12-01 06:54:47.548936,11.67939281463623,0.10759438280568326,5.137253361733837,0.13449297850710412,0.48417472262557487,0.2614328313412493
2023-12-01 06:55:18.893239,31.342774629592896,0.04009335728207798,1.9143167989776446,0.05011669660259748,0.18042010776935094,0.09741883952399309
2023-12-01 06:58:43.462864,204.56735372543335,0.006142901291681923,0.29330193164903,0.007678626614602405,0.027643055812568658,0.014926021558528738
2023-12-01 06:58:49.334217,5.869399070739746,0.21409978198629073,10.222511585404591,0.2676247274828635,0.9634490189383086,0.5202196502702894
2023-12-01 06:58:56.219537,6.88381028175354,0.18254963603032495,8.716103080155772,0.2281870450379062,0.8214733621364624,0.4435591056264836
2023-12-01 06:59:02.161119,5.939533233642578,0.21157168619212371,10.101803902729136,0.2644646077401546,0.9520725878645566,0.5140768831096222
2023-12-01 06:59:19.671556,17.500953674316406,0.07180391907899852,3.4283845964379207,0.08975489884874817,0.3231176358554934,0.17446916257815065
2023-12-01 06:59:43.890683,24.216785192489624,0.05189115943538366,2.4776203580732865,0.06486394929422959,0.23351021745922654,0.12608513919609524
2023-12-01 06:59:52.728655,8.835837841033936,0.14222047575387264,6.790527517532965,0.17777559469234083,0.6399921408924271,0.34556731198675983
2023-12-01 07:00:01.069448,8.338584899902344,0.15070147711161808,7.195465504069244,0.18837684638952262,0.6781566470022815,0.36617444908580965
2023-12-01 07:00:08.088301,7.016773462295532,0.17909044209399475,8.550938735931634,0.2238630526174935,0.8059069894229767,0.4351539561999886
2023-12-01 07:01:03.009795,54.91940116882324,0.022881477851023756,1.092510091571445,0.0286018473137797,0.10296665032960692,0.05559741488241753
2023-12-01 07:01:21.092312,18.080267667770386,0.06950323327767872,3.318534941103505,0.08687904159709842,0.3127645497495543,0.16887895621810378
2023-12-01 07:01:27.812913,6.718452453613281,0.18704263669531213,8.930628059700137,0.2338032958691402,0.8416918651289047,0.4544761986422695
2023-12-01 07:01:33.522711,5.70748496055603,0.22017352128309317,10.51251127504587,0.2752169016038665,0.9907808457739196,0.53497762201366
2023-12-01 07:01:39.479585,5.954660892486572,0.21103419390708,10.076140536517597,0.26379274238385003,0.9496538725818602,0.5127708843554231
2023-12-01 07:01:46.422672,6.941148281097412,0.18104166782577938,8.644102902022121,0.22630208478222424,0.8146875052160073,0.43989504448307876
2023-12-01 07:01:53.050436,6.626139879226685,0.18964843549040433,9.055045787382685,0.23706054436300542,0.8534179597068196,0.46080776855458444
2023-12-01 07:01:59.349796,6.297223806381226,0.19955413688211576,9.528008189767629,0.24944267110264476,0.8979936159695211,0.48487664179616496
2023-12-01 07:02:39.182049,39.829954385757446,0.03155005022765656,1.506403934558736,0.03943756278457071,0.14197522602445456,0.07666031204315993
2023-12-01 07:07:02.387360,263.20297861099243,0.004774402888856346,0.22796094602211373,0.0059680036110704325,0.021484812999853557,0.011600844139343149
2023-12-01 07:11:48.821669,286.43235301971436,0.00438720363879225,0.20947354363936102,0.005484004548490313,0.019742416374565128,0.01066002740153741
2023-12-01 07:12:06.232025,17.40868616104126,0.07218448594059522,3.446555325597945,0.09023060742574403,0.3248301867326785,0.17539386393845827
2023-12-01 07:12:15.612629,9.378499984741211,0.13399126336625916,6.397611568760442,0.167489079207824,0.6029606851481664,0.3255719717273366
2023-12-01 07:12:22.920512,7.305668592453003,0.1720084952572397,8.21280068219656,0.21501061907154964,0.7740382286575788,0.41794624177604106
2023-12-01 07:12:44.333731,21.411120414733887,0.05869085956712348,2.8022821243259877,0.07336357445890436,0.2641088680520557,0.14260705057619666
2023-12-01 07:14:08.378828,84.04291367530823,0.01495232621623299,0.7139209884108049,0.01869040777029124,0.06728546797304846,0.03633116224020292
2023-12-01 07:14:15.827514,7.446555137634277,0.16875414714717907,8.057417005719186,0.2109426839339739,0.759393662162306,0.4100388267382158
2023-12-01 07:15:52.505427,96.67583513259888,0.012998460884380631,0.6206307907007481,0.01624807610547579,0.05849307397971285,0.03158366025686806
2023-12-01 07:16:47.798396,55.29089426994324,0.022727739857140265,1.0851696430711681,0.028409674821425337,0.10227482935713121,0.055223862304879426
2023-12-01 07:16:58.559434,10.759428977966309,0.11679402912638959,5.5765041177251105,0.14599253640798698,0.5255731310687531,0.2837861319713014
2023-12-01 07:17:26.454373,27.892761945724487,0.04505244277641496,2.1510956898693583,0.05631555347051871,0.20273599249386737,0.1094684254581331
2023-12-01 07:27:54.378076,627.9214630126953,0.0020012647049946603,0.09555335107057317,0.0025015808812433255,0.009005691172475972,0.004862672980196026
2023-12-01 07:29:53.249734,118.86951565742493,0.010571567104365702,0.5047551482662429,0.013214458880457133,0.04757205196964568,0.025686793750187793
2023-12-01 07:30:52.710796,59.45881223678589,0.021134580630900374,1.0091018932746068,0.026418225788625467,0.09510561283905168,0.051352804016961726
2023-12-01 07:30:58.381913,5.668980836868286,0.22166895560192454,10.583913004219253,0.27708619450240574,0.9975103002086607,0.5386112283215564
2023-12-01 07:31:06.556843,8.17269492149353,0.15376042706929666,7.341519605999831,0.19220053383662086,0.6919219218118351,0.3736070856929771
2023-12-01 07:33:15.341492,128.78233742713928,0.009757837033722737,0.46590239934063926,0.012197296292153421,0.043910266651752315,0.023709592424539506
2023-12-01 07:33:39.801561,24.45777678489685,0.051379856496683494,2.4532074410398232,0.06422482062085438,0.2312093542350758,0.12484277531564159
2023-12-01 07:35:27.756409,107.9526138305664,0.011640635801632668,0.5557994185686981,0.01455079475204084,0.05238286110734702,0.028284416870807065
2023-12-01 07:36:14.284598,46.52604579925537,0.027009324344000652,1.2896002436759901,0.03376165543000082,0.12154195954800295,0.0656272562910528
2023-12-01 07:36:26.467120,12.180267333984375,0.10316990809633154,4.926000255560316,0.12896238512041447,0.4642645864334921,0.2506822426924665
2023-12-01 07:36:54.198286,27.729028701782227,0.04531846661311831,2.163797392446841,0.056648083266397885,0.2039330997590324,0.11011481017655486
2023-12-01 07:36:59.212951,5.012551307678223,0.25069809450349195,11.969952289184958,0.31337261812936495,1.1281414252657138,0.6091462300245848
2023-12-01 07:37:07.749077,8.5290687084198,0.14733578827842944,7.034765699655893,0.18416973534803682,0.6630110472529326,0.3579964983589279
2023-12-01 07:37:14.542465,6.79109787940979,0.18504181264210123,8.835095748202434,0.23130226580262658,0.8326881568894557,0.4496145963577777
2023-12-01 07:37:21.974886,7.4303319454193115,0.16912260053342776,8.075009359035313,0.2114032506667847,0.761051702400425,0.41093409477612275
2023-12-01 07:37:26.555254,4.578299045562744,0.2744768414928774,13.105303826352625,0.3430960518660968,1.2351457867179485,0.6669238294593937
2023-12-01 07:37:32.191422,5.634134531021118,0.2230399459787424,10.649372972839847,0.27879993247342805,1.003679756904341,0.5419424607391484
2023-12-01 07:37:39.580783,7.387221336364746,0.17010957222168582,8.12213378589872,0.21263696527710732,0.7654930749975863,0.4133322385842523
2023-12-01 07:37:56.937621,17.35462212562561,0.0724093588635608,3.457292216775194,0.090511698579451,0.3258421148860236,0.17594026016668005
2023-12-01 07:38:35.537557,38.59777641296387,0.032557239774409635,1.554493693057607,0.040696549718012044,0.14650757898484337,0.07910758120386054
2023-12-01 07:38:42.259137,6.7193121910095215,0.18701870455093675,8.9294853839773,0.233773380688671,0.8415841704792156,0.45441804831786625
2023-12-01 07:38:46.818650,4.55763578414917,0.2757212557015477,13.164720228121725,0.3446515696269347,1.240745650656965,0.6699475071036208
2023-12-01 07:38:50.493078,3.6728811264038086,0.34213932283354775,16.33594933652187,0.4276741535419348,1.5396269527509652,0.8313301266209545
2023-12-01 07:38:54.465846,3.970546245574951,0.31648971796674064,15.111270915649984,0.3956121474584259,1.4242037308503332,0.7690067167155865
2023-12-01 07:39:02.035344,7.5672996044158936,0.16606149183027027,7.928852184600572,0.20757686478783785,0.7472767132362163,0.40349621284919074
2023-12-01 07:39:06.760131,4.722679853439331,0.2660855913239092,12.704651143419026,0.33260698915488657,1.1973851609575916,0.6465347697988347
2023-12-01 07:39:13.946394,7.184123516082764,0.17491863254059348,8.351749502313092,0.21864829067574185,0.7871338464326707,0.425017293347134
2023-12-01 07:39:27.426474,13.477859020233154,0.09323714245337006,4.4517456303651155,0.1165464280667126,0.41956714104016535,0.22654760873319862
2023-12-01 07:39:42.430716,15.002089738845825,0.08376413441802245,3.999442813932671,0.1047051680225281,0.3769386048811012,0.20353009380891104
2023-12-01 07:39:52.576715,10.143897294998169,0.12388109075744975,5.914886384899152,0.15485136344681222,0.557464908408524,0.3010062743224515
2023-12-01 07:39:56.258531,3.679431915283203,0.3415301846505821,16.30686513066837,0.42691273081322767,1.5368858309276197,0.8298500426639844
2023-12-01 07:39:59.409226,3.14864182472229,0.3991044810397742,19.055835290281706,0.4988806012997178,1.795970164678984,0.9697440680304434
2023-12-01 07:40:02.489126,3.0776007175445557,0.40831711997991643,19.49570639815506,0.5103963999748956,1.8374270399096242,0.992128938127201
2023-12-01 07:40:06.792673,4.301248073577881,0.29215637878580125,13.949439551876525,0.36519547348225156,1.3147037045361056,0.7098815691737399
2023-12-01 07:40:21.580464,14.78557014465332,0.08499077473115474,4.058010574701909,0.10623846841394342,0.38245848629019635,0.2065105844417598
2023-12-01 07:40:33.828689,12.246149778366089,0.10261486950419947,4.89949911489694,0.12826858688024936,0.4617669127688977,0.24933360992130393
2023-12-01 07:40:43.136241,9.305294513702393,0.13504538298980998,6.4479420733699255,0.1688067287372625,0.607704223454145,0.3281332715886403
2023-12-01 07:40:52.003576,8.8651704788208,0.14174990367506937,6.768059355806194,0.17718737959383676,0.6378745665378124,0.34442391594968363
2023-12-01 07:41:04.943192,12.937515258789062,0.09713125250864725,4.637675689637481,0.12141406563580907,0.43709063628891265,0.23600951734551112
2023-12-01 07:43:33.216564,148.27129530906677,0.008475255165313673,0.40466362605743694,0.010594068956642094,0.03813864824391154,0.020593175000679167
2023-12-01 07:43:38.261479,5.042609214782715,0.2492037371747962,11.8986019825027,0.3115046714684953,1.121416817286583,0.6055152405873199
2023-12-01 07:43:44.261486,5.997708797454834,0.2095195188484608,10.003820129690421,0.26189939856057604,0.9428378348180737,0.5090905268979902
2023-12-01 07:43:52.097422,7.833744287490845,0.16041333688189857,7.65917265078588,0.20051667110237323,0.7218600159685437,0.38977232595563716
2023-12-01 07:44:19.342354,27.242582321166992,0.04612767786185721,2.2024343835195492,0.05765959732732152,0.20757455037835745,0.11208103166874066
2023-12-01 07:46:41.067753,141.72327613830566,0.008866836102557943,0.42336023859233174,0.011083545128197429,0.039900762461510746,0.02154463836199529
2023-12-01 07:46:52.619866,11.549993515014648,0.10879980666675927,5.194808111537187,0.13599975833344913,0.4895991300004169,0.26436177023889174
2023-12-01 07:49:19.082531,146.4604914188385,0.008580041274354772,0.4096667942238141,0.010725051592943466,0.03861018573459648,0.020847784288427228
2023-12-01 07:49:24.639269,5.554573059082031,0.22623468051810872,10.801910310981816,0.28279335064763594,1.0180560623314894,0.5497050267229007
2023-12-01 07:49:34.186820,9.545401573181152,0.13164842273022606,6.2857491683300735,0.16456052841278263,0.5924179022860174,0.3198793375499034
2023-12-01 07:50:09.541584,35.35269570350647,0.03554572109507557,1.6971831654141407,0.044432151368844465,0.15995574492784007,0.08636899311681462
2023-12-01 07:50:19.676391,10.13253140449524,0.12402005098927375,5.921521247235547,0.15502506373659222,0.558090229451732,0.30134391989373743
2023-12-01 07:50:25.443453,5.764888286590576,0.21798116441543527,10.407833945293104,0.2724764555192941,0.9809152398694588,0.5296506332966247
2023-12-01 07:50:30.624300,5.178785085678101,0.24265093852053055,11.58572889342901,0.30331367315066327,1.0919292233423878,0.5895932504171852
2023-12-01 07:50:37.460307,6.828721284866333,0.18402230945065065,8.786418056477238,0.23002788681331335,0.8281003925279281,0.44713740750319103
2023-12-01 07:50:43.797739,6.335310459136963,0.19835445627191953,9.47072765999436,0.24794307033989949,0.8925950532236382,0.4819616578495102
2023-12-01 07:50:52.149537,8.349576950073242,0.15050308164713594,7.185992818411439,0.18812885205891994,0.6772638674121118,0.36569238778621094
2023-12-01 07:51:00.472313,8.320501327514648,0.15102900798542118,7.211103951343534,0.18878625998177648,0.6796305359343954,0.3669702836029764
2023-12-01 07:51:07.673762,7.199316740036011,0.17454948946025003,8.334124218529643,0.21818686182531255,0.7854727025711252,0.4241203494905155
2023-12-01 07:51:16.918508,9.242541551589966,0.13596228422903242,6.491720882734726,0.16995285528629053,0.6118302790306459,0.33036115821970297
2023-12-01 07:51:25.132745,8.212102890014648,0.15302256660275182,7.306289363831019,0.1912782082534398,0.6886015497123833,0.3718142323313664
2023-12-01 07:51:29.907515,4.772454023361206,0.2633104594166161,12.572148355185707,0.3291380742707702,1.1848970673747727,0.639791754290494
2023-12-01 07:51:33.126926,3.217283010482788,0.39058953077533126,18.649276362851385,0.48823691346916415,1.757652888488991,0.9490544418779
2023-12-01 07:51:36.054312,2.925201892852783,0.4295898565176951,20.511404750078775,0.536987320647119,1.9331543543296283,1.0438174333666956
2023-12-01 07:51:38.661902,2.6054906845092773,0.48230341751254213,23.028291890170586,0.6028792718906777,2.17036537880644,1.171900843871975
2023-12-01 07:51:41.180858,2.5092599391937256,0.5007998740217003,23.911432635105623,0.6259998425271256,2.2535994330976523,1.2168435338979278
2023-12-01 07:51:43.666344,2.4832208156585693,0.5060512756303741,24.162168592359972,0.6325640945379678,2.2772307403366843,1.2296033895266834
2023-12-01 07:51:45.902103,2.2289836406707764,0.5637713254179616,26.91809796412143,0.7047141567724522,2.536970964380828,1.3698515665005635
2023-12-01 07:51:47.968977,2.0655579566955566,0.608376568356505,29.047841434566642,0.7604707104456314,2.7376945576042733,1.4782333857926362
2023-12-01 07:51:49.887093,1.916797399520874,0.6555920107936438,31.302212750809087,0.819490013492055,2.950164048571398,1.5929574678263962
2023-12-01 07:51:52.023188,2.1345834732055664,0.5887036404103648,28.10852831625097,0.7358795505129561,2.649166381846642,1.4304321054691045
2023-12-01 07:51:54.770495,2.745100259780884,0.45777455922000576,21.857125176473247,0.5722181990250073,2.059985516490026,1.1123006239927702
2023-12-01 07:51:57.170059,2.397390365600586,0.5241687292428527,25.0272132819592,0.655210911553566,2.358759281592838,1.2736251783142838
2023-12-01 07:52:00.750120,3.5778539180755615,0.3512264866621025,16.76982944912198,0.43903310832762815,1.5805191899794613,0.8534101172915767
2023-12-01 07:52:04.214481,3.4621708393096924,0.3629621759758316,17.330167338583195,0.45370271996978956,1.6333297918912424,0.8819254951860758
2023-12-01 07:52:06.430947,2.2143657207489014,0.5674930069866332,27.09579516960185,0.7093662587332915,2.5537185314398494,1.3788945083761215
2023-12-01 07:52:08.440075,2.007044553756714,0.6261131867171504,29.894702580315997,0.7826414833964381,2.8175093402271774,1.5213298210853323
2023-12-01 07:52:10.450103,2.0078914165496826,0.6258491126951952,29.882093974535092,0.782311390868994,2.8163210071283786,1.5206881740267855
2023-12-01 07:52:12.877480,2.4252970218658447,0.5181373869288609,24.739237899133865,0.6476717336610762,2.3316182411798745,1.2589702227597463
2023-12-01 07:52:16.487451,3.607684373855591,0.34832233954350295,16.63116663830462,0.43540292442937883,1.5674505279457638,0.8463536206228037
2023-12-01 07:52:20.980116,4.490599870681763,0.27983723725648585,13.361243871164767,0.3497965465706074,1.2592675676541867,0.6799485190858094
2023-12-01 07:52:25.239931,4.257713079452515,0.29514366937978453,14.092072171221835,0.36892958672473075,1.3281465122090308,0.7171400878590006
2023-12-01 07:52:31.817046,6.575033187866211,0.19112254273559529,9.125429223798601,0.23890317841949413,0.8600514423101788,0.46438955433894946
2023-12-01 07:52:35.573148,3.753830671310425,0.3347612536282138,15.983672481170974,0.4184515670352673,1.5064256413269623,0.813402894065834
2023-12-01 07:52:45.445132,9.869988679885864,0.12731899723419426,6.079034327797611,0.15914874654274286,0.5729354875538744,0.30935969947964526
2023-12-01 07:52:49.749864,4.303232669830322,0.2920216399745512,13.943006247525496,0.3650270499681891,1.3140973798854807,0.7095541808101646
2023-12-01 07:52:53.448346,3.6968657970428467,0.3399195779411608,16.229964324913958,0.424899472426451,1.5296381007352235,0.8259365904814325
2023-12-01 07:52:57.809236,4.358785390853882,0.2882998240915328,13.765302629007403,0.36037478011441604,1.2973492084118978,0.7005109125776064
2023-12-01 07:53:00.280852,2.469359874725342,0.508891828322791,24.29779499299331,0.6361147854034888,2.2900132274525595,1.2365053644587176
2023-12-01 07:53:02.412384,2.129380941390991,0.5901419689682369,28.17720344618364,0.7376774612102961,2.655638860357066,1.433926956199022
2023-12-01 07:53:04.734548,2.319932222366333,0.5416697304002037,25.862824534934017,0.6770871630002548,2.4375137868009173,1.3161491109264154
2023-12-01 07:53:07.096249,2.359628677368164,0.5325571237070742,25.42772961503486,0.6656964046338428,2.396507056681834,1.294007299183449
2023-12-01 07:53:09.220103,2.121786594390869,0.5922542185712496,28.278055935792654,0.7403177732140621,2.6651439835706237,1.4390593002844225
2023-12-01 07:53:11.417650,2.195485830307007,0.5723731140001003,27.328803115805066,0.7154663925001254,2.575679013000452,1.390752192397444
2023-12-01 07:53:13.615600,2.1958107948303223,0.5722884068128565,27.32475864553549,0.7153605085160707,2.5752978306578544,1.3905463708738788
2023-12-01 07:53:15.941180,2.323498249053955,0.5408383939809616,25.823131144785602,0.676047992476202,2.433772772914327,1.3141291296949404
2023-12-01 07:53:18.415149,2.4717416763305664,0.508401453707518,24.274381329797066,0.6355018171343976,2.2878065416838314,1.2353138522185274
2023-12-01 07:53:21.371874,2.954667091369629,0.42530580352232045,20.306856286874318,0.5316322544029005,1.9138761158504418,1.033408041398534
2023-12-01 07:53:28.175538,6.801560163497925,0.18475717794572158,8.82150544253115,0.230946472432152,0.8314073007557472,0.4489229909725143
2023-12-01 07:54:04.106596,35.92892861366272,0.03497563411779707,1.669963517286284,0.04371954264724635,0.15739035353008685,0.08498379577942335
2023-12-01 07:54:08.950734,4.841850519180298,0.25953652564405477,12.391956290744332,0.3244206570550685,1.1679143653982467,0.6306218500099243
2023-12-01 07:54:20.066176,11.11332082748413,0.11307484782839647,5.3989262913759495,0.1413435597854956,0.5088368152277841,0.27474926525343774
2023-12-01 07:54:26.702938,6.634641408920288,0.18940542283813053,9.043442787929711,0.2367567785476632,0.8523244027715875,0.46021729641208964
2023-12-01 07:54:32.582852,5.875896453857422,0.21386303712192842,10.211207850780125,0.2673287964024106,0.9623836670486782,0.5196444075988618
2023-12-01 07:54:39.747259,7.162306070327759,0.17545146061852276,8.377190169039272,0.2193143257731535,0.7895315727833526,0.4263119590108867
2023-12-01 07:55:16.576518,36.82712197303772,0.03412259753439165,1.6292340206201252,0.042653246917989565,0.15355168890476245,0.08291108748906484
2023-12-01 07:55:26.774583,10.195550918579102,0.12325347315425382,5.884919851723115,0.1540668414428173,0.5546406291941423,0.299481289070206
2023-12-01 07:56:34.372594,67.59590601921082,0.018590431513393426,0.8876277208703727,0.023238039391741787,0.08365694181027043,0.04517103049124335
2023-12-01 07:58:02.837810,88.46298098564148,0.014205230791848213,0.6782498094851525,0.017756538489810268,0.06392353856331696,0.03451586977803279
2023-12-01 08:03:44.767790,341.9277422428131,0.0036751538590967616,0.17547567098955139,0.004593942323870953,0.01653819236593543,0.008929888846833312
2023-12-01 08:04:22.248996,37.479081869125366,0.033529024692334146,1.6008930050505583,0.041911280865417684,0.15088061111550366,0.08146882419743351
2023-12-01 08:04:29.932018,7.680632591247559,0.16361114094533233,7.81185654790633,0.20451392618166542,0.7362501342539955,0.3975423502689685
2023-12-01 08:04:36.438352,6.504164934158325,0.19320498083256757,9.224858318843406,0.24150622604070948,0.8694224137465542,0.4694494624269727
2023-12-01 08:05:09.053804,32.61337113380432,0.038531345204402725,1.8397362159782669,0.04816418150550341,0.17339105341981229,0.09362346257765775
2023-12-01 08:05:57.322572,48.2664954662323,0.026035390580927353,1.2430983318848283,0.0325442382261592,0.11715925761417312,0.0632607920335373
2023-12-01 08:06:38.405193,41.080472469329834,0.03058964480932167,1.4605479536486647,0.038237056011652094,0.13765340164194753,0.0743267189576898
2023-12-01 08:06:48.293767,9.886552572250366,0.1271056874732102,6.0688495369365,0.15888210934151273,0.5719755936294458,0.3088413994224061
2023-12-01 08:06:56.329344,8.034001588821411,0.1564148385512413,7.4682584185052425,0.19551854818905168,0.703866773480586,0.3800567747118062
2023-12-01 08:07:04.065776,7.734207391738892,0.16247780771668524,7.757743872253486,0.2030972596458566,0.7311501347250837,0.3947885771900019
2023-12-01 08:07:11.661490,7.593535900115967,0.1654877356169115,7.901457343354852,0.2068596695211394,0.7446948102761018,0.4021021000019716
2023-12-01 08:07:17.107752,5.4439520835876465,0.23083176378873904,11.021404868879577,0.28853970473592383,1.0387429370493257,0.5608750196538782
2023-12-01 08:07:22.306194,5.188801288604736,0.24218253726456074,11.563364380857596,0.302728171580701,1.0898214176905237,0.5884551290454297
2023-12-01 08:07:31.945114,9.631969213485718,0.1304652281982484,6.229255790809009,0.16308153524781052,0.5870935268921179,0.31700441147610403
2023-12-01 08:08:02.321355,30.374048948287964,0.041372062828217294,1.9753704915057728,0.05171507853527163,0.18617428272697786,0.1005258382600024
2023-12-01 08:08:14.430119,12.106410264968872,0.10379931242476759,4.956052098582525,0.12974914053095948,0.46709690591145414,0.2522115693297003
2023-12-01 08:08:26.468494,12.036260843276978,0.10440427287165595,4.9849368322317344,0.13050534108956996,0.46981922792245184,0.2536815022235497
2023-12-01 08:08:34.771476,8.300887107849121,0.15138587540212073,7.228143115362385,0.18923234425265092,0.6812364393095434,0.367837400052073
2023-12-01 08:08:40.689024,5.91547966003418,0.21243198077848793,10.142879943509657,0.26553997597310997,0.9559439135031959,0.51616722689557
2023-12-01 08:08:47.873097,7.182058572769165,0.1749689241188407,8.354150748295273,0.2187111551485509,0.7873601585347832,0.4251394918239592
2023-12-01 08:08:55.084852,7.210068225860596,0.1742892053266146,8.321696566586702,0.21786150665826826,0.7843014239697658,0.4234879111026082
2023-12-01 08:08:59.527257,4.440152406692505,0.28301665040637497,13.513049666845635,0.3537708130079688,1.2735749268286878,0.6876738571574101
2023-12-01 08:09:03.720237,4.190931558609009,0.2998467151902145,14.316626067717102,0.3748083939877682,1.3493102183559655,0.7285675485691834
2023-12-01 08:09:09.910902,6.188585519790649,0.20305723455178618,9.695268782846151,0.25382154318973277,0.9137575554830379,0.49338846851393015
2023-12-01 08:09:16.816996,6.90398383140564,0.18201622311448376,8.690634489476215,0.22752027889310467,0.8190730040151768,0.44226301892357256
2023-12-01 08:09:21.388123,4.568875789642334,0.2750429469509152,13.13233337094003,0.34380368368864406,1.2376932612791187,0.6682993525013339
2023-12-01 08:09:28.338709,6.948430061340332,0.18085194070349692,8.635044099217165,0.2260649258793712,0.8138337331657363,0.4394340455213569
2023-12-01 08:09:38.556201,10.215420007705688,0.1230137439760687,5.873473626609659,0.15376717997008588,0.5535618478923092,0.29889879511305173
2023-12-01 08:09:42.227553,3.669264316558838,0.3424765710567383,16.35205175305279,0.42809571382092293,1.5411445697553225,0.8321495723536628
2023-12-01 08:09:47.816240,5.586872577667236,0.2249267446082721,10.739460971392447,0.28115843076034014,1.0121703507372246,0.5465270040491795
2023-12-01 08:11:17.549661,89.73184370994568,0.014004360207931783,0.668658945579536,0.017505450259914734,0.06301962093569305,0.03402779443323266
2023-12-01 08:11:25.994514,8.442495584487915,0.1488466353177417,7.106903332024584,0.18605829414717714,0.6698098589298377,0.36166755449504884
2023-12-01 08:11:30.337472,4.340820550918579,0.28949297643045735,13.822271456787853,0.36186622053807177,1.3027183939370583,0.7034100341307254
2023-12-01 08:11:36.037569,5.697917938232422,0.22054320105314548,10.53016218387534,0.2756790013164319,0.992444404739155,0.535875869918933
2023-12-01 08:11:42.935335,6.895487070083618,0.1822405072569701,8.701343268456366,0.22780063407121268,0.8200822826563656,0.44280798453298603
2023-12-01 08:11:51.312093,8.374695539474487,0.15005167119362184,7.164439556899403,0.18756458899202733,0.6752325203712984,0.3645955506662624
2023-12-01 08:11:55.626846,4.312632322311401,0.29138516050503677,13.912616591400576,0.364231450631296,1.3112332222726657,0.7080076629951385
2023-12-01 08:11:59.844758,4.21584939956665,0.29807446669349424,14.23200743512504,0.37259308336686786,1.3413351001207243,0.7242613391718524
2023-12-01 08:12:01.825252,1.9782366752624512,0.6352308988858475,30.330041268717174,0.7940386236073095,2.858539044986314,1.5434840381128325
2023-12-01 08:12:03.454647,1.6271202564239502,0.772307428707038,36.874963459594994,0.9653842858837977,3.4753834291816714,1.8765525902723612
2023-12-01 08:12:05.187227,1.7305643558502197,0.7261429239472209,34.67077072122073,0.9076786549340262,3.2676431577624943,1.7643820766069576
2023-12-01 08:12:07.298453,2.1042187213897705,0.5971988789292532,28.514146077158692,0.7464985986615664,2.6873949551816394,1.4510738360222992
2023-12-01 08:12:09.878361,2.577782392501831,0.4874876425144271,23.27582040071576,0.6093595531430339,2.193694391314922,1.184497473781555
2023-12-01 08:12:12.052445,2.172020435333252,0.5785567396114817,27.624049490489362,0.7231959245143521,2.603505328251668,1.4057771659079783
2023-12-01 08:12:13.944285,1.8897287845611572,0.6649827592734372,31.750587962776635,0.8312284490917967,2.9924224167304683,1.6157751084825982
2023-12-01 08:12:16.130279,2.1838998794555664,0.5754096482432105,27.473786946202704,0.7192620603040132,2.5893434170944474,1.398130363301353
2023-12-01 08:12:18.529835,2.39750599861145,0.5241434483015753,25.026006205928102,0.6551793103769692,2.3586455173570893,1.2735637506831679
2023-12-01 08:12:20.854827,2.3228397369384766,0.540991718650455,25.83045185849995,0.6762396483130688,2.434462733927048,1.3145016779768757
2023-12-01 08:12:23.421673,2.564753532409668,0.48996406304011075,23.394060771066794,0.6124550788001385,2.2048382836804987,1.1905146803748612
2023-12-01 08:12:26.320287,2.896359443664551,0.4338677867433424,20.715660872562975,0.5423347334291782,1.9524050403450415,1.0542119482289736
2023-12-01 08:12:29.706944,3.384493589401245,0.3712924927295343,17.727910665245098,0.4641156159119179,1.6708162172829044,0.9021664988342225
2023-12-01 08:12:33.991947,4.282971382141113,0.29340309549481697,14.00896588993906,0.3667538693685212,1.3203139297266764,0.7129108414333063
2023-12-01 08:12:38.248636,4.254605054855347,0.29535927430017167,14.1023665478722,0.3691990928752147,1.3291167343507728,0.7176639646945573
2023-12-01 08:12:41.307572,3.056706190109253,0.4111082267252524,19.628971928720265,0.5138852834065656,1.8499870202636362,0.9989107692970185
2023-12-01 08:12:43.870293,2.560551881790161,0.4907680529235609,23.432448460310884,0.6134600661544511,2.208456238156024,1.1924682149936683
2023-12-01 08:12:46.950493,3.078366279602051,0.40821557517787205,19.490857990997863,0.5102694689723402,1.8369700883004245,0.9918822045671937
2023-12-01 08:12:50.249897,3.2978880405426025,0.3810429723469819,18.193461773835168,0.4763037154337274,1.7146933755614187,0.9258582142086966
2023-12-01 08:12:53.009749,2.7576563358306885,0.455690234170307,21.757605986072303,0.5696127927128839,2.050606053766382,1.1072361309870122
2023-12-01 08:12:56.818237,3.8062245845794678,0.33015315662850125,15.763652056445618,0.41269144578562666,1.485689204828256,0.8022061399759325
2023-12-01 08:13:14.035748,17.215409517288208,0.07299489798218081,3.4852496503058075,0.09124362247772602,0.32847704091981367,0.17736300311710296
2023-12-01 08:13:20.701532,6.663664817810059,0.18858047272685266,9.004054321525487,0.23572559090856585,0.848612127270837,0.45821283263170665
2023-12-01 08:13:29.453715,8.749919652938843,0.14361698293010605,6.85720582358122,0.17952122866263256,0.6462764231854773,0.34896054512357166
2023-12-01 08:13:35.036191,5.580190658569336,0.22519607990564558,10.752320784570282,0.281495099882057,1.0133823595754052,0.5471814349547377
2023-12-01 08:13:39.953198,4.91489052772522,0.2556795628197912,12.207799881103366,0.31959945352473906,1.1505580326890608,0.6212502017395288
2023-12-01 08:13:48.082146,8.126896381378174,0.15462693289843749,7.382892211777541,0.1932836661230469,0.6958211980429688,0.3757125215566235
2023-12-01 08:14:17.448050,29.364344596862793,0.04279465721738509,2.0432943702210276,0.05349332152173136,0.19257595747823292,0.10398245810680229
2023-12-01 08:14:21.242049,3.7918059825897217,0.3314085866222673,15.823594423209727,0.4142607332778342,1.491338639800203,0.8052565837747853
2023-12-01 08:14:24.509184,3.2650845050811768,0.38487122139727736,18.37624720175758,0.4810890267465967,1.7319204962877481,0.9351600937511045
2023-12-01 08:14:30.225176,5.713716983795166,0.21993337524415385,10.501045146297532,0.2749167190551924,0.9897001885986926,0.5343941151682452
2023-12-01 08:14:45.457835,15.230688095092773,0.08250691325238269,3.939414925011274,0.10313364156547838,0.3712811096357222,0.2004752978206395
2023-12-01 08:15:04.322712,18.86330556869507,0.06661807268400463,3.180778670074351,0.0832725908550058,0.29978132707802085,0.16186859300759446
2023-12-01 08:18:11.101483,186.77665305137634,0.006728020022343244,0.3212392931331514,0.008410025027929056,0.030276090100544602,0.016347743050289618
2023-12-01 08:18:15.354029,4.250180006027222,0.29566678579586464,14.117049140251334,0.36958348224483084,1.330500536081391,0.718411156126792
2023-12-01 08:18:19.952032,4.5959250926971436,0.2734241825291484,13.055043063112388,0.3417802281614356,1.2304088213811681,0.664366078709325
2023-12-01 08:18:28.828333,8.874125480651855,0.14160686190157523,6.7612296142101265,0.17700857737696907,0.6372308785570887,0.3440763530484476
2023-12-01 08:18:35.408563,6.578015565872192,0.19103589051317443,9.121291884940147,0.23879486314146808,0.8596615073092851,0.46417900676891133
2023-12-01 08:18:40.208374,4.797539234161377,0.2619336705967723,12.506411531304165,0.3274170882459654,1.1787015176854754,0.6364464328160373
2023-12-01 08:18:44.391297,4.180883169174194,0.3005673707175433,14.351034834549363,0.37570921339692914,1.352553168228945,0.7303185973694868
2023-12-01 08:18:47.351637,2.9584038257598877,0.4247686034252409,20.281206871610422,0.5309607542815512,1.9114587154135845,1.0321027526026505
2023-12-01 08:18:50.488262,3.13510799407959,0.4008273602724307,19.138096714150002,0.5010342003405385,1.8037231212259386,0.9739303199899523
2023-12-01 08:18:53.597547,3.107168436050415,0.4044315869252503,19.310185860495938,0.5055394836565629,1.8199421411636263,0.9826878699109732
2023-12-01 08:18:56.692047,3.092303514480591,0.4063757181503551,19.40301128884436,0.5079696476879441,1.8286907316765986,0.9874117199617332
2023-12-01 08:19:00.377591,3.6834702491760254,0.34115575162227,16.28898727047455,0.4264446895278376,1.5352008823002155,0.8289402452917919
2023-12-01 08:19:06.882464,6.502690315246582,0.19324879403983514,9.226950245396209,0.24156099254979396,0.8696195731792583,0.4695559197579915
2023-12-01 08:19:12.079132,5.194540023803711,0.24191498297778877,11.55058960467204,0.302393728722236,1.0886174234000496,0.5878050256394313
2023-12-01 08:19:20.694535,8.613270998001099,0.14589545153374925,6.965994685866071,0.18236931441718657,0.6565295319018717,0.35449676813670394
2023-12-01 08:19:28.780612,8.083969354629517,0.15544802389883727,7.42209641921011,0.19431002987354662,0.6995161075447679,0.3777076084693949
2023-12-01 08:19:35.058631,6.275745868682861,0.20023708539677648,9.560616579363284,0.2502963567459706,0.9010668842854942,0.48653607009708755
2023-12-01 08:19:42.842711,7.7819318771362305,0.16148137522611708,7.710167725354099,0.20185171903264637,0.726666188517527,0.3923674455244193
2023-12-01 08:21:01.465565,78.6208004951477,0.015983519037223157,0.7631568188332433,0.01997939879652895,0.07192583566750423,0.038836754556644836
2023-12-01 08:21:31.654580,30.18674373626709,0.0416287716361458,1.9876274342208875,0.05203596454518226,0.18732947236265612,0.10114958932150708
2023-12-01 08:21:43.744059,12.087338209152222,0.10396309259257955,4.963872025568834,0.12995386574072446,0.46783391666660806,0.25260952238144985
2023-12-01 08:21:46.849657,3.103729486465454,0.40487969937965923,19.331581654150007,0.5060996242245741,1.8219586472084668,0.9837766935526961
2023-12-01 08:21:50.199200,3.3479387760162354,0.375346487945998,17.92147467863643,0.4691831099324976,1.6890591957569914,0.9120168964111862
2023-12-01 08:21:53.268214,3.0669426918029785,0.40973607521083866,19.563456519863273,0.5121700940135484,1.8438123384487743,0.995576715547296
2023-12-01 08:21:56.646990,3.376688241958618,0.3721507499037033,17.76888942675902,0.4651884373796291,1.674678374566665,0.9042518921160183
2023-12-01 08:21:59.386597,2.7374327182769775,0.4590567844994862,21.918346923889256,0.5738209806243578,2.065755530247688,1.1154161749768516
2023-12-01 08:22:02.525496,3.136852741241455,0.400604416303771,19.12745192375659,0.5007555203797138,1.8027198733669698,0.9733886107349029
2023-12-01 08:22:05.862819,3.335106134414673,0.3767907259288655,17.990431962828758,0.470988407411082,1.6955582666798952,0.9155261058619576
2023-12-01 08:22:10.764889,4.899881601333618,0.25646274005761566,12.24519383971841,0.3205784250720196,1.1540823302592707,0.6231531657919946
2023-12-01 08:22:19.006952,8.239797592163086,0.15250824396840904,7.281732266951109,0.19063530496051131,0.6862870978578407,0.3705645311944403
2023-12-01 08:23:05.936612,46.927550315856934,0.026778236941366544,1.2785666329513445,0.03347279617670818,0.12050206623614945,0.06506576012013243
2023-12-01 08:24:20.683114,74.74422836303711,0.01681249628175111,0.80273756668644,0.02101562035218889,0.07565623326788001,0.040851003465398855
2023-12-01 08:24:26.330260,5.64495325088501,0.22261248332550904,10.628963134565067,0.27826560415688634,1.0017561749647907,0.5409038119843219
2023-12-01 08:24:30.401539,4.069159984588623,0.3088197726791906,14.74505800392259,0.3860247158489883,1.3896889770563579,0.7503702836558974
2023-12-01 08:24:34.452716,4.048934459686279,0.3103624111350235,14.818713564617427,0.38795301391877945,1.3966308501076061,0.7541185865758803
2023-12-01 08:24:39.150299,4.695309638977051,0.26763667533323665,12.778709949589603,0.33454584416654576,1.2043650389995648,0.6503035937246983
2023-12-01 08:25:05.193665,26.04116129875183,0.04825579961735994,2.3040447125864483,0.060319749521699946,0.21715109827811982,0.11725194191026123
2023-12-01 08:25:15.458385,10.2624192237854,0.12245037296112267,5.846574642062651,0.15306296620140336,0.5510266783250521,0.2975299162209359
2023-12-01 08:25:48.134305,32.67397975921631,0.03845987145417935,1.8363235957834574,0.048074839317724195,0.1730694215438071,0.093449795659365
2023-12-01 08:28:22.264171,154.12827110290527,0.008153189888160823,0.3892861418002957,0.01019148736020103,0.036689354496723704,0.01981062079025317
2023-12-01 08:28:30.255426,7.989080905914307,0.1572943216165993,7.510250641670442,0.1966179020207491,0.7078244472746968,0.38219374266401296
2023-12-01 08:28:35.083652,4.8261284828186035,0.26038201550365764,12.432325457891292,0.3254775193795721,1.1717190697664595,0.6326762212707874
2023-12-01 08:28:45.278678,10.193216800689697,0.12328169664270167,5.886267424032447,0.15410212080337712,0.5547676348921576,0.2995498665024366
2023-12-01 08:28:57.312429,12.029682874679565,0.10446136232576209,4.987662652877558,0.13057670290720264,0.4700761304659295,0.25382021817913675
2023-12-01 08:29:02.329722,5.0107550621032715,0.2507879642611072,11.97424325403264,0.31348495532638404,1.1285458391749825,0.6093645955616384
2023-12-01 08:29:05.672507,3.340582847595215,0.37617299697881534,17.960937578061323,0.47021624622351926,1.6927784864046693,0.9140251480591257
2023-12-01 08:29:10.293647,4.619095802307129,0.27205260839323936,12.989555222048311,0.3400657604915493,1.2242367377695775,0.6610334278738932
2023-12-01 08:29:21.191352,10.895486831665039,0.11533555873646804,5.5068672861523575,0.14416944842058507,0.5190100143141063,0.28024234061787007
2023-12-01 08:30:44.124655,82.93122911453247,0.015152760604819134,0.7234910255235308,0.01894095075602392,0.06818742272168611,0.03681817771758954
2023-12-01 08:30:52.327754,8.200774908065796,0.15323394136814603,7.316381765458233,0.19154242671018254,0.6895527361566571,0.37232783073632125
2023-12-01 08:31:05.207244,12.877362966537476,0.09758496865401375,4.659339039826185,0.12198121081751721,0.43913235894306196,0.23711195683552266
2023-12-01 08:32:32.364389,87.15497255325317,0.014418420712232921,0.6884288783791307,0.018023025890291155,0.06488289320504816,0.03503387864658356
2023-12-01 08:32:53.635151,21.26862144470215,0.05908408613614852,2.821057309990608,0.07385510767018566,0.2658783876126684,0.14356251249361368
2023-12-01 08:32:58.326785,4.689377069473267,0.2679752646926874,12.794876400660074,0.33496908086585925,1.2058886911170934,0.6511262981502919
2023-12-01 08:33:04.323590,5.994739532470703,0.20962329632994084,10.008775139438175,0.2620291204124261,0.9433048334847339,0.5093426854224904
2023-12-01 08:33:10.413103,6.087376117706299,0.20643328704148048,9.856463415407916,0.2580416088018506,0.9289497916866623,0.5015916008533893
2023-12-01 08:33:54.975997,44.56063938140869,0.028200606608894473,1.3464797819986583,0.03525075826111809,0.12690272974002514,0.0685218339382918
2023-12-01 08:34:30.481893,35.503751277923584,0.03539448695432081,1.6899622670945285,0.044243108692901024,0.1592751912944437,0.08600152440160873
2023-12-01 08:34:38.702038,8.217884063720703,0.15291491723320397,7.301149485045739,0.19114364654150498,0.6881171275494179,0.37155266589323904
2023-12-01 08:34:47.317289,8.613404273986816,0.14589319408019238,6.965886900398359,0.18236649260024052,0.6565193733608659,0.35449128297605154
2023-12-01 08:34:56.952346,9.63342022895813,0.13044557712311328,6.228317521085561,0.1630569714038916,0.5870050970540098,0.31695666329374067
2023-12-01 08:35:05.536651,8.582245588302612,0.14642287365310103,6.991177237083323,0.1830285920663763,0.6589029314389547,0.3557782984023049
2023-12-01 08:35:09.329549,3.790583610534668,0.33151545792144305,15.828697151871266,0.4143943224018038,1.4918195606464937,0.8055162596575223
2023-12-01 08:35:14.023199,4.691439151763916,0.26785747843781355,12.789252521252639,0.33482184804726695,1.205358652970161,0.6508401011081993
2023-12-01 08:35:16.909745,2.8844449520111084,0.4356599215248528,20.801229005312262,0.5445749019060661,1.960469646861838,1.0585664773210874
2023-12-01 08:35:19.431715,2.519761800765991,0.4987126406368681,23.811774581930877,0.6233908007960852,2.2442068828659067,1.2117719742194624
2023-12-01 08:35:22.182137,2.742974042892456,0.4581294032628898,21.87406773150876,0.5726617540786123,2.0615823146830046,1.1131628240481697
2023-12-01 08:35:25.192771,3.008573055267334,0.4176854071187764,19.943009160091197,0.5221067588984706,1.879584332034494,1.014892002217203
2023-12-01 08:35:28.941941,3.7469120025634766,0.33537938990191923,16.013186314210362,0.4192242373773991,1.5092072545586368,0.8149048415836835
2023-12-01 08:35:31.854790,2.910731315612793,0.4317255442628716,20.61337632854246,0.5396569303285896,1.9427649491829226,1.0490067274499257
2023-12-01 08:35:34.908194,3.0515592098236084,0.4118016315693758,19.6620795712721,0.5147520394617199,1.8531073420621915,1.0005956043872695
2023-12-01 08:35:40.315145,5.4054365158081055,0.23247651836459535,11.09993611515574,0.2905956479557442,1.0461443326406792,0.5648714443222939
2023-12-01 08:35:51.595192,11.27794075012207,0.11142433616902231,5.320120164609889,0.13928042021127793,0.5014095127606005,0.27073885202349046
2023-12-01 08:35:55.050070,3.452733278274536,0.36395428205908426,17.377536914749555,0.45494285257385547,1.6377942692658798,0.8843361145471632
2023-12-01 08:36:00.645632,5.593498706817627,0.2246602935483416,10.726738870408443,0.2808253669354271,1.0109713209675375,0.5458795812637606
2023-12-01 08:36:23.854591,23.206696033477783,0.05414976175941217,2.5854606753776803,0.06768720219926522,0.2436739279173548,0.1315730911230197
2023-12-01 08:38:20.920405,117.06367135047913,0.010734645914817141,0.5125415879053107,0.013418307393521428,0.04830590661667714,0.026083042643822694
2023-12-01 08:39:02.807938,41.88521885871887,0.030001921815775216,1.4324862477711593,0.03750240226971902,0.13500864817098848,0.07289866962797062
2023-12-01 08:39:27.628486,24.818429231643677,0.050633222985510144,2.417558316845434,0.06329152873188768,0.22784950343479562,0.12302860521019254
2023-12-01 08:40:23.712810,56.08224153518677,0.02240704057179109,1.0698573801183602,0.028008800714738862,0.10083168257305991,0.05444462718133799
2023-12-01 08:48:06.618334,462.9031791687012,0.002714686608315443,0.12961673779763241,0.0033933582603943046,0.012216089737419496,0.006596145520884865
2023-12-01 08:48:28.157181,21.536691427230835,0.05834865887742788,2.7859432449376342,0.07293582359678485,0.26256896494842547,0.14177557134037427
2023-12-01 08:55:04.048405,395.8890039920807,0.0031742156229756127,0.15155763205082662,0.0039677695287195155,0.014283970303390256,0.007712709120706143
2023-12-01 08:55:15.269521,11.218981504440308,0.11200990579568731,5.348079054792352,0.14001238224460918,0.504044576080593,0.2721616691023611
2023-12-01 08:55:21.631741,6.3599326610565186,0.19758653564535753,9.434062150908488,0.24698316955669694,0.889139410404109,0.4800957643110898
2023-12-01 08:55:27.117481,5.483648300170898,0.22916076900788004,10.941620745103236,0.2864509612598501,1.0312234605354604,0.556814836535347
2023-12-01 08:55:33.311519,6.186771392822266,0.2031167763680157,9.698111695158232,0.25389597046001966,0.9140254936560708,0.4935331432190046
2023-12-01 08:55:42.607600,9.2940034866333,0.13520944588015502,6.455775499362832,0.16901180735019378,0.6084425064606976,0.32853191159960066
2023-12-01 09:04:42.041340,539.4315826892853,0.0023295578193087466,0.11122819264840901,0.0029119472741359334,0.01048301018688936,0.005660359589356393
2023-12-01 09:05:30.377723,48.33404779434204,0.025999003161970194,1.2413609606068121,0.03249875395246275,0.11699551422886591,0.0631723778829552
2023-12-01 09:06:59.301774,88.92180514335632,0.014131933774961216,0.6747501347197158,0.01766491721870152,0.06359370198732547,0.034337772686400765
2023-12-01 09:07:13.714971,14.410910606384277,0.08720039251920735,4.163512052695614,0.10900049064900919,0.3924017663364331,0.21187951374317002
2023-12-01 09:08:15.515730,61.79864716529846,0.020334378163241594,0.9708950398139387,0.025417972704051998,0.09150470173458719,0.049408472061044435
2023-12-01 09:08:48.405881,32.88823676109314,0.038209316922776536,1.8243604981274077,0.04776164615347067,0.17194192615249443,0.09284099825896243
2023-12-01 09:08:50.987256,2.5797104835510254,0.4871232913338903,23.25842391329462,0.608904114167363,2.192054811002507,1.1836121732830869
2023-12-01 09:08:54.067177,3.077840566635132,0.4082853007586886,19.494187142251935,0.5103566259483607,1.8372838534140987,0.9920516237834616
2023-12-01 09:08:57.018175,2.9414398670196533,0.4272183414407774,20.398173245946253,0.5340229268009719,1.9224825364834988,1.038055126032801
2023-12-01 09:09:00.767321,3.7470571994781494,0.33536639408945457,16.012565809872388,0.4192079926118183,1.509148773402546,0.8148732643585569
2023-12-01 09:09:04.668251,3.898843765258789,0.3223101865823307,15.389177821034705,0.40288773322791344,1.4503958396204883,0.7831492913577472
2023-12-01 09:09:08.701259,4.03095006942749,0.3117471166330759,14.884828382039897,0.38968389579134494,1.4028620248488417,0.7574831439950479
2023-12-01 09:09:12.792353,4.088848829269409,0.30733272710902637,14.674056807994228,0.38416590888628305,1.382997271990619,0.7467570603295124
2023-12-01 09:09:24.924542,12.129966497421265,0.10359773555047068,4.946427511795315,0.12949716943808837,0.4661898099771181,0.2517217778405337
2023-12-01 09:09:49.441889,24.515352725982666,0.05125918747659164,2.447445919732121,0.06407398434573955,0.23066634364466237,0.12454957373062236
2023-12-01 09:09:56.241788,6.798348665237427,0.18484445610469882,8.825672667658706,0.23105557013087355,0.8318000524711447,0.44913505944319726
2023-12-01 09:10:08.413631,12.169686317443848,0.10325960987463352,4.930283199986584,0.12907451234329193,0.4646682444358509,0.2509002000733846
2023-12-01 09:11:14.537613,66.12175273895264,0.019004896412790136,0.907416962113494,0.023756120515987675,0.08552203385755563,0.04617809730379748
2023-12-01 09:11:26.302745,11.762874841690063,0.10683077719930636,5.1007938796855665,0.13353847149913298,0.48073849739687874,0.25957742243887466
2023-12-01 09:11:55.633027,29.328001260757446,0.04284768846888212,2.0458264259652585,0.05355961058610267,0.1928145981099696,0.1041113134416898
2023-12-01 09:13:50.546561,114.91114258766174,0.010935728538921038,0.5221425759841181,0.013669660673651298,0.04921077842514467,0.026571633203870338
2023-12-01 09:13:53.880773,3.332094430923462,0.37713128708889887,18.006692560442083,0.47141410886112367,1.6970907919000453,0.9163536013686067
2023-12-01 09:13:56.711292,2.828317880630493,0.4443054545042107,21.214022798110904,0.5553818181302634,1.9993745452689484,1.0795733933543312
2023-12-01 09:13:59.207825,2.494429111480713,0.5037774197118664,24.053599969567195,0.6297217746398331,2.2669983887033993,1.2240783744158932
2023-12-01 09:14:01.477010,2.2672135829925537,0.5542649668573569,26.46420277740417,0.6928312085716963,2.494192350858107,1.3467530164700061
2023-12-01 09:14:03.921452,2.442331552505493,0.5145235339349328,24.566689128856535,0.6431544174186661,2.315355902707198,1.2501892827550998
2023-12-01 09:14:06.849848,2.9261481761932373,0.429450931999874,20.50477159296041,0.5368136649998426,1.9325291939994336,1.043479874573294
2023-12-01 09:14:10.262511,3.4104561805725098,0.3684659749022099,17.592954380058288,0.4605824686277625,1.6580968870599448,0.8952986258173898
2023-12-01 09:14:14.114451,3.8498153686523438,0.32641489035247223,15.585162989518492,0.40801861294059033,1.4688670065861251,0.7931229005784372
2023-12-01 09:14:18.960179,4.843680143356323,0.2594384897936629,12.387275423687308,0.3242981122420787,1.1674732040714835,0.6303836425006423
2023-12-01 09:15:01.157672,42.19547748565674,0.02978132103998772,1.4219533365962134,0.03722665129998466,0.1340159446799448,0.07236265386296219
2023-12-01 09:16:44.181583,103.0218653678894,0.012197770414547306,0.5824006368525844,0.015247213018184136,0.05488996686546289,0.02963814255326705
2023-12-01 09:16:59.529349,15.345415830612183,0.0818900624986052,3.909962471027179,0.10236257812325651,0.36850528124372345,0.19897647385911094
2023-12-01 09:17:57.422091,57.89035677909851,0.02170719151431504,1.036442049043705,0.0271339893928938,0.09768236181441768,0.05274413394148269
2023-12-01 09:19:45.225668,107.8015923500061,0.011656943409109543,0.5565780494706821,0.01457117926138693,0.05245624534099295,0.028324041095454368
2023-12-01 09:20:36.108554,50.88117504119873,0.024697485080059808,1.179218049728956,0.030871856350074764,0.11113868286026915,0.06000994924752933
2023-12-01 09:29:13.232284,517.1214325428009,0.0024300618430312467,0.1160269063012273,0.0030375773037890587,0.010935278293640611,0.005904564266197324
2023-12-01 09:29:19.727445,6.4929728507995605,0.19353801260406808,9.240759414635694,0.24192251575508514,0.8709210567183066,0.4702586630253647
2023-12-01 09:29:24.622354,4.892656087875366,0.2568414862736881,12.263277639457993,0.3210518578421101,1.1557866882315964,0.6240734433478073
2023-12-01 09:29:29.264214,4.639754056930542,0.27084130883162655,12.931719928209594,0.33855163603953325,1.2187858897423198,0.6580902121990864
2023-12-01 09:29:34.401691,5.13529634475708,0.24470585085491522,11.683843730120358,0.3058823135686441,1.1011763288471188,0.5945862764072731
2023-12-01 09:29:40.994785,6.5909507274627686,0.19066097038168398,9.103390767282736,0.238326212977105,0.857974366717578,0.46326802583341575
2023-12-01 09:29:53.486109,12.489177703857422,0.10061807840621811,4.804159362827252,0.12577259800777266,0.4527813528279816,0.2444818069114288
2023-12-01 09:30:05.610555,12.122254371643066,0.1036636439815601,4.949574407575109,0.12957955497695015,0.4664863979170205,0.25188192214639477
2023-12-01 09:30:47.371715,41.75926470756531,0.03009241350957645,1.4368069078843266,0.03761551688697056,0.13541586079309403,0.07311854634556886
2023-12-01 09:37:12.941241,385.5679495334625,0.0032591844393613342,0.15561459419176318,0.004073980549201668,0.014666329977126006,0.007919166350760171
2023-12-01 09:37:31.238565,18.295002222061157,0.06868745060443844,3.2795841876230316,0.08585931325554806,0.309093527719973,0.16689676747866455
2023-12-01 09:38:15.464524,44.22384262084961,0.02841537476084151,1.356734205898983,0.035519218451051895,0.12786918642378683,0.06904367759389271
2023-12-01 09:38:24.641445,9.174692869186401,0.1369677524199624,6.539728452547177,0.171209690524953,0.6163548858898308,0.33280424483002463
2023-12-01 09:38:35.184165,10.540452718734741,0.11922040684290096,5.692355119942353,0.1490255085536262,0.5364918307930543,0.2896817445468808
2023-12-01 09:43:39.292851,304.1066188812256,0.004132225290126684,0.19729922426790092,0.005165281612658355,0.01859501380557008,0.010040481009949817
2023-12-01 09:48:41.222663,301.927551984787,0.004162048323099823,0.19872316920260122,0.005202560403874779,0.018729217453949207,0.010112945015467951
2023-12-01 09:48:53.129686,11.904882431030273,0.10555644448537113,5.039948974515616,0.13194555560671392,0.4750040001841701,0.2564810488105548
2023-12-01 09:49:03.519685,10.387742042541504,0.12097307155775923,5.776038695828086,0.15121633944719906,0.5443788220099166,0.29394036927104344
2023-12-01 09:51:19.513166,135.99138855934143,0.009240563500001098,0.441204407393916,0.011550704375001374,0.041582535750004944,0.022452721192302672
2023-12-01 09:57:00.426834,340.9113850593567,0.003686110574503465,0.17599881561465977,0.004607638218129331,0.016587497585265593,0.00895651147392852
2023-12-01 09:57:13.185706,12.75668478012085,0.09850812206273021,4.703416368294992,0.12313515257841276,0.44328654928228595,0.23935503498802185
2023-12-01 09:57:25.569808,12.381922721862793,0.1014896546896606,4.845774064964712,0.12686206836207578,0.4567034461034728,0.24659956296493737
2023-12-01 09:57:38.325167,12.753196716308594,0.09853506453240456,4.704702776463325,0.12316883066550571,0.44340779039582057,0.23942049980083663
2023-12-01 09:57:50.233090,11.905656337738037,0.1055495829702965,5.039621361303247,0.13193697871287063,0.4749731233663343,0.25646437670122646
2023-12-01 09:58:29.976168,39.740819692611694,0.03162081384218508,1.509782648271715,0.03952601730273136,0.1422936622898329,0.07683225347374133
2023-12-01 09:58:49.371197,19.393114805221558,0.06479810355671026,3.0938815452092885,0.08099762944588783,0.2915914660051962,0.1574464320220946
2023-12-01 09:59:40.567036,51.194199085235596,0.024546473699953462,1.1720077874468398,0.030683092124941833,0.1104591316497906,0.05964302179614693
2023-12-01 09:59:47.076977,6.507967233657837,0.19309210023935813,9.219468667526877,0.24136512529919765,0.8689144510771115,0.46917518516159235
2023-12-01 09:59:56.281795,9.203318357467651,0.13654173555957358,6.519387645795767,0.170677169449467,0.6144378100180813,0.33176910906265195
2023-12-01 10:00:09.508140,13.224136352539062,0.09502602120361835,4.537158299073336,0.11878252650452295,0.4276170954162826,0.2308942263205519
2023-12-01 10:00:18.856391,9.346159934997559,0.13445490663286466,6.419748904073903,0.16806863329108085,0.6050470798478911,0.3266985321365346
2023-12-01 10:00:25.013261,6.154739141464233,0.20417389470985103,9.748585378019092,0.25521736838731385,0.9187825261943299,0.49610172936599617
2023-12-01 10:00:30.694419,5.678829669952393,0.2212845136181822,10.565557251605858,0.27660564202272775,0.9957803112818199,0.5376771111894592
2023-12-01 10:00:37.648199,6.94698691368103,0.1808895103805597,8.636837919161637,0.22611188797569964,0.8140027967125187,0.439525332322684
2023-12-01 10:00:44.703969,7.053675413131714,0.17815351399590296,8.506203714491734,0.2226918924948787,0.8016908129815633,0.432877408307245
2023-12-01 10:00:51.560971,6.854927062988281,0.18331880848460977,8.75282835961264,0.22914851060576225,0.8249346381807441,0.44542804085590487
2023-12-01 10:00:59.373200,7.809942960739136,0.16090220732124125,7.68251449487175,0.2011277591515516,0.7240599329455858,0.39096018334915206
2023-12-01 10:07:23.992961,384.61748576164246,0.003267238510873861,0.15599914777973348,0.0040840481385923276,0.014702573298932379,0.00793873613372131
2023-12-01 10:08:05.354072,41.35871696472168,0.03038385021730264,1.4507219856742422,0.037979812771628305,0.1367273259778619,0.07382667925800196
2023-12-01 10:08:12.932302,7.576107978820801,0.16586842016360875,7.919633691564521,0.20733552520451098,0.7464078907362396,0.40302708731353665
2023-12-01 10:08:37.801286,24.866902828216553,0.05053452253852889,2.4128457176387004,0.06316815317316113,0.22740535142338006,0.12278878286411753
2023-12-01 10:09:00.335487,22.53195023536682,0.05577134017735678,2.6628853416257865,0.06971417522169598,0.25097103079810557,0.1355132023629415
2023-12-01 10:09:19.109385,18.77181124687195,0.06694277099367903,3.1962818723738304,0.0836784637420988,0.30124246947155564,0.16265754496044132
2023-12-01 10:09:57.797187,38.685534715652466,0.032483383535279714,1.550967317396896,0.04060422941909965,0.14617522590875875,0.07892812531402266
2023-12-01 10:10:09.242528,11.442968130111694,0.10981740464077054,5.243394835830443,0.13727175580096318,0.49417832088346747,0.26683432979614424
2023-12-01 10:15:35.350166,326.1055016517639,0.0038534678350132037,0.18398953619639266,0.004816834793766505,0.017340605257559417,0.009363156145515082
2023-12-01 10:15:45.002428,9.650053977966309,0.13022072874464335,6.217581801821656,0.16277591093080424,0.5859932793508953,0.3164103267037345
2023-12-01 10:16:27.406889,42.40236186981201,0.029636015684554803,1.4150155169237513,0.037045019605693515,0.13336207058049665,0.07200959091033128
2023-12-01 10:17:18.180140,50.77113389968872,0.02475101430507192,1.1817738819571226,0.030938767881339906,0.11137956437282366,0.06014001455846377
2023-12-01 10:17:45.381248,27.199223279953003,0.046201211280989515,2.205945345660756,0.057751514101236905,0.20790545076445285,0.11225970317054834
2023-12-01 10:18:06.915462,21.53251600265503,0.05835997341327738,2.786483474230406,0.07294996676659674,0.26261988035974826,0.1418030633995814
2023-12-01 10:20:28.699315,141.78173327445984,0.008863180273042157,0.4231856855907702,0.011078975341302697,0.03988431122868971,0.021535755427437835
2023-12-01 10:21:17.543907,48.842461824417114,0.025728372700650905,1.2284393079057505,0.032160465875813636,0.1157776771529291,0.06251479998804158
2023-12-01 10:21:29.764956,12.218869686126709,0.1028439695091193,4.91043783437055,0.12855496188639914,0.4627978627910369,0.24989027711325812
2023-12-01 10:21:40.731150,10.96393632888794,0.11461550156260134,5.472487088593457,0.14326937695325168,0.515769757031706,0.27849274569680876
2023-12-01 10:24:42.931889,182.19865655899048,0.006897070950844556,0.32931088040472895,0.008621338688555696,0.031036819278800507,0.016758502996362105
2023-12-01 10:25:59.915733,76.98162984848022,0.016323856274663245,0.7794067249302922,0.020404820343329057,0.07345735323598461,0.03966370597617675
2023-12-01 10:26:06.987193,7.069316148757935,0.17775935253040084,8.487383890808433,0.2221991906630011,0.7999170863868039,0.43191967477836807
2023-12-01 10:26:14.751798,7.762523651123047,0.16188511854055512,7.729445048624035,0.20235639817569392,0.7284830334324981,0.3933484610298409
2023-12-01 10:26:26.508465,11.754621267318726,0.10690578903888079,5.104375431203172,0.133632236298601,0.48107605067496356,0.25975968620667256
2023-12-01 10:27:04.261218,37.750662326812744,0.03328781494102104,1.589376087777524,0.041609768676276304,0.1497951672345947,0.08088273274369293
2023-12-01 10:27:37.184450,32.920900106430054,0.03817140653424823,1.8225504104087635,0.04771425816781029,0.17177132940411705,0.09274888359691635
2023-12-01 10:27:46.953901,9.767559289932251,0.12865415239722935,6.142783290995121,0.16081769049653674,0.5789436857875323,0.312603859494788
2023-12-01 10:27:53.562930,6.607431888580322,0.19018539768949766,9.080683843854446,0.23773174711187214,0.8558342896027398,0.46211247930594157
2023-12-01 10:28:09.127456,15.562444686889648,0.0807480499830822,3.85543538995169,0.10093506247885276,0.36336622492386994,0.19620161184889315
2023-12-01 10:28:17.970862,8.841349601745605,0.14213181448992937,6.78629425400776,0.17766476811241172,0.6395931652046822,0.3453518828476304
2023-12-01 10:28:24.679137,6.706151485443115,0.1873857255034679,8.947009343621387,0.2342321568793349,0.8432357647656057,0.45530983582832635
2023-12-01 10:28:29.951618,5.270395278930664,0.23843317150414614,11.38434535258875,0.29804146438018275,1.072949271768658,0.5793449201207744
2023-12-01 10:28:35.797332,5.838837146759033,0.21522043342713193,10.276018750292469,0.2690255417839149,0.9684919504220937,0.5229426091412451
2023-12-01 10:28:41.462673,5.6630895137786865,0.22189955824968557,10.594923469603627,0.277374447812107,0.9985480121235852,0.5391715466350862
2023-12-01 10:28:47.869203,6.404669761657715,0.1962063788142393,9.368164516334135,0.24525797351779913,0.8829287046640769,0.47674225924283864
2023-12-01 10:28:54.684105,6.8132641315460205,0.1844397981897657,8.806351675431847,0.23054974773720716,0.8299790918539458,0.44815182164149275
2023-12-01 10:29:00.234071,5.547764778137207,0.22651231832829488,10.815166539945917,0.28314039791036866,1.0193054324773272,0.550379631074091
2023-12-01 10:29:06.184317,5.9411938190460205,0.2115125511319703,10.0989804115891,0.26439068891496287,0.9518064800938664,0.5139331967404615
2023-12-01 10:29:11.783019,5.596628189086914,0.2245346696223779,10.720740769772123,0.28066833702797245,1.010406013300701,0.545574340248454
2023-12-01 10:29:18.180475,6.390323877334595,0.19664685007484484,9.389195469858722,0.2458085625935561,0.884910825336802,0.4778125163118581
2023-12-01 10:29:26.354813,8.17227554321289,0.1537683176235485,7.3418963522137055,0.19221039702943568,0.6919574293059685,0.37362625816169825
2023-12-01 10:29:33.823368,7.4664788246154785,0.1683038405323052,8.03591644861994,0.21037980066538153,0.7573672823953735,0.4089446717253952
2023-12-01 10:29:40.583189,6.757701635360718,0.1859562805881174,8.878758376374703,0.23244535073514674,0.8368032626465283,0.45183657057300763
2023-12-01 10:29:47.036855,6.451809644699097,0.19477280493983407,9.299716405814436,0.24346600617479258,0.8764776222292533,0.4732589614428088
2023-12-01 10:29:56.658256,9.619778394699097,0.1306305623556128,6.237149915330953,0.16328820294451604,0.5878375306002578,0.3174061404116681
2023-12-01 10:30:55.508158,58.84780836105347,0.02135401634205263,1.0195791767108369,0.02669252042756579,0.09609307353923684,0.051885988907919484
2023-12-01 10:31:41.650124,46.1397590637207,0.027235449142689612,1.3003969075160924,0.03404431142836202,0.12255952114210328,0.06617669432690723
2023-12-01 10:32:07.346815,25.6945481300354,0.04890675854956885,2.335125712129709,0.06113344818696107,0.22008041347305987,0.1188336419237424
2023-12-01 10:32:23.621249,16.272209405899048,0.07722596422464657,3.687268182417111,0.09653245528080823,0.34751683901090963,0.18764364787304627
2023-12-01 10:32:34.680908,11.057384014129639,0.11364686799609455,5.426238242547171,0.1420585849951182,0.5114109059824256,0.27613915985691057
2023-12-01 10:32:47.086804,12.40368103981018,0.1013116233320321,4.8372736937871315,0.12663952916504015,0.4559023049941445,0.24616698237217163
2023-12-01 10:32:57.931923,10.84305191040039,0.11589329939761531,5.533497441107836,0.14486662424701915,0.5215198472892689,0.2815975388763257
2023-12-01 10:33:06.940923,9.006922721862793,0.13951902333808658,6.661542665882996,0.17439877917260824,0.6278356050213897,0.3390033229068828
2023-12-01 10:33:15.700223,8.757015228271484,0.14350061392824143,6.851649613020393,0.1793757674103018,0.6457527626770866,0.3486777917228411
2023-12-01 10:33:22.464936,6.7626423835754395,0.18582042198297163,8.87227160580355,0.23227552747871458,0.8361918989233725,0.45150646133422456
2023-12-01 10:33:37.325074,14.857905864715576,0.08457699711371627,4.0382541487550725,0.10572124639214533,0.3805964870117232,0.20550518758690778
2023-12-01 10:33:47.250813,9.923711061477661,0.12662975107306293,6.0461252477322605,0.15828718884132867,0.5698338798287832,0.30768496915732835
2023-12-01 10:35:22.108534,94.8561520576477,0.013247818240320468,0.6325367274389931,0.016559772800400586,0.05961518208144211,0.03218954876033068
2023-12-01 10:35:45.744099,23.633540868759155,0.05317176416408461,2.53876472988917,0.06646470520510578,0.23927293873838082,0.12919675256589283
2023-12-01 10:35:54.172186,8.426558494567871,0.14912814789643963,7.1203445675572805,0.18641018487054958,0.6710766655339785,0.3623515737587691
2023-12-01 10:36:04.054917,9.880624532699585,0.12718194657403692,6.072490640792196,0.15897743321754618,0.5723187595831662,0.30902669378559494
2023-12-01 10:36:11.272045,7.2150774002075195,0.17416820246443565,8.315919105493489,0.21771025308054456,0.7837569110899605,0.42319389834808574
2023-12-01 10:36:53.800474,42.52635312080383,0.029549607930551003,1.4108898505723992,0.03693700991318876,0.13297323568747954,0.07179963734965283
2023-12-01 10:37:09.904758,16.101849794387817,0.07804302471346547,3.7262799470972934,0.09755378089183184,0.3511936112105946,0.1896289414487784
2023-12-01 10:37:20.713832,10.806872844696045,0.11628128502064017,5.552022390033734,0.1453516062758002,0.5232657825928808,0.2825402663431515
2023-12-01 10:37:56.097125,35.38108992576599,0.03551719475212609,1.6958211328675177,0.04439649344015762,0.15982737638456743,0.08629967980871599
2023-12-01 10:38:14.005640,17.906254529953003,0.07017866630533233,3.350784492627084,0.08772333288166542,0.31580399837399553,0.17052012338869652
2023-12-01 10:38:35.214204,21.206326007843018,0.05925765080529077,2.8293444125026372,0.07407206350661345,0.2666594286238084,0.14398423992669548
2023-12-01 10:38:42.504114,7.287795305252075,0.17243034536525745,8.232942541177023,0.21553793170657184,0.7759365541436587,0.41897125316850264
2023-12-01 10:38:49.196004,6.689785480499268,0.18784414912840117,8.968897459402857,0.2348051864105015,0.8452986710778054,0.45642371355218925
2023-12-01 10:38:54.935364,5.737263917922974,0.2190307225557875,10.457946655122923,0.2737884031947344,0.9856382515010439,0.5322008496660525
2023-12-01 10:39:02.379653,7.437488079071045,0.1689598757101972,8.067239821041044,0.21119984463774652,0.7603194406958875,0.4105387060006372
2023-12-01 10:39:13.324780,10.943051099777222,0.11483424960534999,5.482931538281995,0.1435428120066875,0.516754123224075,0.2790242596910794
2023-12-01 10:39:21.050098,7.7229907512664795,0.16271378561858868,7.769010987118003,0.2033922320232359,0.7322120352836492,0.39536195629604687
2023-12-01 10:39:25.772616,4.720433950424194,0.26621219036927557,12.71069580257726,0.3327652379615945,1.1979548566617404,0.6468423801592659
2023-12-01 10:39:32.291136,6.516339063644409,0.19284402624886046,9.207624006974807,0.2410550328110756,0.8677981181198722,0.4685724149794812
2023-12-01 10:40:08.107508,35.814298152923584,0.03508758027506776,1.6753085525732156,0.043859475343834706,0.15789411123780495,0.08525580255235965
2023-12-01 10:40:19.787664,11.677958488464355,0.10760759790996348,5.137884336484738,0.13450949738745438,0.4842341905948358,0.26146494140162935
2023-12-01 10:41:09.233222,49.443488121032715,0.025415623152634285,1.2135066169507702,0.03176952894079286,0.11437030418685429,0.06175488113627079
2023-12-01 10:41:19.295846,10.060309886932373,0.12491037309578301,5.964030996494028,0.15613796636972876,0.5620966789310236,0.30350722454813356
2023-12-01 10:41:51.691067,32.39314079284668,0.03879330718413752,1.8522439791713465,0.04849163398017191,0.17456988232861886,0.09425997779601736
2023-12-01 10:42:03.186200,11.492981910705566,0.10933951442709362,5.220577258901867,0.13667439303386705,0.4920278149219214,0.26567315215495213
2023-12-01 10:42:09.178049,5.989689350128174,0.2098000393641494,10.01721399770358,0.2622500492051868,0.9441001771386724,0.5097721356470103
2023-12-01 10:42:16.670374,7.490061283111572,0.1677739358781156,8.010615365095436,0.20971741984764453,0.7549827114515203,0.40765710939664535
2023-12-01 10:42:22.813833,6.141024589538574,0.20462986967624872,9.770356578967597,0.25578733709531093,0.9208344135431193,0.4972096573393492
2023-12-01 10:42:27.750478,4.934349775314331,0.2546712573402574,12.15965684073903,0.31833907167532177,1.1460206580311585,0.6188002210853575
2023-12-01 10:42:32.015496,4.257991075515747,0.2951244000161996,14.0911521268824,0.3689055000202495,1.3280598000728983,0.7170932671593618
2023-12-01 10:42:36.255588,4.237940073013306,0.2965207246412075,14.157821716751686,0.37065090580150944,1.334343260885434,0.7204860567332061
2023-12-01 10:42:42.375547,6.117780923843384,0.20540733267160835,9.807477702602352,0.2567591658395104,0.9243329970222375,0.4990987369254739
2023-12-01 10:42:49.296459,6.9190733432769775,0.18161927169870914,8.67168145547986,0.22702408962338647,0.8172867226441913,0.4412985063735235
2023-12-01 10:42:54.653506,5.355514764785767,0.23464356212753074,11.20340483318603,0.29330445265941346,1.0558960295738884,0.5701369272574742
2023-12-01 10:43:00.486957,5.8254554271698,0.21571481872043666,10.299623909258885,0.26964352340054587,0.9707166842419651,0.5241438665269171
2023-12-01 10:43:05.807194,5.318140268325806,0.23629257560585498,11.282139427076167,0.29536571950731877,1.0633165902263475,0.5741437002071065
2023-12-01 10:43:12.504229,6.69027304649353,0.1878304596393923,8.968243834449607,0.2347880745492404,0.8452370683772654,0.4563904508317954
2023-12-01 10:43:22.028675,9.522365093231201,0.13196690623941468,6.30095563576426,0.1649586327992684,0.5938510780773663,0.3206531887805299
2023-12-01 10:43:38.588220,16.55732798576355,0.07589612662842753,3.6237731143327996,0.09487015828553441,0.3415325698279239,0.18441240848175322
2023-12-01 10:43:45.775387,7.185277700424194,0.17489053503968668,8.35040794546574,0.21861316879960843,0.7870074076785903,0.42494902203943086
2023-12-01 10:45:01.110412,75.33348751068115,0.01668098880007042,0.7964585469575254,0.020851236000088025,0.0750644496003169,0.04053146658641111
2023-12-01 10:45:26.441689,25.329291343688965,0.04961201023687622,2.3687989997773693,0.06201501279609528,0.223254046065943,0.12054726247356186
2023-12-01 10:45:37.146214,10.702275514602661,0.11741774538707266,5.606284375517461,0.14677218173384082,0.528379854241827,0.28530163774150913
2023-12-01 10:45:43.041574,5.8932318687438965,0.21323394182074853,10.181170762722527,0.2665424272759357,0.9595527381933685,0.5181158318360548
2023-12-01 10:45:48.901168,5.85294771194458,0.21470156975286092,10.251244834727155,0.2683769621910762,0.9661570638878744,0.5216818741855016
2023-12-01 10:45:56.369885,7.462193012237549,0.16840050362877348,8.040531771505186,0.21050062953596682,0.7578022663294806,0.4091795437171937
2023-12-01 10:46:14.387712,18.01566219329834,0.0697524769255151,3.33043544867973,0.08719059615689388,0.31388614616481797,0.16948456843361662
2023-12-01 10:46:32.353920,17.964094638824463,0.06995270770395748,3.3399957641242026,0.08744088462994687,0.31478718466780875,0.1699710891790759
2023-12-01 10:48:23.442646,111.08650255203247,0.011312238954028763,0.5401196240911108,0.014140298692535955,0.05090507529312944,0.027486478210499092
2023-12-01 10:48:31.404100,7.959235668182373,0.1578841378525096,7.538412292508738,0.19735517231563704,0.7104786203362934,0.3836268781540279
2023-12-01 10:48:44.212923,12.806742906570435,0.09812308020888012,4.685031973993739,0.12265385026110016,0.4415538609399606,0.23841946029153693
2023-12-01 10:49:20.671031,36.45588564872742,0.03447007359920725,1.645824780616582,0.043087591999009064,0.15511533119643264,0.08375538483135378
2023-12-01 10:49:29.168178,8.49502444267273,0.1479262443464554,7.062957900227374,0.18490780543306928,0.6656680995590495,0.3594311885130174
2023-12-01 10:50:23.295714,54.12545824050903,0.023217116349426387,1.1085356494052607,0.029021395436782983,0.10447702357241874,0.056412949305836235
2023-12-01 11:00:52.153831,628.8559939861298,0.0019982906634481946,0.09541135104664897,0.002497863329310244,0.008992307985516878,0.004855446654046425
2023-12-01 11:01:00.350436,8.194192171096802,0.1533570405961952,7.32225932064868,0.19169630074524405,0.6901066826828786,0.37262693724063517
2023-12-01 11:01:08.969433,8.616871356964111,0.14583449251801928,6.9630841072622385,0.18229311564752412,0.6562552163310869,0.3543486499202833
2023-12-01 11:01:16.738393,7.766640901565552,0.1617993000271986,7.7253475164411896,0.2022491250339983,0.7280968501223939,0.39313993920608725
2023-12-01 11:01:26.367234,9.62677526473999,0.13053561830186317,6.232616670689522,0.163169522877329,0.5874102823583844,0.3171754453498672
2023-12-01 11:01:52.900309,26.530991315841675,0.04736487402510204,2.2615061490059722,0.05920609253137757,0.21314193311295926,0.11508717090619297
2023-12-01 11:02:31.263875,38.36147332191467,0.032757789329171595,1.5640692289501805,0.0409472366614645,0.1474100519812722,0.07959487651202116
2023-12-01 11:03:15.974644,44.70858716964722,0.028107286340040102,1.3420240673750068,0.03513410792505013,0.12648278853018047,0.06829508434902945
2023-12-01 11:03:33.112047,17.135273456573486,0.07333627120808173,3.501549021208215,0.09167033901010217,0.3300132204363678,0.17819247178139702
2023-12-01 11:04:07.115436,34.001312494277954,0.03695848687156989,1.7646377624421803,0.046198108589462376,0.16631319092206456,0.08980173140054054
2023-12-01 11:04:25.890380,18.772764444351196,0.06693937193752222,3.1961195793970694,0.08367421492190279,0.30122717371885005,0.16264928593379152
2023-12-01 11:05:35.121752,69.2295024394989,0.018151756363323838,0.8666825253068263,0.0226896954541548,0.08168290363495728,0.04410513761160427
2023-12-01 11:05:43.264524,8.141165018081665,0.1543559255517982,7.369952564127982,0.19294490693974775,0.694601664983092,0.37505402790575926
2023-12-01 11:05:52.608318,9.341615915298462,0.13452030920881294,6.422871647049837,0.1681503865110162,0.6053413914396583,0.3268574473155737
2023-12-01 11:06:03.555487,10.945087909698486,0.11481287969577714,5.481911200259411,0.14351609961972145,0.5166579586309973,0.27897233508479935
2023-12-01 11:06:09.402362,5.8447418212890625,0.21500300609664313,10.265637359969299,0.26875375762080395,0.9675135274348943,0.5224143042136236
2023-12-01 11:06:20.119461,10.714961051940918,0.11727873347783087,5.59964704576612,0.1465984168472886,0.527754300650239,0.2849638666044335
2023-12-01 11:12:09.146279,349.0246317386627,0.0036004251481506974,0.17190763786816593,0.004500531435188373,0.016201913166678142,0.008748313024976567
2023-12-01 11:20:40.385407,511.23698472976685,0.002458032378272004,0.11736240098457511,0.0030725404728400058,0.011061145702224022,0.005972527072725317
2023-12-01 11:20:54.547990,14.160238981246948,0.08874405743435115,4.237216623212415,0.11093007179293897,0.3993482584545803,0.21563031075398648
2023-12-01 11:21:02.146703,7.596580505371094,0.16542141040267042,7.898290547645423,0.20677676300333805,0.744396346812017,0.40194094299640865
2023-12-01 11:22:06.729733,64.5809326171875,0.019458329424952854,0.9290667936875173,0.024322911781191073,0.08756248241228787,0.04727984883675045
2023-12-01 11:22:10.647229,3.915233612060547,0.3209609402526972,15.324756054191775,0.4012011753158716,1.4443242311371378,0.779870892626004
2023-12-01 11:22:14.071442,3.4221694469451904,0.36720480412144935,17.532737910905954,0.4590060051518117,1.6524216185465221,0.8922342330542977
2023-12-01 11:22:16.969776,2.8961524963378906,0.4338987891780222,20.717141129781126,0.5423734864725278,1.9525445513011002,1.0542872779447585
2023-12-01 11:22:20.136048,3.1640610694885254,0.39715954712563567,18.96297153635504,0.49644943390704466,1.7872179620653608,0.9650182676058697
2023-12-01 11:22:24.042983,3.9000658988952637,0.32220918671960735,15.384355432813496,0.40276148339950923,1.4499413402382333,0.782903881891302
2023-12-01 11:22:28.983952,4.938901424407959,0.254436554498869,12.148450605529625,0.3180456931235862,1.1449644952449105,0.6182299401213518
2023-12-01 11:22:35.519415,6.53340482711792,0.19234030259690144,9.183572974226333,0.24042537824612684,0.8655313616860566,0.4673484672499512
2023-12-01 11:22:39.680113,4.158615350723267,0.3021767957494224,14.427879219357182,0.37772099468677806,1.359795580872401,0.7342291783119467
2023-12-01 11:22:45.101782,5.4195733070373535,0.23187011047607112,11.070982271259176,0.28983763809508895,1.0434154971423202,0.5633979944347577
2023-12-01 11:22:49.574944,4.47121787071228,0.28105028602324195,13.419162683396994,0.35131285752905245,1.2647262871045888,0.6828959849792733
2023-12-01 11:22:53.194987,3.618527412414551,0.3472785799893652,16.581330790572494,0.4340982249867066,1.5627536099521437,0.8438174936581597
2023-12-01 11:22:56.619663,3.4225664138793945,0.3671622138112289,17.530704373386133,0.45895276726403617,1.6522299621505303,0.892130747118524
2023-12-01 11:22:59.907118,3.285412311553955,0.38248991063211335,18.26254798796344,0.4781123882901417,1.72120459784451,0.929373984853909
2023-12-01 11:23:03.021816,3.112611770629883,0.4037243170810275,19.276416212953574,0.5046553963512844,1.8167594268646239,0.9809693456434807
2023-12-01 11:23:06.373028,3.34907865524292,0.375218736492998,17.91537499606679,0.4690234206162476,1.6884843142184913,0.9117064859306867
2023-12-01 11:23:09.432846,3.057497501373291,0.4110018277599547,19.623891752340167,0.5137522846999435,1.8495082249197967,0.9986522410911381
2023-12-01 11:23:12.905775,3.470641613006592,0.36207629641923805,17.28786970545842,0.45259537052404764,1.6293433338865715,0.8797729850394648
2023-12-01 11:23:17.511175,4.603232145309448,0.2729901559964539,13.034319822678974,0.3412376949955674,1.2284557019840425,0.6633114810401837
2023-12-01 11:23:24.512259,6.998983860015869,0.17954564356333122,8.572673005115911,0.22443205445416403,0.8079553960349906,0.4362600047301822
2023-12-01 11:23:33.946267,9.431886434555054,0.13323284479253789,6.361399749278308,0.1665410559906724,0.5995478015664206,0.3237291662769086
2023-12-01 11:23:40.258749,6.308716535568237,0.19919060467387598,9.510650805393286,0.248988255842345,0.8963577210324419,0.4839933312365839
2023-12-01 11:23:45.859318,5.598635911941528,0.22445414940371305,10.716896212526319,0.28056768675464133,1.0100436723167088,0.545378692221142
2023-12-01 11:23:49.797811,3.930448293685913,0.3197185072895241,15.265434249926981,0.3996481341119052,1.4387332828028587,0.7768520290120858
2023-12-01 11:23:53.101212,3.3018341064453125,0.38058758281735333,18.171718525433363,0.4757344785216917,1.7126441226780902,0.9247517087296052
2023-12-01 11:23:56.991755,3.8883514404296875,0.32317990816618436,15.430703967789912,0.4039748852077305,1.45430958674783,0.7852625408621948
2023-12-01 11:24:00.374201,3.3802506923675537,0.3717585397655104,17.750162772091777,0.4646981747068881,1.6729134289447973,0.9032988999222374
2023-12-01 11:24:03.394036,3.0176780223846436,0.4164251626960824,19.882836921278475,0.5205314533701031,1.8739132321323713,1.0118298603189413
2023-12-01 11:24:07.245392,3.849280595779419,0.32646023852191214,15.587328205116453,0.40807529815239024,1.469071073348605,0.7932330875605422
2023-12-01 11:24:13.501554,6.253851652145386,0.20093809884422625,9.594087505963941,0.25117262355528286,0.9042214447990183,0.488239392571701
2023-12-01 11:24:19.307024,5.803282022476196,0.21653903025373286,10.338977111162118,0.2706737878171661,0.974425636141798,0.5261465357105202
2023-12-01 11:24:28.050121,8.740916728973389,0.14376490480346996,6.864268572782404,0.17970613100433747,0.6469420716156149,0.34931996569147133
2023-12-01 11:33:38.804038,550.7516534328461,0.002281676420948123,0.10894202427903539,0.002852095526185154,0.010267543894266554,0.00554401736761975
2023-12-01 11:35:21.036666,102.23050427436829,0.012292192730100689,0.5869089703301354,0.015365240912625864,0.05531486728545311,0.02986756989559866
2023-12-01 11:35:27.871667,6.832713842391968,0.1839147797525791,8.781283891584058,0.2298934746907239,0.8276165088866061,0.44687613184281677
2023-12-01 11:35:39.089221,11.21544361114502,0.11204523913678911,5.3497660975600425,0.1400565489209864,0.5042035761155511,0.2722475220545702
2023-12-01 11:35:50.308040,11.216754913330078,0.1120321404136699,5.349140679600259,0.1400401755170874,0.5041446318615146,0.27221569477713514
2023-12-01 11:35:57.450724,7.1411614418029785,0.1759709637818586,8.401994617958305,0.21996370472732327,0.7918693370183638,0.4275742477971601
2023-12-01 11:36:09.504834,12.051991939544678,0.10426799716922089,4.978430146731976,0.13033499646152613,0.4692059872614941,0.253350379521773
2023-12-01 11:36:16.787883,7.280838966369629,0.17259509065374942,8.240808549281402,0.2157438633171868,0.7766779079418725,0.4193715512704804
2023-12-01 11:36:37.516202,20.72623610496521,0.060630258917820354,2.8948816223137737,0.07578782364727545,0.2728361651301916,0.1473194031185199
2023-12-01 11:39:26.018559,168.50016975402832,0.007457779201470952,0.356082727320609,0.009322224001838693,0.0335600064066193,0.018120911903734126
2023-12-01 11:39:56.618650,30.597980499267578,0.04106928107448128,1.9609137276702369,0.05133660134310161,0.18481176483516581,0.09979013915477464
2023-12-01 11:43:22.573030,205.95228695869446,0.00610159314078385,0.29132961272740576,0.007626991425979813,0.027457169133527325,0.014825651013476599
2023-12-01 11:43:27.105498,4.530187606811523,0.2773918368295512,13.244484601429063,0.3467397960369391,1.2482632657329809,0.6740066851284437
2023-12-01 11:43:32.453761,5.346069097518921,0.23505814057269014,11.223199495839971,0.29382267571586274,1.057761632577106,0.5711442699635226
2023-12-01 11:43:41.225284,8.769334554672241,0.14329902156217653,6.842024286555747,0.17912377695272066,0.6448455970297944,0.34818796259177653
2023-12-01 11:43:48.345252,7.1179516315460205,0.17654475985290946,8.42939136226864,0.22068094981613687,0.7944514193380927,0.4289684574905995
2023-12-01 11:43:56.591446,8.244604110717773,0.152419333246374,7.277487092679386,0.19052416655796753,0.6858869996086832,0.3703484959220396
2023-12-01 11:44:51.612224,55.01868391036987,0.02284018758942119,1.090538626800763,0.028550234486776488,0.10278084415239536,0.05549708780477561
2023-12-01 11:44:56.008402,4.394000291824341,0.285989298583814,13.654983162299395,0.35748662322976754,1.2869518436271632,0.6948967976989513
2023-12-01 11:44:59.035132,3.0246481895446777,0.4154655294390083,19.837017808352858,0.5193319117987604,1.8695948824755373,1.0094981434309023
2023-12-01 11:45:01.975179,2.937964916229248,0.42772364451810985,20.422299690701355,0.5346545556476374,1.9247564003314948,1.0392829114501034
2023-12-01 11:45:05.441000,3.4636778831481934,0.36280425138544914,17.322626994824653,0.4535053142318114,1.632619131234521,0.8815417700163642
2023-12-01 11:45:11.503517,6.0603344440460205,0.20735440808394678,9.900443705536258,0.2591930101049335,0.9330948363777607,0.503829740762374
2023-12-01 11:45:20.122716,8.617151021957397,0.14582975953814378,6.962858124119417,0.18228719942267974,0.6562339179216471,0.3543371497257818
2023-12-01 11:45:29.281572,9.156780481338501,0.13723568714975104,6.552521393548734,0.1715446089371888,0.6175605921738797,0.3334552726364651
2023-12-01 11:45:37.678775,8.394975423812866,0.1496891888297122,7.147132298899446,0.18711148603714026,0.6736013497337049,0.36371479101843474
2023-12-01 11:45:45.357057,7.676403045654297,0.16370128743400392,7.816160725688669,0.20462660929250492,0.7366557934530178,0.3977613882071428
2023-12-01 11:46:14.057661,28.698891162872314,0.043786955192945766,2.090673108570196,0.05473369399118221,0.19704129836825596,0.10639354372781963
2023-12-01 11:46:17.751893,3.6920154094696045,0.340366147501114,16.251286450784235,0.42545768437639253,1.5316476637550132,0.8270216651982069
2023-12-01 11:46:21.277807,3.5237889289855957,0.35661530436718564,17.02712654167751,0.4457691304589821,1.6047688696523355,0.8665038665513878
2023-12-01 11:46:24.823334,3.543132781982422,0.35466835107794487,16.934166369692004,0.44333543884743115,1.5960075798507523,0.8617731594491905
2023-12-01 11:46:27.495503,2.670154333114624,0.4706233815219596,22.47061125115285,0.5882792269024496,2.1178052168488186,1.1435206924220576
2023-12-01 11:46:30.661202,3.163609027862549,0.3972162964413298,18.96568111658798,0.49652037055166226,1.787473333985984,0.9651561570931432
2023-12-01 11:46:34.149374,3.485982656478882,0.3604828782209777,17.211789590658704,0.4506035977762222,1.6221729519944,0.8759012975013318
2023-12-01 11:46:38.620081,4.468359470367432,0.2812300733120257,13.427746894111502,0.3515375916400322,1.2655353299041159,0.6833328321335601
2023-12-01 11:46:45.462265,6.840067625045776,0.18371705227512386,8.77184309995743,0.22964631534390487,0.8267267352380575,0.44639569361809606
2023-12-01 11:47:30.731258,45.26688098907471,0.027760628388317943,1.325472369401399,0.034700785485397435,0.12492282774743077,0.06745277485793495
2023-12-01 11:47:36.286302,5.55277943611145,0.22630775738427786,10.80539947432476,0.2828846967303474,1.0183849082292507,0.5498825888923184
2023-12-01 11:47:42.345186,6.052433252334595,0.20762510035962758,9.913368309655676,0.25953137544953453,0.9343129516183243,0.5044874688538232
2023-12-01 11:48:06.262752,23.915350914001465,0.05254520688217071,2.508848823325124,0.0656815086027134,0.23645343096976826,0.12767434368229844
2023-12-01 11:48:28.682681,22.417827129364014,0.05605525701417823,2.676441372027931,0.0700690712677228,0.2522486565638021,0.13620306349305028
2023-12-01 11:49:29.327724,60.642924308776855,0.020721907390835438,0.9893981974631819,0.025902384238544303,0.0932485832587595,0.05035009057825196
2023-12-01 11:49:37.416344,8.086488723754883,0.15539959361402658,7.419784043443219,0.19424949201753325,0.6992981712631197,0.3775899325633618
2023-12-01 11:49:42.596185,5.177719831466675,0.24270086106222435,11.588112519213695,0.3033760763277805,1.09215387478001,0.5897145522089929
2023-12-01 11:49:46.916169,4.313831329345703,0.2913041715116193,13.908749651809046,0.36413021438952414,1.310868771802287,0.7078108759389327
2023-12-01 11:49:51.605001,4.687227964401245,0.2680981319833123,12.800742881654255,0.33512266497914045,1.2064415939249056,0.6514248410930524
2023-12-01 11:49:55.176963,3.5697453022003174,0.3520242916662295,16.807921832131058,0.440030364582787,1.5841093124980332,0.8553486238906046
2023-12-01 11:49:59.318905,4.139648675918579,0.3035612825663454,14.493983595524838,0.37945160320793175,1.3660257715485544,0.7375932043797061
2023-12-01 11:50:05.593257,6.272289276123047,0.20034743394562549,9.565885334466985,0.25043429243203186,0.9015634527553147,0.4868041950010808
2023-12-01 11:50:15.688155,10.092618703842163,0.12451050597577094,5.944938747875076,0.1556381324697137,0.5602972768909693,0.3025356274199283
2023-12-01 11:50:50.827297,35.13702845573425,0.035763896853686215,1.7076002905478533,0.04470487106710777,0.160937535841588,0.08689911657508677
2023-12-01 11:50:58.716802,7.887255668640137,0.15932500659669593,7.607208707403898,0.19915625824586997,0.7169625296851319,0.38712790102865186
2023-12-01 11:51:06.705565,7.986456871032715,0.15734600232974447,7.512718213958314,0.1966825029121806,0.7080570104838502,0.38231931646081313
2023-12-01 11:51:14.294594,7.586778163909912,0.16563513975058664,7.908495372306824,0.2070439246882333,0.7453581288776399,0.4024602625659754
2023-12-01 11:51:45.871669,31.575230836868286,0.03979819080114614,1.9002236376350419,0.04974773850143268,0.17909185860515764,0.0967016440086249
2023-12-01 11:51:52.876831,7.00360894203186,0.17942707421801687,8.567011735894127,0.2242838427725211,0.807421833981076,0.4359719049349374
2023-12-01 11:55:30.323625,217.44453048706055,0.00577911552257092,0.27593244063487915,0.0072238944032136515,0.026006019851569147,0.014042094896742824
2023-12-01 11:55:43.806186,13.480347871780396,0.09321992825322757,4.4509237128519,0.11652491031653447,0.4194896771395241,0.22650578166969237
2023-12-01 11:59:55.361597,251.55323243141174,0.004995511483950223,0.23851810378290225,0.00624438935493778,0.02247980167777601,0.012138093803702255
2023-12-01 12:00:05.706258,10.34260368347168,0.12150103589912521,5.801247136239482,0.15187629487390653,0.5467546615460636,0.29522321702769444
2023-12-01 12:00:17.870902,12.163119077682495,0.10331536289418217,4.9329452105826235,0.12914420361772772,0.46491913302381976,0.2510356687602838
2023-12-01 12:01:48.799449,90.92671036720276,0.013820329101988342,0.6598721075214659,0.01727541137748543,0.06219148095894755,0.033580635652011276
2023-12-01 12:02:36.491791,47.69077515602112,0.026349688327036193,1.2581049438535872,0.032937110408795246,0.11857359747166289,0.06402447269703256
2023-12-01 12:02:44.006485,7.512491941452026,0.1672729995891393,7.98669741912603,0.20909124948642416,0.752728498151127,0.40643993440169074
2023-12-01 12:02:50.174612,6.166240930557251,0.20379305245900492,9.730401499990972,0.25474131557375623,0.9170687360655224,0.4951763588648903
2023-12-01 12:02:58.238960,8.062824249267578,0.1558556930656239,7.441561188122185,0.19481961633202993,0.7013506187953078,0.3786981630108531
2023-12-01 12:05:55.050288,176.80912804603577,0.007107308742050507,0.3393489955132736,0.008884135927563134,0.03198288933922728,0.017269338781434322
2023-12-01 12:06:04.049108,8.996682405471802,0.13967782842613494,6.669125050308308,0.17459728553266868,0.6285502279176073,0.33938918750982267
2023-12-01 12:06:12.165734,8.114373445510864,0.15486556908853263,7.394286250553819,0.1935819613606658,0.6968950608983969,0.3762923597713166
2023-12-01 12:15:27.619235,555.4513053894043,0.0022623712452254302,0.10802027003597812,0.0028279640565317885,0.010180670603514439,0.0054971096516487515
2023-12-01 12:15:37.365268,9.743774175643921,0.12896820459746255,6.15777817901192,0.16121025574682823,0.5803569206885817,0.3133669435309146
2023-12-01 12:15:42.074339,4.706735372543335,0.2669869797155985,12.747689268873927,0.33373372464449813,1.2014414087201932,0.6487249633129613
2023-12-01 12:15:46.243165,4.166935682296753,0.30157342403309606,14.399070342004629,0.37696678004137013,1.3570804081489325,0.7327631057156169
2023-12-01 12:15:51.427906,5.1832404136657715,0.24244236445655795,11.57577021544441,0.3030529555706975,1.090990640054511,0.5890864571565446
2023-12-01 12:19:16.761734,205.33168077468872,0.0061200349439248505,0.29221014396623113,0.007650043679906063,0.027540157247661828,0.014870460906748602
2023-12-01 12:19:33.582184,16.818138599395752,0.07471915242041506,3.5675767354037444,0.09339894052551885,0.3362361858918679,0.18155259655112457
2023-12-01 12:21:37.703219,124.11890482902527,0.010124461403900916,0.4834074235721823,0.012655576754876146,0.04556007631755413,0.02460041631919845
2023-12-01 12:21:48.088997,10.38387680053711,0.1210181019646648,5.778188739382625,0.15127262745583103,0.5445814588409917,0.2940497841537426
2023-12-01 12:21:56.410722,8.320160865783691,0.15103518810601174,7.2113990303658015,0.1887939851325147,0.6796583464770529,0.36698530005998736
2023-12-01 12:22:03.665942,7.25312614440918,0.17325454382239752,8.27229511873979,0.21656817977799694,0.779645447200789,0.42097389057966156
2023-12-01 12:22:08.352017,4.6838812828063965,0.26828969087000215,12.809889144767215,0.33536211358750273,1.2073036089150098,0.6518902908759313
2023-12-01 12:22:13.297233,4.943115949630737,0.25421962062811637,12.138092776173325,0.3177745257851455,1.1439882928265237,0.6177028342021972
2023-12-01 12:22:18.014698,4.7151970863342285,0.2665078550116076,12.724812749374651,0.33313481876450957,1.1992853475522345,0.6475607861072042
2023-12-01 12:22:21.970285,3.9534237384796143,0.317860453258468,15.176718704854661,0.3973255665730851,1.4303720396631063,0.7723373293274257
2023-12-01 12:22:26.036351,4.063909530639648,0.30921875892205847,14.764108193756016,0.3865234486525731,1.3914844151492631,0.7513397404288177
2023-12-01 12:22:30.908329,4.869910001754761,0.25804112621857833,12.320556227605925,0.322551407773223,1.1611850679836029,0.6269883284859018
2023-12-01 12:22:38.760501,7.849990606307983,0.16008134588417555,7.6433212482809925,0.20010168235521947,0.7203660564787902,0.3889656542293698
2023-12-01 12:22:51.275775,12.513172626495361,0.10042513589040696,4.794947036290073,0.12553141986300873,0.45191311150683144,0.24401299518651087
2023-12-01 12:23:05.898433,14.620464086532593,0.08595055902455576,4.103836899080929,0.10743819878069472,0.386777515610501,0.2088426683178656
2023-12-01 12:23:13.740690,7.840073823928833,0.16028383018543937,7.652989161514386,0.20035478773179924,0.7212772358344772,0.38945765058458065
2023-12-01 12:23:24.922316,11.179312705993652,0.11240736300024834,5.3670562384243645,0.14050920375031045,0.5058331335011177,0.2731274106180035
2023-12-01 12:23:30.090575,5.165789604187012,0.24326137100461448,11.614874897608757,0.3040767137557681,1.0946761695207652,0.5910764792670123
2023-12-01 12:23:35.077498,4.981693267822266,0.25225099055230527,12.044097613867914,0.31531373819038166,1.135129457485374,0.6129194568439915
2023-12-01 12:23:41.458340,6.378524303436279,0.19701062528819305,9.406564456872324,0.24626328161024133,0.8865478137968688,0.47869641732525153
2023-12-01 12:23:45.204355,3.7437355518341064,0.33566394955975826,16.026773037055246,0.41957993694969786,1.5104877730189123,0.8155962646403007
2023-12-01 12:23:47.824751,2.6185803413391113,0.47989249808286877,22.913178966781942,0.599865622603586,2.1595162413729097,1.1660427918417546
2023-12-01 12:23:50.199020,2.3729407787323,0.529569499879071,25.285081084937104,0.6619618748488387,2.3830627494558194,1.2867479708061667
2023-12-01 12:23:52.939892,2.739377021789551,0.45873096380687134,21.90279013175187,0.5734137047585892,2.0642893371309214,1.114624495857936
2023-12-01 12:23:55.885509,2.9434924125671387,0.4269204350827436,20.383949265108374,0.5336505438534295,1.921141957872346,1.0373312731640503
2023-12-01 12:23:58.625702,2.737981081008911,0.4589648446266337,21.91395711831974,0.5737060557832921,2.065341800819852,1.1151927794737946
2023-12-01 12:24:01.054958,2.427088975906372,0.5177548387844491,24.72097257068773,0.6471935484805614,2.329896774530021,1.2580407072784545
2023-12-01 12:24:03.425261,2.368473529815674,0.5305683367859783,25.33277203426018,0.663210420982473,2.3875575155369027,1.2891749447225702
2023-12-01 12:24:05.788475,2.361116647720337,0.5322215074165028,25.411705117546873,0.6652768842706285,2.3949967833742627,1.2931918187206184
2023-12-01 12:24:08.414614,2.624009132385254,0.4788996524160798,22.86577407810289,0.5986245655200998,2.1550484358723594,1.1636303754405908
2023-12-01 12:24:11.805887,3.3892486095428467,0.37077157984153214,17.70303890693135,0.4634644748019151,1.6684721092868944,0.9009007846989546
2023-12-01 12:24:16.200373,4.392263889312744,0.28610235930804756,13.660381414238792,0.3576279491350595,1.2874606168862144,0.6951715126466941
2023-12-01 12:24:21.976072,5.77359676361084,0.21765237734580023,10.392135519085969,0.2720654716822503,0.9794356980561012,0.5288517464748255
2023-12-01 12:24:24.870209,2.891940116882324,0.4345308030757716,20.747317570560003,0.5431635038447146,1.9553886138409724,1.05582294531351
2023-12-01 12:24:26.879487,2.007246494293213,0.6260501961311938,29.891695001379023,0.7825627451639925,2.817225882590373,1.5211767665595752
2023-12-01 12:24:29.056135,2.174607038497925,0.5778685708218434,27.591191851123614,0.7223357135273044,2.600408568698296,1.4041050533829154
2023-12-01 12:24:31.373008,2.314772367477417,0.5428771654144853,25.920475310229556,0.6785964567681066,2.442947244365184,1.3190829365241163
2023-12-01 12:24:34.033530,2.6582422256469727,0.47273233767478523,22.571306490098728,0.5909154220934816,2.127295519536534,1.1486450340821932
2023-12-01 12:24:37.055770,3.0198192596435547,0.41612989168902936,19.868738769181213,0.5201623646112867,1.8725845126006322,1.0111124108260037
2023-12-01 12:24:40.684985,3.627178430557251,0.3464503016585422,16.541783413390576,0.4330628770731778,1.5590263574634402,0.8418049429699259
2023-12-01 12:24:44.883436,4.196111440658569,0.29947656996418837,14.298952935001923,0.37434571245523546,1.3476445648388478,0.7276681696989848
2023-12-01 12:24:48.856414,3.97115421295166,0.31644126469263706,15.108957442225215,0.39555158086579645,1.4239856911168673,0.7688889849501698
2023-12-01 12:24:51.764770,2.906752586364746,0.43231648518372784,20.641591679131324,0.5403956064796599,1.9454241833267756,1.050442595699422
2023-12-01 12:24:54.934331,3.167095422744751,0.3967790336884948,18.944803358024885,0.4959737921106186,1.785505651598227,0.9640936960563049
2023-12-01 12:24:58.431017,3.494492292404175,0.35960504596545095,17.169876187856925,0.4495063074568137,1.6182227068445294,0.8737683406868527
2023-12-01 12:25:03.263678,4.830593585968018,0.2601413344078905,12.42083378206126,0.3251766680098632,1.1706360048355076,0.6320914143442925
2023-12-01 12:25:14.295006,11.029247760772705,0.11393678777489696,5.440080892316125,0.14242098471862125,0.5127155449870365,0.27684360693544474
2023-12-01 12:25:27.080987,12.783877611160278,0.09829858354861577,4.693411641208159,0.12287322943576973,0.442343625968771,0.23884589830642663
2023-12-01 12:25:35.140175,8.056766748428345,0.15597287357004008,7.447156145075735,0.19496609196255013,0.7018779310651805,0.3789828882004834
2023-12-01 12:26:33.382653,58.240288972854614,0.021576765562094424,1.0302146685426916,0.026970956952618037,0.09709544502942494,0.05242722496277705
2023-12-01 12:26:38.172862,4.788066864013672,0.2624518614977155,12.531153324309273,0.32806482687214444,1.18103337673972,0.6377055330671493
2023-12-01 12:26:41.579372,3.4042952060699463,0.36913281174773,17.624793494118386,0.46141601468466253,1.6610976528647852,0.8969189059846344
2023-12-01 12:26:45.217700,3.6361701488494873,0.345593580606652,16.500877996312816,0.4319919757583151,1.5551711127299344,0.8397232821580433
2023-12-01 12:26:49.285047,4.063928127288818,0.309217343928339,14.764040632782548,0.3865216799104238,1.3914780476775257,0.7513363022770781
2023-12-01 12:26:51.635604,2.348994255065918,0.5349681289027475,25.542846633448352,0.6687101611284345,2.4073565800623644,1.299865559607896
2023-12-01 12:26:54.090591,2.452741861343384,0.5123397130538835,24.462419362442642,0.6404246413173543,2.3055287087424756,1.244883034778326
2023-12-01 12:26:57.169101,3.0764496326446533,0.4084698959806002,19.50300091486345,0.5105873699757503,1.838114531912701,0.9925001532536624
2023-12-01 12:26:59.753078,2.5817513465881348,0.4867382225234829,23.240038231912564,0.6084227781543537,2.1903220013556735,1.182676533087559
2023-12-01 12:27:02.600901,2.8455564975738525,0.44161381526156224,21.085506490964615,0.5520172690769529,1.9872621686770306,1.0730332483225442
2023-12-01 12:27:06.164066,3.556654930114746,0.3533199273271571,16.869783878095888,0.4416499091589465,1.5899396729722073,0.8584967594195265
2023-12-01 12:27:08.220940,2.0548129081726074,0.6115578972849035,29.1997387019334,0.7644473716061294,2.752010537782066,1.4859633788228586
2023-12-01 12:27:10.092169,1.869001865386963,0.6723573072388239,32.1026966913045,0.8404466340485299,3.025607882574708,1.6336937851288944
2023-12-01 12:27:11.720737,1.626335859298706,0.7726799198646417,36.89274860229219,0.9658498998308023,3.4770596393908884,1.8774576692871068
2023-12-01 12:27:13.359905,1.6369738578796387,0.7676586008915445,36.652998281669326,0.9595732511144306,3.45446370401195,1.8652568684462747
2023-12-01 12:27:15.029744,1.6625230312347412,0.7558614454216757,36.089725599433365,0.9448268067770947,3.401376504397541,1.8365921400855878
2023-12-01 12:27:16.888805,1.8569273948669434,0.6767292382618764,32.31144102125719,0.8459115478273457,3.0452815721784443,1.6443167031287076
2023-12-01 12:27:18.651139,1.760077953338623,0.7139667075837473,34.08939921449976,0.8924583844796843,3.2128501841268635,1.7347963060869895
2023-12-01 12:27:20.385120,1.726231336593628,0.727965617815535,34.75779794288638,0.9099570222694191,3.275845280169909,1.7688108581681876
2023-12-01 12:27:22.186195,1.7987711429595947,0.6986086397674353,33.35610549170777,0.8732607997092942,3.143738878953459,1.6974792729069144
2023-12-01 12:27:23.972325,1.7839632034301758,0.7044075006814465,33.63298070533796,0.8805093758518083,3.16983375306651,1.7115693451557792
2023-12-01 12:27:25.855464,1.8765983581542969,0.6696355967570311,31.972744588251796,0.837044495946289,3.0133601854066407,1.6270805730002345
2023-12-01 12:27:28.112226,2.2546308040618896,0.5573582420554131,26.611895788838428,0.6966978025692664,2.508112089249359,1.3542690565462427
2023-12-01 12:27:30.580145,2.465877056121826,0.5096105899992742,24.33211333510851,0.6370132374990929,2.2932476549967347,1.2382518115802368
2023-12-01 12:27:32.914166,2.3318798542022705,0.5388944285321292,25.730313631671144,0.6736180356651615,2.4250249283945817,1.3094056824473677
2023-12-01 12:27:35.977903,3.0616393089294434,0.4104458215475822,19.597344411213502,0.5130572769344778,1.84700619696412,0.9973012571963152
2023-12-01 12:27:41.147268,5.161033868789673,0.24348552894317943,11.625577650795528,0.30435691117897434,1.0956848802443078,0.5916211382261375
2023-12-01 12:27:49.203854,8.050211191177368,0.15609988751762552,7.453220614355685,0.19512485939703192,0.7024494938293149,0.3792915066903265
2023-12-01 12:27:51.646650,2.441194772720337,0.5147631297094694,24.57812898441496,0.6434539121368368,2.3164340836926125,1.2507714525680689
2023-12-01 12:27:53.487414,1.8387138843536377,0.6834326276258377,32.63150428708041,0.8542907845322972,3.0754468243162703,1.6606045986052607
2023-12-01 12:27:55.231610,1.7421205043792725,0.721326141490806,34.4407862998997,0.9016576768635075,3.245967636708627,1.7526782585943605
2023-12-01 12:27:58.235759,2.9946038722991943,0.4196338197048739,20.036039008369162,0.5245422746310924,1.8883521886719326,1.0196262551189026
2023-12-01 12:28:04.819685,6.581851482391357,0.1909245544050697,9.115975977355303,0.23865569300633716,0.8591604948228138,0.4639084822934384
2023-12-01 12:28:40.369018,35.547165870666504,0.0353512588319423,1.687898276287392,0.04418907353992789,0.1590806647437404,0.08589648870985343
2023-12-01 12:28:50.316547,9.945452690124512,0.1263529273718947,6.032907889610486,0.1579411592148684,0.5685881731735263,0.30701234292822976
2023-12-01 12:28:54.771443,4.453345775604248,0.2821781924771857,13.473016249644113,0.3527227405964822,1.2698018661473358,0.6856365720810659
2023-12-01 12:28:58.492835,3.7184998989105225,0.3379419377701469,16.13553896225177,0.42242742221268365,1.5207387199656612,0.821131320393903
2023-12-01 12:29:03.321419,4.826371669769287,0.26036889560475723,12.431699028862432,0.3254611195059466,1.1716600302214077,0.6326443425404392
2023-12-01 12:29:05.879594,2.5559513568878174,0.4916513994092698,23.47462514820991,0.6145642492615873,2.2124312973417144,1.1946145702846438
2023-12-01 12:29:07.748391,1.86665940284729,0.6732010454178833,32.1429822218663,0.8415013067723541,3.029404704380475,1.635743900156373
2023-12-01 12:29:09.410580,1.6600866317749023,0.7569707733218526,36.142692105080236,0.9462134666523159,3.406368479948337,1.8392875850174377
2023-12-01 12:29:10.921381,1.508695363998413,0.8329296234499725,39.769460045920255,1.0411620293124657,3.7481833055248766,2.023852399058743
2023-12-01 12:29:12.585802,1.6572027206420898,0.7582880753110447,36.20558864201765,0.947860094138806,3.4122963388997016,1.8424883653907767
2023-12-01 12:29:14.275510,1.687560796737671,0.7446469862687026,35.55427461694402,0.9308087328358783,3.350911438209162,1.8093432472356936
2023-12-01 12:29:16.213256,1.9355924129486084,0.6492260731284868,30.998261616761695,0.8115325914106085,2.9215173290781906,1.5774895124875972
2023-12-01 12:29:18.156164,1.9406991004943848,0.6475177224103388,30.916693878363347,0.8093971530129236,2.913829750846525,1.5733385619126414
2023-12-01 12:29:20.167589,2.009373664855957,0.6253874445627314,29.86005094493021,0.7817343057034144,2.814243500532292,1.5195664127985251
2023-12-01 12:29:22.875288,2.705557107925415,0.4644651771551367,22.176578651487862,0.580581471443921,2.090093297198116,1.1285574874515514
2023-12-01 12:29:25.470895,2.5935447216033936,0.48452492489083937,23.13436105428192,0.6056561561135493,2.1803621620087776,1.1772986624997617
2023-12-01 12:29:28.150957,2.6780292987823486,0.4692394747164594,22.404534568490686,0.5865493433955742,2.1115776362240672,1.140158075666053
2023-12-01 12:29:31.656561,3.4986627101898193,0.3591763955342064,17.149409637359614,0.44897049441775805,1.616293779903929,0.8727268058690149
2023-12-01 12:29:36.117784,4.458894491195679,0.28182704567627986,13.456250224909594,0.3522838070953499,1.2682217055432596,0.684783355584225
2023-12-01 12:30:20.974079,44.85406732559204,0.028016122870510064,1.337671332333473,0.035020153588137586,0.1260725529172953,0.06807357535076536
2023-12-01 12:30:24.100458,3.1242401599884033,0.4022216593747971,19.204669592437064,0.5027770742184965,1.8099974671865875,0.9773181879488823
2023-12-01 12:30:26.312778,2.2102367877960205,0.5685531380051804,27.146412697179898,0.7106914225064754,2.5584891210233116,1.3814704147249872
2023-12-01 12:30:28.125741,1.810753345489502,0.6939857736925567,33.13537989558714,0.8674822171156958,3.122935981616505,1.6862466329181742
2023-12-01 12:30:29.864400,1.7365272045135498,0.7236495104537892,34.55171899642522,0.9045618880672367,3.256422797042052,1.7583235805006174
2023-12-01 12:30:31.737548,1.871100664138794,0.6716031293881807,32.06668735143442,0.839503911735226,3.0222140822468138,1.6318612837874016
2023-12-01 12:30:33.978740,2.234098196029663,0.562480675052312,26.856473948472477,0.7031008438153901,2.5311630377354044,1.3667155442421077
2023-12-01 12:30:36.760406,2.7795636653900146,0.4520986790419827,21.586121860454345,0.5651233488024785,2.0344440556889225,1.0985093703362099
2023-12-01 12:30:39.648254,2.8812596797943115,0.43614154956197027,20.82422505016393,0.5451769369524628,1.9626369730288662,1.0597367371256754
2023-12-01 12:30:43.063783,3.4134645462036133,0.36814123727563647,17.57744930051516,0.46017654659454565,1.6566355677403644,0.8945095783323417
2023-12-01 12:30:48.189880,5.124205589294434,0.24523548861140587,11.709132070218434,0.30654436076425734,1.1035596987513265,0.595873190227994
2023-12-01 12:30:55.631152,7.434148073196411,0.16903578581743386,8.07086426168025,0.21129473227179235,0.7606610361784525,0.4107231523792009
2023-12-01 12:30:59.797603,4.164306163787842,0.3017638502095349,14.408162522186927,0.3772048127619187,1.3579373259429073,0.733225803239128
2023-12-01 12:31:06.586883,6.787094354629517,0.1851509638404773,8.840307334032222,0.23143870480059667,0.833179337282148,0.4498798119395918
2023-12-01 12:31:16.840777,10.251785516738892,0.1225773851183394,5.852639025858794,0.15322173139792428,0.5515982330325274,0.29783853036054114
2023-12-01 12:31:22.236488,5.393446445465088,0.23299333258282776,11.124612176403298,0.2912416657285347,1.048469996622725,0.5661271995097549
2023-12-01 12:31:25.824837,3.586247205734253,0.3504044727944603,16.730581178024376,0.43800559099307546,1.5768201275750717,0.8514127879959797
2023-12-01 12:31:29.010811,3.1836538314819336,0.3947153578726162,18.846270095914,0.4933941973407703,1.776219110426773,0.9590793765588829
2023-12-01 12:31:31.288442,2.2755749225616455,0.5522283836830579,26.36696309364193,0.6902854796038226,2.4850277265737613,1.3418045266730945
2023-12-01 12:31:33.662664,2.372114896774292,0.5297538762328707,25.293884407366054,0.6621923452910885,2.3838924430479187,1.2871959684706296
2023-12-01 12:31:36.197010,2.5322115421295166,0.49626069565227626,23.694702832584728,0.6203258695653454,2.2331731304352433,1.205814238295901
2023-12-01 12:31:38.770995,2.571761131286621,0.4886289967401587,23.33031605076896,0.6107862459251984,2.1988304853307143,1.1872707362792376
2023-12-01 12:31:41.539582,2.7665083408355713,0.45423216076636663,21.68798810918392,0.5677902009579583,2.04404472344865,1.1036933042301176
2023-12-01 12:31:44.691026,3.1493980884552,0.39900864423662163,19.05125941999615,0.49876080529577715,1.7955388990647978,0.9695112037661434
2023-12-01 12:31:48.401349,3.7082412242889404,0.33887683821779385,16.180177170514323,0.42359604777224247,1.524945771980073,0.8234029415015958
2023-12-01 12:31:52.226501,3.8229055404663086,0.32871255858512155,15.694868566561901,0.410890698231402,1.4792065136330472,0.7987057748501285
2023-12-01 12:31:59.557888,7.329302072525024,0.17145385044868153,8.186318343313873,0.21431731306085194,0.771542327019067,0.41659856582020643
2023-12-01 12:32:07.869744,8.309701442718506,0.1512252961310738,7.220476019938822,0.18903162016384228,0.6805138325898322,0.3674472245392832
2023-12-01 12:32:25.674388,17.802268505096436,0.07058859162112778,3.37035698471929,0.08823573952640973,0.31764866229507505,0.1715161599210163
2023-12-01 12:32:31.327712,5.651195049285889,0.2223666057314217,10.617223344216704,0.27795825716427713,1.0006497257913978,0.5403063786062084
2023-12-01 12:32:35.182672,3.85286283493042,0.32615670873178415,15.572835725174098,0.40769588591473027,1.467705189293029,0.7924955708764893
2023-12-01 12:32:38.763895,3.579158306121826,0.3510984857212248,16.76371785438365,0.4388731071515311,1.579943185745512,0.8530991006054323
2023-12-01 12:32:44.682937,5.91697359085083,0.2123783454736054,10.140319046340768,0.26547293184200677,0.9557025546312243,0.5160369038317665
2023-12-01 12:32:52.396729,7.711670637130737,0.1629526364086876,7.780415272289696,0.2036907955108595,0.7332868638390942,0.3959423159458291
2023-12-01 12:32:55.123906,2.7249608039855957,0.4611578484350779,22.018665337219716,0.5764473105438475,2.075210317957851,1.1205213401275524
2023-12-01 12:32:57.357062,2.2310733795166016,0.5632432680041156,26.892885079826456,0.7040540850051447,2.5345947060185208,1.3685684925964003
2023-12-01 12:32:59.277934,1.9186887741088867,0.6549457516993855,31.271356151998294,0.8186821896242319,2.947255882647235,1.591387187479167
2023-12-01 12:33:00.957403,1.6773147583007812,0.7491957339652604,35.77146132117954,0.9364946674565757,3.3713808028436727,1.82039579438879
2023-12-01 12:33:02.775988,1.8163816928863525,0.6918353484608384,33.032704653973894,0.8647941855760481,3.1132590680737735,1.6810215296901454
2023-12-01 12:33:04.600719,1.8227097988128662,0.6894334261298024,32.91802131040174,0.8617917826622531,3.102450417584111,1.675185338810194
2023-12-01 12:33:06.372486,1.7695581912994385,0.7101416995578607,33.90676853409395,0.887677124447326,3.195637648010374,1.7255023015856903
2023-12-01 12:33:08.039250,1.6644558906555176,0.7549836967689256,36.047816188370135,0.943729620961157,3.397426635460165,1.8344593864091354
2023-12-01 12:33:09.780930,1.739633321762085,0.7223574334406644,34.490026863376954,0.9029467918008305,3.2506084504829897,1.7551840917741264
2023-12-01 12:33:11.674328,1.886209487915039,0.6662234865677445,31.809828327352044,0.8327793582096807,2.9980056895548506,1.6187898276623058
2023-12-01 12:33:13.619382,1.9429237842559814,0.6467763026109287,30.881293690568647,0.8084703782636609,2.9104933617491793,1.5715370600840346
2023-12-01 12:33:15.810473,2.189004421234131,0.5740678498618301,27.409720792693886,0.7175848123272877,2.5833053243782356,1.3948700615942748
2023-12-01 12:33:18.250961,2.4383835792541504,0.515356596118604,24.606464918186795,0.6441957451482552,2.3191046825337187,1.2522134572489843
2023-12-01 12:33:20.528364,2.275317907333374,0.5522907622648081,26.36994145153051,0.6903634528310103,2.4853084301916373,1.3419560941510311
2023-12-01 12:33:22.912736,2.3823156356811523,0.5274855449943849,25.18557956861362,0.6593569312429812,2.3736849524747323,1.2816843772273567
2023-12-01 12:33:25.089430,2.174482822418213,0.5779015812313606,27.592767982078062,0.722376976539201,2.6005571155411236,1.4041852620759605
2023-12-01 12:33:27.207467,2.11569881439209,0.5939583899596742,28.359424125895718,0.7424479874495928,2.6728127548185343,1.4432000959240165
2023-12-01 12:33:29.540269,2.3307526111602783,0.5391550589362408,25.74275781681147,0.6739438236703011,2.426197765213084,1.3100389622032782
2023-12-01 12:33:32.306224,2.763808012008667,0.4546759601158492,21.709177967247257,0.5683449501448116,2.0460418205213218,1.1047716478894904
2023-12-01 12:33:35.675126,3.366790771484375,0.37324477424591546,17.8211252413368,0.4665559678073944,1.6796014841066198,0.9069101524627255
2023-12-01 12:33:39.106961,3.429778575897217,0.36639014257857333,17.493840687457276,0.4579876782232167,1.64875564160358,0.8902547684374175
2023-12-01 12:33:43.487841,4.378785848617554,0.28698299137708594,13.7024284982886,0.35872873922135745,1.291423461196887,0.6973112724480435
2023-12-01 12:33:56.550952,13.061028480529785,0.09621271887655704,4.593818939254488,0.12026589859569631,0.4329572349445067,0.23377766432625832
2023-12-01 12:34:01.392959,4.8398215770721436,0.25964532812305063,12.397151226450186,0.32455666015381335,1.1684039765537282,0.6308862182733885
2023-12-01 12:34:03.788074,2.39284086227417,0.5251653301513758,25.074797470223594,0.6564566626892198,2.363243985681191,1.276046719201813
2023-12-01 12:34:05.684584,1.8944149017333984,0.6633378254605623,31.672048158563218,0.8291722818257029,2.9850202145725304,1.6117782483040743
2023-12-01 12:34:07.624513,1.937767505645752,0.6484973340582202,30.963466889184563,0.8106216675727753,2.9182380032619912,1.5757188222946636
2023-12-01 12:34:09.828514,2.2017993927001953,0.5707318594065146,27.250438981372636,0.7134148242581434,2.5682933673293165,1.3867642719859494
2023-12-01 12:34:11.874884,2.044330358505249,0.6146937339201534,29.349463872302,0.7683671674001917,2.7661218026406904,1.4935828346791886
2023-12-01 12:34:13.444745,1.5678181648254395,0.8015196466203917,38.26974412347135,1.0018995582754895,3.606838409791762,1.9475324373582275
2023-12-01 12:34:14.930222,1.483166217803955,0.8472665075237168,40.45399583658182,1.059083134404646,3.812699283856726,2.058688159981127
2023-12-01 12:34:16.480806,1.5484578609466553,0.8115410132424706,38.74822913380335,1.0144262665530885,3.651934559591119,1.9718823539765555
2023-12-01 12:34:18.117995,1.6349873542785645,0.7685913032583708,36.6975315393035,0.9607391290729633,3.458660864662668,1.867523148657189
2023-12-01 12:34:19.906472,1.786292314529419,0.7034890377205513,33.589127329255966,0.8793612971506892,3.165700669742481,1.7093376638533957
2023-12-01 12:34:21.856558,1.9480016231536865,0.6450903564451371,30.80079569074688,0.8063629455564214,2.902906604003117,1.5674405480903941
2023-12-01 12:34:23.756230,1.8976197242736816,0.6622175377719042,31.61855836156274,0.8277719222148804,2.9799789199735693,1.6090561732781732
2023-12-01 12:34:25.583422,1.825061559677124,0.6885450273021103,32.875603390942466,0.8606812841276379,3.0984526228594964,1.6730267073386675
2023-12-01 12:34:27.521478,1.9359824657440186,0.6490952700612287,30.99201623034399,0.811369087576536,2.92092871527553,1.5771716871947739
2023-12-01 12:34:29.785575,2.2619149684906006,0.5555633518241776,26.526196093055887,0.6944541897802221,2.5000350832088,1.349907832262387
2023-12-01 12:34:33.092215,3.304462432861328,0.3802848684068099,18.157264976998423,0.47535608550851244,1.7112819078306447,0.9240161732548668
2023-12-01 12:34:37.494899,4.400590419769287,0.28556101376546644,13.634534068532027,0.35695126720683307,1.285024561944599,0.6938561512473304
2023-12-01 12:34:54.567973,17.070963859558105,0.07361254301597743,3.514740028367276,0.0920156787699718,0.3312564435718985,0.17886375702022198
2023-12-01 12:35:04.101369,9.531268119812012,0.1318436377656641,6.29506999968682,0.16480454720708015,0.5932963699454886,0.3203536710430107
2023-12-01 12:35:09.122378,5.018614292144775,0.2503952263083513,11.955491398076372,0.31299403288543914,1.126778518387581,0.608410320884032
2023-12-01 12:35:14.082653,4.952283143997192,0.2537490335057122,12.11562389616752,0.31718629188214026,1.141870650775705,0.6165594016121795
2023-12-01 12:35:18.953035,4.868312835693359,0.25812578276041365,12.32459827973537,0.3226572284505171,1.1615660224218616,0.6271940269512531
2023-12-01 12:35:23.257481,4.302159070968628,0.29209451363986555,13.946485708742296,0.365118142049832,1.3144253113793953,0.7097312492421455
2023-12-01 12:35:27.853383,4.5936808586120605,0.27355776339577903,13.061421079680416,0.34194720424472386,1.231009935281006,0.664690653499064
2023-12-01 12:35:33.744811,5.889371633529663,0.21337370769430963,10.187844091618368,0.26671713461788704,0.9601816846243934,0.5184554349556335
2023-12-01 12:36:00.148914,26.40255355834961,0.04759528500373083,2.272507462863396,0.059494106254663545,0.21417878251678876,0.11564702350206518
2023-12-01 12:36:04.228500,4.0772833824157715,0.30820449391755683,14.71568060703455,0.38525561739694614,1.386920222629006,0.7488752793208798
2023-12-01 12:36:07.386167,3.155564546585083,0.398228920018713,19.014030330937562,0.49778615002339127,1.7920301400842087,0.9676166298614689
2023-12-01 12:36:10.068356,2.680060625076294,0.46888381914873445,22.387553265998214,0.5861047739359181,2.109977186169305,1.139293903767595
2023-12-01 12:36:12.207904,2.13743257522583,0.5879189247890766,28.071060905236138,0.734898655986346,2.6456351615508455,1.4285254034524988
2023-12-01 12:36:13.862728,1.6526820659637451,0.7603622543717274,36.30462339712726,0.9504528179646593,3.4216301446727737,1.8475282056724234
2023-12-01 12:36:15.778619,1.9138123989105225,0.6566145470430038,31.351035260381973,0.8207681838037549,2.9547654616935177,1.595442026405091
2023-12-01 12:36:17.721478,1.935701608657837,0.6491894493528035,30.996512960281297,0.8114868116910046,2.9213525220876164,1.5774005240374422
2023-12-01 12:36:19.681470,1.957655429840088,0.6419092156266571,30.64890740496714,0.8023865195333216,2.888591470319958,1.559711012129652
2023-12-01 12:36:21.719770,2.036128282546997,0.6171698866949519,29.46769145848997,0.77146235836869,2.7772644901272843,1.4995993906913945
2023-12-01 12:36:24.066067,2.344155788421631,0.5360723325824848,25.595568475591485,0.670090415728106,2.4123254966211816,1.3025485537089216
2023-12-01 12:36:26.460648,2.3924429416656494,0.5252526777340948,25.07896801009065,0.6565658471676187,2.3636370498034274,1.276258956358304
2023-12-01 12:36:28.736907,2.2740912437438965,0.5525886724611289,26.38416561563309,0.6907358405764112,2.4866490260750806,1.3426799563460512
2023-12-01 12:36:30.875548,2.136427640914917,0.5881954704994208,28.084264990273777,0.7352443381242761,2.6468796172473943,1.429197354219493
2023-12-01 12:36:33.046452,2.1687302589416504,0.5794344668982309,27.66595788140119,0.7242930836227885,2.607455101042039,1.4079098676693214
2023-12-01 12:36:35.438246,2.389686346054077,0.5258585770098719,25.107897569517366,0.6573232212623399,2.366363596544424,1.2777311704185867
2023-12-01 12:36:37.359897,1.9195549488067627,0.6546502157789598,31.257245351219204,0.8183127697236998,2.9459259710053196,1.5906690942997166
2023-12-01 12:36:39.153134,1.7911455631256104,0.701582879307164,33.49811496911393,0.876978599133955,3.157122956882238,1.7047060801405471
2023-12-01 12:36:40.983938,1.8285760879516602,0.6872216418642884,32.812416390728906,0.8590270523303605,3.092497388389298,1.6698111454018478
2023-12-01 12:36:42.844446,1.858435869216919,0.6761799437100948,32.28521413831834,0.8452249296376185,3.042809746695427,1.6429820272267883
2023-12-01 12:36:44.415332,1.5688235759735107,0.8010059771419035,38.2452182124863,1.0012574714273794,3.604526897138566,1.9462843232593972
2023-12-01 12:36:46.048445,1.6253931522369385,0.7731280642510875,36.91414592058871,0.9664100803138594,3.479076289129894,1.8785465705172926
2023-12-01 12:36:47.564931,1.515211582183838,0.8293475816920279,39.598430150278716,1.036684477115035,3.732064117614126,2.0151487539952897
2023-12-01 12:36:49.092302,1.5260851383209229,0.8234383717402122,39.31628615819893,1.0292979646752654,3.7054726728309553,2.0007905556543677
2023-12-01 12:36:50.664761,1.5709235668182373,0.7999352024370742,38.194092486322894,0.9999190030463428,3.5997084109668345,1.943682554881603
2023-12-01 12:36:52.634736,1.967773199081421,0.6386086882484882,30.491318830853416,0.7982608603106102,2.8737390971181966,1.5516913907061765
2023-12-01 12:36:55.854860,3.2180843353271484,0.39049227133078485,18.644632566442805,0.4881153391634811,1.757215220988532,0.9488181208795411
2023-12-01 12:36:58.149673,2.286578416824341,0.5495709450372436,26.240079744708492,0.6869636812965545,2.4730692526675964,1.3353474822514946
2023-12-01 12:36:59.763936,1.612107276916504,0.779499652057586,37.2183668290132,0.9743745650719826,3.5077484342591374,1.8940282545695226
2023-12-01 12:37:01.328172,1.5621874332427979,0.8044086354141147,38.40768317758878,1.0055107942676433,3.619838859363516,1.9545521023292158
2023-12-01 12:37:02.876693,1.5464355945587158,0.812602261521603,38.79890000664486,1.015752826902004,3.6567101768472146,1.9744609750451914
2023-12-01 12:37:04.467900,1.5889708995819092,0.7908496384462196,37.76028876034623,0.9885620480577747,3.558823373007989,1.9216064514966247
2023-12-01 12:37:06.203331,1.7333953380584717,0.7249569869291571,34.61414639963457,0.9061962336614464,3.2623064411812073,1.761500486840466
2023-12-01 12:37:08.141578,1.9359724521636963,0.649098627426989,30.99217653275094,0.8113732842837362,2.9209438234214504,1.577179844922098
2023-12-01 12:37:10.384457,2.240701913833618,0.5608229518070684,26.777323493844822,0.7010286897588357,2.5237032831318085,1.3626876083008153
2023-12-01 12:37:13.051265,2.6647582054138184,0.47157639251579686,22.516114174299886,0.5894704906447462,2.1220937663210866,1.1458363185348834
2023-12-01 12:37:15.544206,2.4908440113067627,0.5045025122936752,24.088220590145433,0.6306281403670941,2.270261305321539,1.2258402043711722
2023-12-01 12:37:17.855605,2.309356212615967,0.5441503803401719,25.98126684494198,0.680187975425215,2.448676711530774,1.3221765941505499
2023-12-01 12:37:20.491608,2.63388991355896,0.47710310706871056,22.779995356346124,0.5963788838358883,2.146963981809198,1.1592651295555532
2023-12-01 12:37:22.277305,1.7836415767669678,0.7045345196055027,33.639045412226885,0.8806681495068786,3.170405338224763,1.7118779757374507
2023-12-01 12:37:23.774709,1.4949848651885986,0.8405684169099512,40.134185567444355,1.0507105211374392,3.7825578760947813,2.0424131394078
2023-12-01 12:37:24.918621,1.1417627334594727,1.1006113832673294,52.550322621061206,1.3757642290841618,4.952751224702983,2.674265539062957
2023-12-01 12:37:26.081705,1.1610519886016846,1.0823262642608715,51.6772724985908,1.3529078303260895,4.8704681891739225,2.6298363569010657
2023-12-01 12:37:27.292663,1.2088947296142578,1.039492546912578,49.63211314449621,1.2993656836407228,4.677716461106602,2.5257589904881828
2023-12-01 12:37:28.644319,1.346647024154663,0.933159943842561,44.555105327369716,1.1664499298032014,4.199219747291525,2.267392031548655
2023-12-01 12:37:29.983580,1.3372092247009277,0.9397460309301778,44.869567822058094,1.1746825386627224,4.228857139185801,2.2833949059541463
2023-12-01 12:37:31.564612,1.5790073871612549,0.7958398875480271,37.99855560389,0.9947998594350342,3.5812794939661234,1.933731758764197
2023-12-01 12:37:33.285239,1.7183308601379395,0.7313126305227624,34.91760602797036,0.914140788153453,3.290906837352431,1.7769434296442082
2023-12-01 12:37:34.742438,1.4547839164733887,0.8637963667361619,41.243238477263944,1.0797454584202024,3.8870836503127286,2.098852411895526
2023-12-01 12:37:36.117927,1.3734140396118164,0.9149732165189566,43.68675306170489,1.143716520648696,4.117379474335305,2.223201921497761
2023-12-01 12:37:37.537509,1.4174535274505615,0.8865455107343876,42.32943009279202,1.1081818884179846,3.989454798304745,2.1541282819824152
2023-12-01 12:37:39.017609,1.47782564163208,0.8503283648862076,40.600188756866636,1.0629104561077596,3.8264776419879345,2.0661278610005076
2023-12-01 12:37:40.754929,1.735133171081543,0.7242309019155172,34.579478393926856,0.9052886273943966,3.259039058619828,1.759736245474324
2023-12-01 12:37:42.945594,2.1886377334594727,0.5741640300835043,27.414313060006023,0.7177050376043804,2.5837381353757696,1.3951037602968988
2023-12-01 12:37:46.273101,3.3253626823425293,0.377894738552454,18.043144682712747,0.47236842319056754,1.7005263234860433,0.9182086357347529
2023-12-01 12:37:56.142101,9.866485595703125,0.1273642016954026,6.0811926818329445,0.15920525211925327,0.5731389076293117,0.3094695372794893
2023-12-01 12:37:59.932429,3.788208484649658,0.33172331103950153,15.838621407224089,0.41465413879937696,1.492754899677757,0.8060213011637809
2023-12-01 12:38:03.304462,3.3698999881744385,0.372900402340032,17.804682694011802,0.46612550292504007,1.6780518105301443,0.9060733976058098
2023-12-01 12:38:07.385753,4.079208850860596,0.3080590152109527,14.70873451045335,0.38507376901369095,1.3862655684492875,0.7485217951595731
2023-12-01 12:38:11.426733,4.038803577423096,0.31114092016272243,14.855884632617412,0.3889261502034031,1.4001341407322512,0.7560102078113831
2023-12-01 12:38:15.352183,3.9230294227600098,0.32032312940233376,15.294302829313876,0.40040391175291723,1.441454082310502,0.7783211398217906
2023-12-01 12:38:18.013700,2.65938663482666,0.4725289075982083,22.561593419420497,0.5906611344977606,2.126380084191938,1.1481507396821269
2023-12-01 12:38:20.333194,2.317279577255249,0.5422897926388182,25.89243032602405,0.6778622407985229,2.4403040668746825,1.3176557381538008
2023-12-01 12:38:22.507026,2.1714823246002197,0.5787001106109717,27.630894951468825,0.7233751382637148,2.6041504977493735,1.4061255287625394
2023-12-01 12:38:24.416029,1.9069488048553467,0.6589778699020924,31.46387561492578,0.8237223373776157,2.9654004145594164,1.6011844282881045
2023-12-01 12:38:26.273355,1.8552465438842773,0.6773423540813781,32.34071514526565,0.8466779426017228,3.0480405933662023,1.6458064519469329
2023-12-01 12:38:28.127651,1.852076768875122,0.678501605632227,32.39606532964701,0.8481270070402838,3.0532572253450216,1.6486232013651851
2023-12-01 12:38:30.259600,2.129918098449707,0.5899931374594072,28.170097265088224,0.7374914218242592,2.654969118567333,1.433565325398868
2023-12-01 12:38:32.485831,2.224169969558716,0.5649914703619702,26.97635559385969,0.7062393379524627,2.542461616628866,1.3728162746855153
2023-12-01 12:38:34.464656,1.9766550064086914,0.6357391944277888,30.354310593132634,0.7946739930347362,2.8608263749250504,1.5447190946206415
2023-12-01 12:38:36.657228,2.190432548522949,0.573693566726486,27.3918500893621,0.7171169584081076,2.5816210502691876,1.3939606284320158
2023-12-01 12:38:39.082662,2.423048734664917,0.5186181538398555,24.762192828241812,0.6482726922998195,2.3337816922793504,1.2601383902000811
2023-12-01 12:38:41.830943,2.746230363845825,0.45758617994308415,21.8481307285438,0.5719827249288553,2.059137809743879,1.111842900025706
2023-12-01 12:38:44.255957,2.417576789855957,0.519791994491637,24.81823959088178,0.6497399931145463,2.3390639752123668,1.2629905882157797
2023-12-01 12:38:46.512654,2.2548084259033203,0.5573143363310273,26.60979944491862,0.6966429204137842,2.5079145134896232,1.3541623744171303
2023-12-01 12:38:49.163387,2.6494452953338623,0.4743019467694145,22.646249803938403,0.5928774334617682,2.1343587604623657,1.1524588702603236
2023-12-01 12:38:52.386745,3.2218267917633057,0.39003867763734124,18.622975062902746,0.48754834704667654,1.7551740493680357,0.9477159789232117
2023-12-01 12:38:54.768310,2.3794519901275635,0.5281203683241991,25.215890149892612,0.6601504604052488,2.376541657458896,1.2832268709541388
2023-12-01 12:38:57.296512,2.523210287094116,0.4980310471400058,23.7792308896694,0.6225388089250072,2.241139712130026,1.2101158383407862
2023-12-01 12:39:00.492679,3.1941120624542236,0.39342297228932205,18.78456322972541,0.49177871536165263,1.7704033753019495,0.9559391380685949
2023-12-01 12:39:03.940950,3.4459171295166016,0.3646741967971238,17.411910311498666,0.45584274599640484,1.6410338855870574,0.8860853633776516
2023-12-01 12:39:07.672301,3.729135513305664,0.3369781164970271,16.08951988628953,0.4212226456212839,1.5164015242366222,0.8187894274644766
2023-12-01 12:39:11.413663,3.7392361164093018,0.3360678551218732,16.04605810708112,0.4200848189023416,1.5123053480484299,0.8165776743751277
2023-12-01 12:39:15.906098,4.490154504776001,0.2798649935317998,13.362569135690176,0.3498312419147498,1.2593924708930992,0.6800159612835672
2023-12-01 12:39:21.649444,5.741245746612549,0.21887881426733186,10.45069356862162,0.27359851783416483,0.9849546642029934,0.5318317429067629
2023-12-01 12:39:27.131307,5.47957968711853,0.2293309219300226,10.949744948695391,0.2866636524125283,1.0319891486851018,0.557228274105569
2023-12-01 12:39:30.691396,3.5527968406677246,0.3537036081127962,16.88810328617704,0.4421295101409953,1.591666236507583,0.8594290269924723
2023-12-01 12:39:35.763305,5.069870948791504,0.24786371766237159,11.83462076373011,0.30982964707796457,1.1153867294806725,0.6022592611760307
2023-12-01 12:39:40.730354,4.9648566246032715,0.2531064150389905,12.084941124517254,0.3163830187987382,1.1389788676754575,0.6149979672617393
2023-12-01 12:39:44.403521,3.671037435531616,0.3423111541367159,16.34415367690501,0.42788894267089483,1.5404001936152214,0.8317476423213922
2023-12-01 12:39:47.315876,2.9102766513824463,0.4317929915147368,20.616596697602155,0.5397412393934211,1.943068461816316,1.0491706107825076
2023-12-01 12:39:50.225529,2.9075615406036377,0.4321962042375301,20.63584868698718,0.5402452552969127,1.9448829190688857,1.0501503370563507
2023-12-01 12:39:53.998552,3.770503044128418,0.333281009650106,15.912996037341612,0.41660126206263254,1.4997645434254772,0.8098061972478277
2023-12-01 12:40:01.791766,7.79115629196167,0.16129018779053644,7.701039197725182,0.20161273473817057,0.7258058450574141,0.3919028982934455
2023-12-01 12:40:08.154355,6.360419750213623,0.1975714042133322,9.433339678247622,0.2469642552666653,0.889071318959995,0.4800589979575547
2023-12-01 12:40:12.619232,4.462742567062378,0.2815840355010898,13.444647343728656,0.3519800443763623,1.2671281597549044,0.6841928894605481
2023-12-01 12:40:17.508412,4.887112140655518,0.25713284763450556,12.277189119698017,0.32141605954313196,1.157097814355275,0.6247813931823216
2023-12-01 12:40:20.566868,3.056323289871216,0.41115973090950997,19.631431072374617,0.5139496636368875,1.8502187890927952,0.9990359141639275
2023-12-01 12:40:23.246228,2.677220344543457,0.4693812610520148,22.411304367340644,0.5867265763150186,2.112215674734067,1.1405025881041857
2023-12-01 12:40:26.081864,2.8335442543029785,0.4434859485704544,21.17489427203577,0.5543574357130681,1.995686768567045,1.0775821578364901
2023-12-01 12:40:29.847727,3.7637507915496826,0.3338789231894152,15.941544305938402,0.41734865398676907,1.5024551543523688,0.8112590075656412
2023-12-01 12:40:34.302848,4.45301079750061,0.28219941935493253,13.474029758400059,0.35274927419366575,1.2698973870971968,0.6856881491486152
2023-12-01 12:40:38.315499,4.010528326034546,0.31333454330153826,14.960622422364402,0.39166817912692287,1.4100054448569224,0.7613402733140777
2023-12-01 12:40:41.617504,3.299983024597168,0.38080106839013694,18.18191171068956,0.47600133548767126,1.7136048077556165,0.9252704359743549
2023-12-01 12:40:44.731634,3.1117866039276123,0.40383137450679435,19.28152782850522,0.504789218133493,1.8172411852805748,0.981229473776609
2023-12-01 12:40:47.780044,3.0463244915008545,0.4125092599103915,19.695866335775467,0.5156365748879894,1.856291669596762,1.0023149997302694
2023-12-01 12:40:52.104254,4.322064161300659,0.29074928426276564,13.882255737254932,0.3634366053284571,1.3083717791824456,0.7064626109016681
2023-12-01 12:41:00.455629,8.349317073822021,0.15050776612328048,7.186216485671699,0.18813470765410062,0.6772849475547622,0.36570377012634697
2023-12-01 12:41:04.996268,4.538498401641846,0.27688388322034363,13.220231603099037,0.3461048540254296,1.2459774744915466,0.6727724594487912
2023-12-01 12:41:09.283517,4.285158634185791,0.29325333522330305,14.00181536369199,0.3665666690291288,1.3196400085048638,0.7125469539255818
2023-12-01 12:41:16.580381,7.29472017288208,0.17226665748021844,8.225127020368559,0.21533332185027312,0.7751999586609832,0.41857352434543493
2023-12-01 12:41:18.962859,2.380350112915039,0.5279211048063038,25.206376017737337,0.6599013810078798,2.3756449716283674,1.282742700458357
2023-12-01 12:41:20.542813,1.5779929161071777,0.7963515226265857,38.02298437943354,0.9954394032832322,3.583581851819636,1.934974929678078
2023-12-01 12:41:22.248701,1.703967571258545,0.7374770991139046,35.211937722314865,0.9218463738923809,3.318646946012571,1.7919218554269656
2023-12-01 12:41:24.009117,1.7582271099090576,0.7147182831806725,34.12528430590712,0.8933978539758408,3.216232274313027,1.7366224844723985
2023-12-01 12:41:25.679597,1.6682872772216797,0.7532498021136304,35.965028816812875,0.941562252642038,3.389624109511337,1.8302463691756992
2023-12-01 12:41:27.302096,1.6204347610473633,0.7754937697236843,37.02710003654771,0.9693672121546054,3.4897219637565797,1.8842947616746082
2023-12-01 12:41:28.931701,1.6206979751586914,0.7753678234298238,37.02108654397811,0.9692097792872799,3.4891552054342077,1.8839887373697861
2023-12-01 12:41:30.562785,1.629023790359497,0.7714049781670773,36.831874620295785,0.9642562227088468,3.4713224017518485,1.8743598159503647
2023-12-01 12:41:32.304778,1.7399635314941406,0.7222203446740165,34.48348135692064,0.9027754308425207,3.2499915510330744,1.7548509934889254
2023-12-01 12:41:34.124658,1.8125789165496826,0.6932868135904267,33.10200700900374,0.8666085169880333,3.11979066115692,1.6845482996620187
2023-12-01 12:41:35.952248,1.825258731842041,0.6884706477572776,32.872052029274954,0.8605883096965972,3.09811791490775,1.6728459799206334
2023-12-01 12:41:37.518064,1.563645362854004,0.8036586116574876,38.37187218109772,1.0045732645718597,3.616463752458695,1.9527296946053638
2023-12-01 12:41:39.112389,1.5921108722686768,0.7892899190150455,37.685817643153875,0.9866123987688069,3.551804635567705,1.9178166452227576
2023-12-01 12:41:40.756623,1.6422028541564941,0.7652142719489913,36.53629017154435,0.9565178399362392,3.443464223770461,1.8593176379816592
2023-12-01 12:41:42.661279,1.9022979736328125,0.660588971262016,31.540800038501953,0.8257362140775201,2.972650370679072,1.6050990823724467
2023-12-01 12:41:44.769647,2.0315351486206055,0.6185652570614704,29.53431548587258,0.7732065713268381,2.7835436567766174,1.502989861607961
2023-12-01 12:41:47.555201,2.783663034439087,0.45143289467474346,21.554332998530516,0.5642911183434295,2.031448026036346,1.096891647480692
2023-12-01 12:41:51.766432,4.209638595581055,0.2985142389075954,14.253005011637638,0.3731427986344943,1.3433140750841794,0.7253298976976754
2023-12-01 12:41:56.043895,4.275268077850342,0.2939317578578067,14.034207658427995,0.3674146973222584,1.3226929103601304,0.7141953852428987
2023-12-01 12:41:58.542763,2.4967706203460693,0.5033049697059231,24.03104214342429,0.629131212132404,2.2648723636766546,1.2229304153914522
2023-12-01 12:42:00.883665,2.3331480026245117,0.5386015203589105,25.716328296579213,0.6732519004486383,2.4237068416150978,1.308693974168081
2023-12-01 12:42:03.130726,2.245020627975464,0.5597441046985566,26.725812338796803,0.6996801308731958,2.518848471143505,1.360066225596553
2023-12-01 12:42:04.736953,1.6041665077209473,0.7833582457853655,37.40260110856104,0.979197807231707,3.5251121060341455,1.9034038656092813
2023-12-01 12:42:06.262256,1.5226781368255615,0.8252808200528318,39.404256585102345,1.03160102506604,3.7137636902377436,2.005267336564371
2023-12-01 12:42:08.009031,1.7447144985198975,0.7202536933704434,34.38958067403011,0.9003171167130544,3.241141620166996,1.7500724241515035
2023-12-01 12:42:09.587378,1.576176643371582,0.7972691809135419,38.06679933516504,0.9965864761419276,3.5877113141109396,1.9372046557837246
2023-12-01 12:42:10.953335,1.3638551235198975,0.9213860326987905,43.992942479952966,1.1517325408734882,4.146237147144558,2.2387837822515215
2023-12-01 12:42:12.365272,1.4097280502319336,0.8914038854722163,42.56140039926749,1.1142548568402706,4.011317484624974,2.1659331609203916
2023-12-01 12:42:13.807845,1.4403965473175049,0.8724243777008432,41.65519565548797,1.0905304721260543,3.925909699653795,2.1198167529375094
2023-12-01 12:42:15.140923,1.3310127258300781,0.944120996778767,45.078457054256454,1.180151245973459,4.2485444855044525,2.2940251979730486
2023-12-01 12:42:16.446212,1.299865961074829,0.9667435713116398,46.15860542296791,1.2084294641395499,4.35034607090238,2.348993529573023
2023-12-01 12:42:17.717641,1.2693724632263184,0.9899671671165514,47.267450443583876,1.2374589588956895,4.454852252024482,2.405422222659797
2023-12-01 12:42:19.059219,1.3394551277160645,0.9381703316770588,44.79433372457006,1.1727129145963235,4.221766492546765,2.2795662719089176
2023-12-01 12:42:20.478108,1.4167811870574951,0.8869662252121089,42.34951772941993,1.1087077815151365,3.9913480134544916,2.155150534020383
2023-12-01 12:42:22.118725,1.6330616474151611,0.7694976263908619,36.740805281275854,0.9618720329885776,3.4627393187588793,1.8697253326045167
2023-12-01 12:42:24.081139,1.9603865146636963,0.6410149488563958,30.60620931188816,0.8012686860704947,2.884567269853781,1.5575381227312706
2023-12-01 12:42:26.122878,2.039456605911255,0.6161626865674036,29.419601194795337,0.7702033582092546,2.7727320895533163,1.4971520958214775
2023-12-01 12:42:28.169487,2.040053129196167,0.615982517048987,29.410998733960195,0.7699781463112338,2.771921326720442,1.4967143199256288
2023-12-01 12:42:30.289780,2.117999792098999,0.5933131184071333,28.32861467872868,0.7416413980089168,2.6699090328321007,1.4416322151056529
2023-12-01 12:42:32.567464,2.275564193725586,0.5522309873308971,26.367087408669033,0.6902887341636215,2.4850394429890375,1.341810853016614
2023-12-01 12:42:34.903539,2.333909749984741,0.5384257302340559,25.70793493638401,0.6730321627925699,2.422915786053252,1.3082668393227093
2023-12-01 12:42:37.227183,2.32161545753479,0.5412770049223736,25.844073274611578,0.676596256152967,2.4357465221506813,1.3151948665603834
2023-12-01 12:42:39.817133,2.587780237197876,0.4856042423434846,23.18589466660807,0.6070053029293558,2.185219090545681,1.179921188046199
2023-12-01 12:42:42.532988,2.71364426612854,0.4630809856402868,22.110488374955597,0.5788512320503586,2.083864435381291,1.1251941789087692
2023-12-01 12:42:45.462924,2.927978515625,0.4291824734129506,20.491953639623112,0.5364780917661883,1.931321130358278,1.0428275738987876
2023-12-01 12:42:50.711552,5.247100830078125,0.23949169305694606,11.434886033837975,0.2993646163211826,1.0777126187562573,0.5819169157897676
2023-12-01 12:42:57.390680,6.672411918640137,0.1883332559138562,8.992250588184344,0.2354165698923203,0.8474996516123531,0.4576121452194879
2023-12-01 12:43:01.238297,3.8453404903411865,0.32679474407854564,15.60329966896543,0.40849343009818206,1.4705763483534555,0.7940458691620502
2023-12-01 12:43:05.098815,3.8558573722839355,0.32590340879013757,15.560741543834716,0.407379260987672,1.4665653395556193,0.7918801026782764
2023-12-01 12:43:14.626662,9.525692701339722,0.13192080626946742,6.2987545243362115,0.16490100783683428,0.5936436282126034,0.32054117507355195
2023-12-01 12:43:19.005278,4.376492500305176,0.28713337480831763,13.709608778220495,0.35891671851039714,1.2921001866374298,0.6976766741092504
2023-12-01 12:43:23.595201,4.587690830230713,0.2739149406396946,13.078475036859148,0.3423936757996184,1.2326172328786262,0.6655585227663302
2023-12-01 12:43:28.079824,4.482542276382446,0.2803402587091857,13.385261376368302,0.3504253233864822,1.2615311641913358,0.6811707606115796
2023-12-01 12:43:32.911140,4.8291990756988525,0.2602164544757485,12.424420501098759,0.3252705680946857,1.1709740451408686,0.6322739410851739
2023-12-01 12:43:35.422992,2.5098092555999756,0.5006902650598104,23.906199192678038,0.6258628313247632,2.2531061927691476,1.2165772060423277
2023-12-01 12:43:37.563163,2.138112783432007,0.5877318872855797,28.062130522268603,0.7346648591069747,2.6447934927851087,1.4280709397265017
2023-12-01 12:43:39.212400,1.6471552848815918,0.7629135352142907,36.42643808432014,0.9536419190178635,3.4331109084643088,1.8537273078636838
2023-12-01 12:43:40.648317,1.433837890625,0.8764150184984705,41.84573471820194,1.0955187731230882,3.943867583243118,2.1295132119475837
2023-12-01 12:43:42.190468,1.5351154804229736,0.8185944819536791,39.085007457203204,1.0232431024420992,3.683675168791557,1.98902087225105
2023-12-01 12:43:43.915908,1.7233994007110596,0.7291618303438192,34.81491288394584,0.9114522879297742,3.281228236547187,1.7717174153694122
2023-12-01 12:43:45.514423,1.596653699874878,0.787044217249109,37.57859328212618,0.9838052715613864,3.541698977620991,1.9123600390718853
2023-12-01 12:43:47.133234,1.6175367832183838,0.7768831438476528,37.09343776443778,0.9711039298095663,3.495974147314439,1.8876706629210274
2023-12-01 12:43:48.836155,1.701526403427124,0.7385351522637943,35.26245603897253,0.923168940329743,3.3234081851870747,1.7944927129705674
2023-12-01 12:43:50.543196,1.70552396774292,0.736804105484922,35.17980464349829,0.9210051318561526,3.3156184746821493,1.7902866155072636
2023-12-01 12:43:52.259240,1.7140209674835205,0.7331515105564187,35.00540608210318,0.9164393881955235,3.2991817975038846,1.7814115403499864
2023-12-01 12:43:54.006790,1.7403595447540283,0.72205600573962,34.475634750795145,0.9025700071745252,3.249252025828291,1.754451682746129
2023-12-01 12:43:55.521291,1.5123534202575684,0.8309149466015027,39.67326631217022,1.0386436832518784,3.739117259706762,2.018957137252331
2023-12-01 12:43:57.041820,1.5182878971099854,0.8276671794775468,39.518196854633544,1.0345839743469336,3.724502307648961,2.0110657126945433
2023-12-01 12:43:58.692170,1.6481387615203857,0.7624582897842208,36.404701716165455,0.9530728622302761,3.431062304028994,1.8526211525176999
2023-12-01 12:44:00.645662,1.9509124755859375,0.6441278515370089,30.75483946658324,0.8051598144212612,2.89857533191654,1.5651018536646244
2023-12-01 12:44:02.683843,2.035285472869873,0.6174254561272845,29.479894000027645,0.7717818201591057,2.7784145525727806,1.500220373298076
2023-12-01 12:44:05.075318,2.389435052871704,0.5259138807416623,25.110538128203135,0.6573923509270782,2.366612463337481,1.2778655474260916
2023-12-01 12:44:08.014251,2.9367916584014893,0.4278945215064766,20.430458465909123,0.5348681518830959,1.9255253467791453,1.0396981083564372
2023-12-01 12:44:11.573107,3.5568065643310547,0.35330486454842075,16.86906468338811,0.4416310806855261,1.589871890467894,0.858460159879753
2023-12-01 12:44:14.882800,3.30731463432312,0.3799569138039092,18.141606298150005,0.47494614225488657,1.7098061121175916,0.9232193091607387
2023-12-01 12:44:17.784592,2.8996803760528564,0.4333708886723903,20.691935737301517,0.5417136108404879,1.9501689990257562,1.053004585296174
2023-12-01 12:44:20.312577,2.5257773399353027,0.49752487741777973,23.755063065668683,0.6219060967722247,2.238861948380009,1.2088859471497213
2023-12-01 12:44:22.735911,2.4211854934692383,0.5190172602741489,24.78124875679308,0.6487715753426863,2.3355776712336707,1.2611081390141272
2023-12-01 12:44:24.990297,2.252230644226074,0.5579522082507365,26.640255585642997,0.6974402603134209,2.510784937128315,1.35571227560764
2023-12-01 12:44:27.570351,2.5779099464416504,0.4874635218233604,23.274668722551542,0.6093294022792005,2.193585848205122,1.184438865326401
2023-12-01 12:44:31.187783,3.615386724472046,0.347580261035401,16.595734999486613,0.43447532629425134,1.5641111746593048,0.8445505182638176
2023-12-01 12:44:37.255554,6.065699815750122,0.20717099421454202,9.891686338352045,0.2589637427681776,0.9322694739654392,0.5033840817424943
2023-12-01 12:44:45.326660,8.068947553634644,0.1557374184282394,7.435913990167541,0.19467177303529928,0.7008183829270774,0.3784107792969362
2023-12-01 12:44:48.278510,2.949904680252075,0.42599242946674976,20.33964026080764,0.5324905368334374,1.9169659326003747,1.035076405118309
2023-12-01 12:44:50.462605,2.1825337409973145,0.5757698210253985,27.49098392979842,0.7197122762817483,2.590964194614294,1.3990055111275135
2023-12-01 12:44:52.417346,1.9473598003387451,0.6453029692906899,30.81094720634725,0.8066287116133625,2.903863361808105,1.5679571547825184
2023-12-01 12:44:54.986688,2.567049741744995,0.4895257933653039,23.37313493552096,0.61190724170663,2.2028660701438683,1.1894497727190156
2023-12-01 12:44:57.845758,2.856943368911743,0.4398536824741441,21.0014663408799,0.5498171030926802,1.9793415711336486,1.0687564776756755
2023-12-01 12:45:01.692038,3.844148635864258,0.32689606476503863,15.608137375393277,0.4086200809562983,1.471032291442674,0.7942920581660909
2023-12-01 12:45:04.137217,2.4431426525115967,0.5143527170401084,24.55853322290406,0.6429408963001356,2.314587226680488,1.2497742318640557
2023-12-01 12:45:06.060958,1.9215114116668701,0.6539836577633497,31.225419550306643,0.8174795722041872,2.942926459935074,1.5890494916333873
2023-12-01 12:45:08.034481,1.971081018447876,0.6375369909581158,30.440149054475135,0.7969212386976449,2.8689164593115217,1.54908738063003
2023-12-01 12:45:10.422582,2.3859386444091797,0.526684566839351,25.14733567880894,0.6583557085491889,2.37008055077708,1.2797381605062554
2023-12-01 12:45:12.793523,2.368894100189209,0.5304741403744249,25.328274486904107,0.6630926754680312,2.3871336316849123,1.2889460662817778
2023-12-01 12:45:15.283153,2.4873504638671875,0.5052110989949407,24.122053112980105,0.6315138737436758,2.2734499454772332,1.227561928337907
2023-12-01 12:45:18.031931,2.7467238903045654,0.4575039616728922,21.844205095309746,0.5718799520911153,2.058767827528015,1.1116431260727935
2023-12-01 12:45:20.916852,2.8828470706939697,0.43590139560660596,20.81275854343414,0.5448767445082575,1.961556280229727,1.0591532110449313
2023-12-01 12:45:23.337430,2.418320894241333,0.5196320572792077,24.81060315149904,0.6495400715990097,2.338344257756435,1.262601972777019
2023-12-01 12:45:25.514307,2.1696667671203613,0.5791843616168574,27.654016233854,0.7239804520210718,2.6063296272758585,1.4073021618566401
2023-12-01 12:45:27.996423,2.479961395263672,0.5067163802774883,24.193925000038455,0.6333954753468605,2.2802237112486976,1.2312194607982412
2023-12-01 12:45:31.055016,3.056511163711548,0.4111344582527132,19.630224391898338,0.5139180728158915,1.8501050621372095,0.9989745066624426
2023-12-01 12:45:34.579950,3.522850751876831,0.3567102752696612,17.031661068251175,0.44588784408707655,1.6051962387134755,0.8667346268502228
2023-12-01 12:45:38.343890,3.761889696121216,0.334044100955858,15.949430963343875,0.4175551261948225,1.503198454301361,0.8116603565025438
2023-12-01 12:45:43.002816,4.656847715377808,0.2698471451592157,12.884252109397618,0.33730893144901963,1.2143121532164707,0.6556745933078624
2023-12-01 12:45:45.830775,2.826087474822998,0.44465610942018785,21.230765337070075,0.5558201367752349,2.0009524923908457,1.0804254146691725
2023-12-01 12:45:48.206076,2.3739655017852783,0.5293409110161442,25.274166770695942,0.6616761387701804,2.3820340995726497,1.2861925455870276
2023-12-01 12:45:50.677290,2.4697165489196777,0.508818334632614,24.294285927769995,0.6360229182907676,2.2896825058467636,1.2363267894903258
2023-12-01 12:45:53.175479,2.4959018230438232,0.5034801648982381,24.03940709768315,0.6293502061227977,2.265660742042072,1.223356104669739
2023-12-01 12:45:55.381918,2.2043569087982178,0.5700696908111024,27.21882275983661,0.712587113513878,2.565313608649961,1.3851553347328167
2023-12-01 12:45:57.396366,2.0122945308685303,0.6244796883155757,29.816708776772995,0.7805996103944697,2.810158597420091,1.5173607466691859
2023-12-01 12:45:59.676067,2.277639150619507,0.5517278982028906,26.34306667220762,0.6896598727536133,2.482775541913008,1.3405884470533838
2023-12-01 12:46:02.396827,2.718703031539917,0.46221931812984285,22.069346781878945,0.5777741476623037,2.0799869315842936,1.1231004991918925
2023-12-01 12:46:05.517321,3.1181795597076416,0.4030034311281736,19.24199644411291,0.5037542889102171,1.8135154400767817,0.9792177369552364
2023-12-01 12:46:08.385088,2.8654801845550537,0.4385432739019431,20.938898940359167,0.5481790923774289,1.973444732558744,1.0655724469269414
2023-12-01 12:46:10.975232,2.587869882583618,0.4855874207173603,23.185091493123515,0.6069842758967005,2.1851433932281217,1.1798803148590422
2023-12-01 12:46:13.159265,2.1769354343414307,0.577250497011675,27.561681000498428,0.7215631212645938,2.5976272365525377,1.402603257638968
2023-12-01 12:46:15.037451,1.8761374950408936,0.6698000891499303,31.98059852148107,0.8372501114374128,3.014100401174686,1.6274802566165005
2023-12-01 12:46:16.795988,1.756279706954956,0.7155107790971855,34.16312319865508,0.8943884738714819,3.219798505937335,1.7385480910503415
2023-12-01 12:46:18.463269,1.6651952266693115,0.7546484888438073,36.03181118889629,0.9433106110547592,3.395918199797133,1.8336448981926832
2023-12-01 12:46:20.315918,1.850623369216919,0.6790344714860357,32.42150780003857,0.8487930893575446,3.0556551216871606,1.6499179588167696
2023-12-01 12:46:22.517606,2.199631929397583,0.5712942445693969,27.277290894950912,0.7141178057117463,2.570824100562287,1.388130755454721
2023-12-01 12:46:25.127442,2.607673168182373,0.48189975521810935,23.009018435320947,0.6023746940226368,2.1685488984814922,1.1709200252289622
2023-12-01 12:46:27.584941,2.455472469329834,0.511769965712093,24.435215930714815,0.6397124571401163,2.3029648457044187,1.2434986626872435
2023-12-01 12:46:30.099563,2.507840633392334,0.5010833003914109,23.924965247428233,0.6263541254892638,2.25487485176135,1.2175322032910507
2023-12-01 12:46:32.145578,2.043945550918579,0.6148094604923141,29.354989409103936,0.7685118256153927,2.7666425722154138,1.493864027104225
2023-12-01 12:46:34.190239,2.04232120513916,0.6152984448645002,29.37833669308237,0.7691230560806254,2.7688430018902515,1.4950521613317629
2023-12-01 12:46:36.272069,2.0797109603881836,0.60423639888947,28.850162903791613,0.7552954986118376,2.7190637950026155,1.4681736020216345
2023-12-01 12:46:38.208762,1.9346296787261963,0.6495491489944035,31.013687353078005,0.8119364362430046,2.9229711704748165,1.5782745222266021
2023-12-01 12:46:40.386362,2.1751673221588135,0.5777197223562224,27.584084860401042,0.722149652945278,2.599738750603001,1.4037433813811493
2023-12-01 12:46:43.254473,2.8659050464630127,0.43847826116458716,20.93579481080493,0.548097826455734,1.9731521752406425,1.065414478977714
2023-12-01 12:46:46.121716,2.865352153778076,0.4385628690627061,20.939834540368,0.5482035863283827,1.973532910782178,1.0656200592485634
2023-12-01 12:46:49.478326,3.3552069664001465,0.37453339660419893,17.882652426766665,0.46816674575524875,1.6854002847188956,0.9100412470688828
2023-12-01 12:46:53.346578,3.8666274547576904,0.32499563925914005,15.517398741420775,0.40624454907392515,1.4624803766661305,0.7896744042718586
2023-12-01 12:46:57.433908,4.085226535797119,0.3076052332531712,14.687068017953296,0.384506541566464,1.3842235496392705,0.7474191957585554
2023-12-01 12:47:01.464491,4.028340578079224,0.3119490611777174,14.894470523792938,0.3899363264721468,1.4037707752997286,0.7579738288496178
2023-12-01 12:47:04.790339,3.323659896850586,0.37808834250058926,18.052388590317094,0.4726104281257366,1.7013975412526519,0.9186790546079319
2023-12-01 12:47:07.883533,3.091106653213501,0.4065330648263213,19.41052403922209,0.5081663310329017,1.829398791718446,0.9877940409149956
2023-12-01 12:47:11.461577,3.575946807861328,0.3514138014226995,16.778773070140907,0.4392672517783745,1.5813621064021481,0.8538652546968755
2023-12-01 12:47:14.366296,2.902372121810913,0.4329689676911064,20.672745424030413,0.5412112096138831,1.9483603546099793,1.0520279976958506
2023-12-01 12:47:17.026329,2.6578876972198486,0.47279539415843636,22.57431721541885,0.5909942426980456,2.127579273712964,1.148798248726169
2023-12-01 12:47:20.305637,3.2726237773895264,0.3839845784040287,18.333913117217584,0.4799807230050359,1.7279306028181294,0.933005728606109
2023-12-01 12:47:22.688179,2.3801755905151367,0.5279598137396014,25.208224233160177,0.6599497671745018,2.3758191618282067,1.2828367554244837
2023-12-01 12:47:24.560060,1.8697881698608398,0.6720745599376872,32.08919650211796,0.840093199922109,3.0243355197195925,1.6330067657365923
2023-12-01 12:47:26.344961,1.7828762531280518,0.7048369505349296,33.653485425435534,0.8810461881686621,3.1717662774071838,1.712612822409772
2023-12-01 12:47:28.285562,1.9382803440093994,0.6483257519067238,30.955274444917467,0.8104071898834049,2.917465883580258,1.5753019119829577
2023-12-01 12:47:30.592432,2.3045966625213623,0.5452741826246869,26.034924451533538,0.6815927282808587,2.4537338218110913,1.3249072089414644
2023-12-01 12:47:33.089248,2.4947571754455566,0.5037111722953499,24.05043688842549,0.6296389653691874,2.266700275329075,1.2239174064432412
2023-12-01 12:47:35.266584,2.1748697757720947,0.5777987608429576,27.587858670158568,0.7222484510536971,2.6000944237933097,1.4039354290962185
2023-12-01 12:47:37.547986,2.2793033123016357,0.5513250714170935,26.323833109956798,0.6891563392713671,2.4809628213769215,1.3396096585292543
2023-12-01 12:47:40.389309,2.839273691177368,0.4425910278888347,21.132164956989286,0.5532387848610435,1.9916596254997567,1.0754076795642908
2023-12-01 12:47:43.707496,3.3112947940826416,0.3795002074963413,18.1198001782328,0.4743752593704267,1.7077509337335361,0.9221096041746102
2023-12-01 12:47:46.527233,2.817908525466919,0.4459467190219371,21.292387406386155,0.5574333987774215,2.0067602355987173,1.083561337879503
2023-12-01 12:47:49.483700,2.9551565647125244,0.4252353585733492,20.30349278832093,0.5315441982166866,1.913559113580072,1.033236874261524
2023-12-01 12:47:53.205019,3.719818592071533,0.3378221357660636,16.12981883790912,0.4222776697075796,1.5201996109472864,0.8208402254843815
2023-12-01 12:47:55.633380,2.4259238243103027,0.5180035122467965,24.73284585391224,0.6475043903084957,2.3310158051105847,1.2586449340572663
2023-12-01 12:47:57.855891,2.220330238342285,0.5659685391548475,27.023007192297865,0.7074606739435594,2.5468584261968137,1.3751903564384484
2023-12-01 12:48:00.447134,2.5891292095184326,0.4853512357807923,23.173814493081924,0.6066890447259905,2.184080561013566,1.1793064327001694
2023-12-01 12:48:03.349484,2.900160789489746,0.43329910051539233,20.688508105289014,0.5416238756442405,1.949845952319266,1.0528301544323004
2023-12-01 12:48:05.625344,2.2736523151397705,0.5526953497103477,26.389259079091676,0.6908691871379348,2.487129073696565,1.3429391607262031
2023-12-01 12:48:07.741265,2.108058214187622,0.5961111761423462,28.46221209461337,0.7451389701779327,2.682500292640558,1.4484309357906728
2023-12-01 12:48:10.082266,2.338650941848755,0.5373341694346733,25.655816747311885,0.6716677117933417,2.4180037624560304,1.3056145648923694
2023-12-01 12:48:12.554445,2.4699833393096924,0.5087633756214407,24.29166182828129,0.6359542195268009,2.289435190296483,1.2361932500849766
2023-12-01 12:48:14.789574,2.2330334186553955,0.5627488827250028,26.86927992153765,0.7034361034062535,2.532369972262513,1.3673672352452118
2023-12-01 12:48:16.647536,1.855710744857788,0.6771729187418265,32.33262520371842,0.8464661484272833,3.04727813433822,1.6453947579588903
2023-12-01 12:48:18.646671,1.9969563484191895,0.6292761794371138,30.045724358219747,0.7865952242963923,2.831742807467012,1.5290152607962992
2023-12-01 12:48:20.743039,2.0942792892456055,0.6000331798575819,28.649473978044735,0.7500414748219775,2.700149309359119,1.4579606204179527
2023-12-01 12:48:23.136875,2.391798734664917,0.5253941492748418,25.085722778595667,0.6567426865935524,2.3642736717367887,1.2766027039080108
2023-12-01 12:48:25.600233,2.4608685970306396,0.5106477700403079,24.38163503423054,0.6383097125503849,2.297914965181386,1.2407719516439402
2023-12-01 12:48:28.683698,3.0813894271850586,0.4078150753518658,19.471735532892964,0.5097688441898323,1.835167839083396,0.9909090700899635
2023-12-01 12:48:32.822641,4.136796474456787,0.30377057928645845,14.503976777798513,0.3797132241080731,1.3669676067890633,0.7381017535502369
2023-12-01 12:48:39.216672,6.391932010650635,0.19659737608942496,9.386833261058513,0.24574672011178125,0.8846881924024125,0.4776923044220849
2023-12-01 12:48:53.288025,14.06901240348816,0.08931949346525253,4.264691669837755,0.11164936683156566,0.4019377205936364,0.2170285052218706
2023-12-01 12:49:03.608088,10.317936182022095,0.1217915132704032,5.815116409088051,0.152239391588004,0.5480618097168144,0.2959290189444257
2023-12-01 12:49:06.112287,2.501955032348633,0.5022620491529332,23.981246355046142,0.6278275614411665,2.2601792211881993,1.220396327031797
2023-12-01 12:49:08.404848,2.290454149246216,0.5486410028550338,26.19567827618199,0.6858012535687924,2.468884512847653,1.3330879087371614
2023-12-01 12:49:10.807007,2.3999624252319336,0.5236069732693732,25.000391409962,0.6545087165867166,2.3562313797121797,1.2722602236499232
2023-12-01 12:49:13.607010,2.797865867614746,0.4491412815680236,21.44491653245392,0.5614266019600295,2.0211357670561063,1.0913234859539838
2023-12-01 12:49:17.123981,3.5149033069610596,0.3575168224250213,17.070170858234857,0.4468960280312767,1.6088257009125961,0.8686943751283169
2023-12-01 12:49:20.634330,3.508087635040283,0.35821142233850933,17.103335561145702,0.44776427792313667,1.611951400523292,0.8703821139981099
2023-12-01 12:49:23.498286,2.8617515563964844,0.4391146599106856,20.96618061267064,0.548893324888357,1.976015969598085,1.0669608006509839
2023-12-01 12:49:26.317831,2.8174097537994385,0.4460256658589579,21.296156840192154,0.5575320823236976,2.0071154963653113,1.0837531629040962
2023-12-01 12:49:28.836656,2.516651153564453,0.4993290626140545,23.841206563340787,0.6241613282675682,2.2469807817632454,1.2132697563396297
2023-12-01 12:49:30.714165,1.8708477020263672,0.6716939385684995,32.071023170412175,0.8396174232106245,3.022622723558248,1.6320819319337403
2023-12-01 12:49:32.686671,1.9703760147094727,0.6377651027289861,30.451040589248574,0.7972063784112328,2.869942962280438,1.5496416466108907
2023-12-01 12:49:34.696809,2.0080642700195312,0.6257952398225255,29.879521734339914,0.782244049778157,2.816078579201365,1.5205572737207727
2023-12-01 12:49:37.169389,2.4702727794647217,0.5087037641681885,24.288815591046294,0.6358797052102356,2.2891669387568485,1.2360484061758645
2023-12-01 12:49:40.124022,2.952326536178589,0.4256429788631965,20.322955223531057,0.5320537235789957,1.9153934048843846,1.0342273100417951
2023-12-01 12:49:44.511473,4.3852715492248535,0.2865585511250819,13.682162969042517,0.3581981889063524,1.2895134800628687,0.6962799675237241
2023-12-01 12:49:53.678085,9.164374113082886,0.13712197318985114,6.547091951903747,0.17140246648731394,0.6170488793543302,0.33317897045670036
2023-12-01 12:50:09.778503,16.098232984542847,0.0780605587360123,3.727117135005477,0.09757569842001537,0.35127251431205536,0.1896715456167627
2023-12-01 12:50:15.003782,5.223205327987671,0.24058733718593026,11.48719918753721,0.3007341714824129,1.0826430173366863,0.5845791118943735
2023-12-01 12:50:17.273257,2.2651937007904053,0.5547592071253918,26.487801011924013,0.6934490089067398,2.4964164320642634,1.347953921473277
2023-12-01 12:50:19.423782,2.148137331008911,0.5849891640055039,27.93117513200142,0.73123645500688,2.632451238024768,1.4214066707005735
2023-12-01 12:50:21.673090,2.2472758293151855,0.5591823865336787,26.698992272027354,0.6989779831670984,2.516320739401554,1.3587013627995326
2023-12-01 12:50:23.580626,1.905212163925171,0.6595785420805622,31.492555598840152,0.8244731776007029,2.9681034393625305,1.6026439415473503
2023-12-01 12:50:25.115107,1.5322093963623047,0.8201470793870357,39.15913852404835,1.0251838492337948,3.690661857241661,1.9927933734946197
2023-12-01 12:50:26.551635,1.4344799518585205,0.8760227424634348,41.82700491719222,1.0950284280792937,3.9421023410854574,2.128560059637654
2023-12-01 12:50:28.162515,1.6085789203643799,0.7812094548343704,37.30000389810444,0.9765118185429632,3.5154425467546675,1.8981827333565535
2023-12-01 12:50:29.907573,1.7430055141448975,0.7209598886739105,34.423299016030626,0.9011998608423882,3.244319499032598,1.751788337499868
2023-12-01 12:50:32.070878,2.1612653732299805,0.5814358000646126,27.761514501262216,0.7267947500807658,2.6164611002907567,1.4127727069969958
2023-12-01 12:50:35.447972,3.374994993209839,0.37233745945228025,17.777804151032566,0.4654218243153504,1.6755185675352615,0.9047055589771508
2023-12-01 12:50:38.962404,3.5122902393341064,0.3577828071731802,17.082870694471815,0.44722850896647526,1.610022632279311,0.8693406648693933
2023-12-01 12:50:41.100774,2.1362836360931396,0.5882351201894097,28.086158123519915,0.7352939002367622,2.647058040852344,1.4292936950362278
2023-12-01 12:50:43.310566,2.2073538303375244,0.5692957079036876,27.181867798161502,0.7116196348796096,2.5618306855665947,1.3832747110643802
2023-12-01 12:50:46.060519,2.7481491565704346,0.4572666874472502,21.83287608554598,0.5715833593090629,2.0577000935126266,1.1110665971593288
2023-12-01 12:50:50.570518,4.5083327293396,0.27873653895549877,13.308689398528282,0.34842067369437346,1.2543144252997445,0.677274042354071
2023-12-01 12:50:55.157085,4.584521293640137,0.2741043133945486,13.087516919865728,0.34263039174318577,1.2334694102754689,0.6660186606860742
2023-12-01 12:50:57.795056,2.6355581283569336,0.47680111772732303,22.765576427413254,0.5960013971591538,2.1456050297729536,1.1585313558538495
2023-12-01 12:51:00.096720,2.299605369567871,0.5464577001192416,26.09143324938177,0.683072125149052,2.459059650536587,1.3277829197497333
2023-12-01 12:51:02.763684,2.6646618843078613,0.4715934388660066,22.51692807756915,0.5894917985825083,2.1221704748970303,1.145877737756623
2023-12-01 12:51:05.431286,2.665552854537964,0.47143580713342764,22.50940171674073,0.5892947589167846,2.121461132100425,1.1454947241728026
2023-12-01 12:51:07.894217,2.460784435272217,0.5106652348022128,24.382468915186667,0.6383315435027661,2.297993556609958,1.240814387522417
2023-12-01 12:51:10.767959,2.8716371059417725,0.4376030170510681,20.894004982681334,0.5470037713138353,1.969213576729807,1.0632878108306856
2023-12-01 12:51:14.416297,3.6410975456237793,0.34512589835618784,16.4785478137255,0.43140737294523485,1.5530665426028454,0.8385869078258653
2023-12-01 12:51:17.246526,2.8280277252197266,0.4443510402071046,21.21619935509587,0.5554388002588809,1.9995796809319715,1.0796841574952232
2023-12-01 12:51:20.434465,3.185701847076416,0.3944616043052362,18.834154255541282,0.4930770053815453,1.775077219373563,0.958462806140863
2023-12-01 12:51:23.219034,2.7824387550354004,0.45163152617888597,21.56381695425193,0.5645394077236076,2.032341867804987,1.0973742823094572
2023-12-01 12:51:25.656388,2.430356740951538,0.5170586853615228,24.68773369316501,0.6463233567019036,2.326764084126853,1.2563491936914282
2023-12-01 12:51:28.391394,2.7329306602478027,0.45981300576501793,21.954453829633433,0.5747662572062725,2.069158525942581,1.1172536414078407
2023-12-01 12:51:31.491589,3.0932672023773193,0.40624911435718625,19.396966402995258,0.5078113929464828,1.8281210146073381,0.9871040980650911
2023-12-01 12:51:34.298647,2.8049657344818115,0.4480044251478416,21.390635636796606,0.5600055314348021,2.016019913165288,1.0885611522242258
2023-12-01 12:51:36.629414,2.328704833984375,0.5396291720174052,25.765395048947017,0.6745364650217566,2.4283312740783236,1.3111909621678912
2023-12-01 12:51:39.366607,2.734891891479492,0.45948326709035475,21.93870996763307,0.5743540838629435,2.0676747019065966,1.1164524423761442
2023-12-01 12:51:43.540399,4.164429187774658,0.3017549356163804,14.407736881717069,0.3771936695204755,1.357897210273712,0.7332041425606811
2023-12-01 12:51:53.216175,9.673675060272217,0.12990275708108762,6.202399773216241,0.16237844635135953,0.5845624068648944,0.3156377191556267
2023-12-01 12:52:00.224520,7.006151914596558,0.17936194886351953,8.563902229267468,0.2242024360793994,0.8071287698858379,0.43581366334857974
2023-12-01 12:52:04.972420,4.745511054992676,0.2648054228245511,12.643527600020017,0.331006778530689,1.1916244027104803,0.6434242163790945
2023-12-01 12:52:07.672081,2.6975808143615723,0.46583852270365494,22.242151071273838,0.5822981533795687,2.096273352166447,1.1318944424653408
2023-12-01 12:52:10.755785,3.0816280841827393,0.4077834920722378,19.470227542371408,0.5097293650902973,1.8350257143250703,0.9908323290371236
2023-12-01 12:52:12.991543,2.233656406402588,0.5625919267770428,26.861785827048,0.7032399084713036,2.531663670496693,1.3669858636828587
2023-12-01 12:52:14.317568,1.316478967666626,0.9545439709251303,45.57611741139027,1.193179963656413,4.2954478691630875,2.319350940553882
2023-12-01 12:52:15.368506,1.0487561225891113,1.1982166629297961,57.210631440105736,1.4977708286622455,5.391974983184084,2.9114268475868195
2023-12-01 12:52:16.488502,1.1179089546203613,1.124096069042284,53.67163376947439,1.4051200863028552,5.058432310690279,2.731328628558942
2023-12-01 12:52:17.563286,1.072699785232544,1.1714713461637347,55.933636629742566,1.4643391827046686,5.271621057736807,2.846441076908643
2023-12-01 12:52:18.672561,1.107243299484253,1.1349240605215232,54.18863227977774,1.4186550756519043,5.107158272346855,2.7576384822551976
2023-12-01 12:52:19.954150,1.2792854309082031,0.9822960780095752,46.901182918501775,1.2278700975119692,4.420332351043089,2.386783010347666
2023-12-01 12:52:21.178006,1.2217490673065186,1.028555777174697,49.10992085492372,1.2856947214683712,4.628500997286136,2.4991848273790787
2023-12-01 12:52:22.351943,1.1717853546142578,1.0724123291757577,51.20391696630439,1.340515411469697,4.82585548129091,2.605747477431256
2023-12-01 12:52:23.571670,1.217658519744873,1.0320110614420956,49.27489852620697,1.2900138268026196,4.644049776489431,2.507580477092004
2023-12-01 12:52:24.951305,1.377601146697998,0.9121922295491535,43.5539707148294,1.140240286936442,4.104865032971191,2.2164446793585335
2023-12-01 12:52:26.432782,1.479396104812622,0.8494256929215593,40.55708934531736,1.0617821161519492,3.822415618147017,2.063934548660805
2023-12-01 12:52:27.939560,1.504464864730835,0.835271790584982,39.8812902890455,1.0440897382312277,3.75872305763242,2.0295433967633896
2023-12-01 12:52:29.616921,1.6752593517303467,0.7501149360174938,35.81534998627348,0.9376436700218673,3.3755172120787225,1.8226292715353065
2023-12-01 12:52:31.996913,2.3777387142181396,0.5285009046290989,25.234059420077834,0.6606261307863738,2.3782540708309456,1.2841514980677848
2023-12-01 12:52:34.575357,2.5762040615081787,0.4877863055228041,23.29008050894633,0.6097328819035052,2.1950383748526185,1.1852231651593095
2023-12-01 12:52:36.996874,2.4194138050079346,0.519397326259282,24.79939557086359,0.6492466578241027,2.3372879681667698,1.262031623344804
2023-12-01 12:52:41.035829,4.036618232727051,0.3113093656585307,14.863927312607245,0.3891367070731634,1.4008921454633882,0.756419496677098
2023-12-01 12:52:45.352719,4.315021276473999,0.2912238389848156,13.904914056189485,0.3640297987310195,1.3105072754316702,0.7076156839653049
2023-12-01 12:52:48.901381,3.5472729206085205,0.3542544060072903,16.914401948443043,0.442818007509113,1.5941448270328067,0.8607673557165142
2023-12-01 12:52:52.441177,3.53817081451416,0.35516574165412945,16.957915020346135,0.44395717706766197,1.598245837443583,0.862981719071204
2023-12-01 12:52:54.754217,2.310731887817383,0.5438264248921073,25.96579911167167,0.6797830311151342,2.447218912014483,1.3213894472028425
2023-12-01 12:52:57.248738,2.4924240112304688,0.5041826975561579,24.072950561240575,0.6302283719451973,2.2688221390027103,1.2250631185219523
2023-12-01 12:53:00.068463,2.817469358444214,0.4460162300149461,21.295706311827136,0.5575202875186828,2.007073035067258,1.0837302356903162
2023-12-01 12:53:03.669390,3.598834991455078,0.34917884938309846,16.67206197073816,0.43647356172887314,1.5713048222239434,0.8484347682310528
2023-12-01 12:53:06.766031,3.094364643096924,0.4061050349186516,19.39008711654305,0.5076312936483145,1.8274726571339321,0.9867540138453397
2023-12-01 12:53:09.218971,2.450822114944458,0.5127410323961418,24.481580949566286,0.6409262904951774,2.3073346457826385,1.2458581605161456
2023-12-01 12:53:10.886808,1.6657872200012207,0.7543802992047186,36.01900607687219,0.9429753740058983,3.394711346421234,1.8329932510076252
2023-12-01 12:53:12.494035,1.6051008701324463,0.7829022367499089,37.3808282809348,0.9786277959373862,3.5230600653745907,1.902295854854929
2023-12-01 12:53:13.991935,1.4958586692810059,0.8400773998521718,40.110741229877945,1.050096749815215,3.780348299334774,2.0412200661608075
2023-12-01 12:53:15.359136,1.3651583194732666,0.920506466913507,43.95094630720225,1.1506330836418839,4.142279101110782,2.2366466133064398
2023-12-01 12:53:16.722909,1.3570489883422852,0.9260071465592211,44.21358441399637,1.1575089331990267,4.167032159516496,2.250012164709596
2023-12-01 12:53:18.202364,1.4772157669067383,0.8506794265182339,40.61695071508671,1.0633492831477926,3.828057419332054,2.0669808705540054
2023-12-01 12:53:19.775517,1.5711150169372559,0.7998377253662914,38.18943829902694,0.9997971567078644,3.599269764148312,1.9434457050950151
2023-12-01 12:53:21.697310,1.9197111129760742,0.6545969614604086,31.25470264480768,0.8182462018255108,2.9456863265718387,1.5905396969565009
2023-12-01 12:53:24.788381,3.088785171508789,0.4068386085983713,19.4251126797179,0.5085482607479641,1.8307737386926708,0.9885364511723226
2023-12-01 12:53:29.524260,4.733838319778442,0.26545838208828637,12.674704108358348,0.331822977610358,1.1945627193972888,0.6450107767981184
2023-12-01 12:53:34.058542,4.532026767730713,0.2772792672769547,13.239109801207848,0.3465990840961934,1.2477567027462961,0.6737331636295446
2023-12-01 12:53:37.298657,3.2379720211029053,0.3880938603687769,18.530116878392,0.48511732546097125,1.7464223716594964,0.9429904619240543
2023-12-01 12:53:40.046168,2.7453606128692627,0.4577311467008213,21.855052381367166,0.5721639333760268,2.0597901601536965,1.1121951402536558
2023-12-01 12:53:42.495766,2.447497844696045,0.5134374537485973,24.514832619781696,0.6417968171857468,2.3104685418686883,1.247550325118342
2023-12-01 12:53:44.871684,2.3688368797302246,0.5304869542469423,25.328886304249497,0.663108692808678,2.3871912941112408,1.2889772014292207
2023-12-01 12:53:47.855566,2.9820001125335693,0.42140744936734836,20.120723586768328,0.5267593117091856,1.896333522153068,1.0239358204727833
2023-12-01 12:53:49.945305,2.084054946899414,0.6029769336482702,28.790027868154798,0.7537211670603378,2.713396201417216,1.465113353378567
2023-12-01 12:53:51.616416,1.669456958770752,0.7527220482289039,35.939830424965834,0.9409025602861301,3.3872492170300683,1.828964032786591
2023-12-01 12:53:53.211574,1.5929996967315674,0.7888495296102181,37.664790597954806,0.9860619120127728,3.5498228832459824,1.9167465870469083
2023-12-01 12:53:54.935370,1.7172837257385254,0.7317585571921116,34.93889745807539,0.9146981964901396,3.292913507364503,1.778026942265393
2023-12-01 12:53:56.892610,1.9552533626556396,0.6426978137140976,30.686560190085828,0.8033722671426221,2.8921401617134395,1.5616271477625145
2023-12-01 12:53:59.040144,2.1455819606781006,0.5856858812509607,27.964440930066964,0.7321073515637009,2.635586465629323,1.4230995542635843
2023-12-01 12:54:01.237528,2.1899609565734863,0.573817107407298,27.397748722369354,0.7172713842591226,2.5821769833328414,1.394260807578253
2023-12-01 12:54:03.563650,2.3239526748657227,0.5407326384167979,25.81808168854677,0.6759157980209975,2.4332968728755913,1.313872164825136
2023-12-01 12:54:06.485559,2.919804573059082,0.4303839623483216,20.549320510563465,0.5379799529354021,1.9367278305674478,1.0457469517139522
2023-12-01 12:54:10.509839,4.022100925445557,0.31243300074493047,14.917576936076852,0.39054125093116315,1.4059485033521875,0.7591497052100322
2023-12-01 12:54:16.134130,5.622066020965576,0.22351873079215331,10.67223326375935,0.2793984134901917,1.00583428856469,0.5431058120787742
2023-12-01 12:54:19.101160,2.964899778366089,0.4238379558746605,20.236771724225054,0.5297974448433257,1.9072708014359725,1.0298414651842502
2023-12-01 12:54:20.949219,1.845752239227295,0.6808265132930276,32.5070714935816,0.8510331416162846,3.063719309818625,1.6542722619993988
2023-12-01 12:54:22.473772,1.5223736763000488,0.8254458685137191,39.41213706862233,1.031807335642149,3.714506408311737,2.005668371314635
2023-12-01 12:54:23.980219,1.5041706562042236,0.8354351657191892,39.889090877101715,1.0442939571489867,3.759458245736352,2.029940365664486
2023-12-01 12:54:25.462946,1.4806492328643799,0.8487067926310262,40.5227643848688,1.060883490788783,3.8191805668396186,2.062187764734868
2023-12-01 12:54:27.189040,1.7240867614746094,0.7288711273214099,34.80103283704938,0.9110889091517625,3.279920072946345,1.7710110651655622
2023-12-01 12:54:28.862560,1.671241044998169,0.7519185010426154,35.90146387295421,0.9398981263032693,3.3836332546917696,1.827011573833347
2023-12-01 12:54:30.485770,1.6211323738098145,0.7751600558581785,37.01116637316564,0.9689500698227232,3.488220251361804,1.8834839037242024
2023-12-01 12:54:33.353571,2.8656904697418213,0.4385110934710026,20.937362437962665,0.5481388668387533,1.973299920619512,1.0654942549158424
2023-12-01 12:54:37.551292,4.1955649852752686,0.2995155755771162,14.300815315833663,0.3743944694713953,1.3478200900970232,0.727762945537277
2023-12-01 12:54:40.344692,2.79126238822937,0.45020384566320243,21.495650230883825,0.5627548070790032,2.0259173054844113,1.0939053041924496
2023-12-01 12:54:43.470447,3.1234896183013916,0.40231830900699406,19.209284272450713,0.5028978862587427,1.8104323905314736,0.9775530272251943
2023-12-01 12:54:45.612345,2.140054941177368,0.5871985047003365,28.03666337976843,0.7339981308754208,2.642393271151515,1.4267749267208778
2023-12-01 12:54:47.447243,1.8336467742919922,0.6853212292869929,32.721678374051734,0.8566515366087413,3.0839455317914686,1.6651935229215356
2023-12-01 12:54:49.137521,1.6890056133270264,0.7440099970778523,35.523860623418045,0.9300124963473155,3.348044986850336,1.8077954908997658
2023-12-01 12:54:50.603670,1.4645593166351318,0.8580308405145911,40.96795487795726,1.072538550643239,3.8611387823156607,2.0848433362823537
2023-12-01 12:54:52.155865,1.5501658916473389,0.8106468270312072,38.70553488713319,1.013308533789009,3.6479107216404327,1.9697096603204274
2023-12-01 12:54:53.772036,1.6141471862792969,0.7785145444713372,37.171331406464546,0.9731431805891715,3.5033154501210175,1.8916346401564552
2023-12-01 12:54:55.220034,1.4459564685821533,0.8690697740493701,41.495025129514154,1.0863372175617128,3.910813983222166,2.11166573698516
2023-12-01 12:54:56.578467,1.3563063144683838,0.9265142011290181,44.23779448635652,1.1581427514112728,4.169313905080582,2.2512442059032884
2023-12-01 12:54:57.978880,1.3983945846557617,0.8986283808766748,42.90634464575677,1.1232854760958437,4.043827713945038,2.183487239854145
2023-12-01 12:54:59.365590,1.3845739364624023,0.9075983797922956,43.33463054584177,1.1344979747403696,4.084192709065331,2.20528254321932
2023-12-01 12:55:00.772532,1.4046578407287598,0.8946214693707567,42.71502871394717,1.118276836713446,4.0257966121684055,2.1737512462770647
2023-12-01 12:55:02.481425,1.7010173797607422,0.7387561563966328,35.27300820902803,0.9234451954957911,3.324402703784848,1.7950297088125384
2023-12-01 12:55:04.858061,2.374382257461548,0.5292480001848514,25.269730605275832,0.6615600002310644,2.381616000831832,1.2859667908491523
2023-12-01 12:55:07.586493,2.7263126373291016,0.46092918480068823,22.007747452904177,0.5761614810008604,2.0741813316030977,1.1199657332287125
2023-12-01 12:55:10.310251,2.721602439880371,0.46172690141002115,22.045835615372727,0.5771586267625266,2.077771056345096,1.1219040250460697
2023-12-01 12:55:16.498011,6.185520172119141,0.20315786327884486,9.700073450644682,0.2539473290985561,0.914210384754802,0.4936329761949373
2023-12-01 12:55:19.033805,2.5337140560150146,0.4959664088584393,23.68065167320698,0.6199580110730492,2.231848839862977,1.205099180244236
2023-12-01 12:55:20.502684,1.4667580127716064,0.8567446371479902,40.906543190872476,1.070930796434988,3.8553508671659564,2.0817181193421868
2023-12-01 12:55:22.056432,1.5517232418060303,0.8098332406063171,38.66668899678707,1.0122915507578965,3.644249582728427,1.9677328080252294
2023-12-01 12:55:23.778818,1.715153694152832,0.7326673205555551,34.98228771249324,0.9158341506944438,3.297002942499998,1.7802350554858877
2023-12-01 12:55:25.615017,1.834151029586792,0.6851328168537023,32.71268234302229,0.8564160210671281,3.0830976758416613,1.6647357183911262
2023-12-01 12:55:27.571587,1.9544823169708252,0.6429513587943478,30.698666075931364,0.803689198492935,2.893281114574566,1.5622432115985068
2023-12-01 12:55:29.589077,2.010632038116455,0.6249960398587527,29.841362746913923,0.781245049823441,2.8124821793643875,1.5186153776487976
2023-12-01 12:55:31.636060,2.044708251953125,0.6145801290895977,29.344039641199384,0.7682251613619971,2.7656105809031897,1.4933067976619046
2023-12-01 12:55:34.070178,2.4319331645965576,0.5167235184460283,24.67173065175647,0.6459043980575354,2.3252558330071276,1.2555348051201596
2023-12-01 12:55:37.020791,2.948507785797119,0.42619424899913894,20.34927643366531,0.5327428112489238,1.9178741204961256,1.035566786218108
2023-12-01 12:55:40.461534,3.438415288925171,0.3654698330022651,17.449899141983998,0.45683729125283146,1.6446142485101933,0.8880186002289039
2023-12-01 12:55:44.492138,4.028343200683594,0.3119488580870346,14.89446082692712,0.3899360726087933,1.403769861391656,0.7579733353798768
2023-12-01 12:55:49.561593,5.067639589309692,0.24797285586110412,11.839831728872637,0.3099660698263802,1.1158778513749688,0.6025244451713109
2023-12-01 12:55:55.189156,5.625904083251953,0.22336624351219667,10.66495253245023,0.2792078043902459,1.0051480958048853,0.5427352984859356
2023-12-01 12:55:59.721712,4.530264854431152,0.2773871068943734,13.244258763659849,0.34673388361796686,1.2482419810246808,0.6739951923319487
2023-12-01 12:56:05.280856,5.555818557739258,0.22618396342073144,10.799488747957755,0.2827299542759143,1.0178278353932915,0.5495817943196932
2023-12-01 12:56:10.715193,5.432095050811768,0.23133561723080057,11.045462098648965,0.2891695215385008,1.0410102775386028,0.5620992827473994
2023-12-01 12:56:15.283676,4.558898210525513,0.27564490440576483,13.16107472228113,0.3445561305072061,1.2404020698259421,0.6697619887251276
2023-12-01 12:56:19.236164,3.9504494667053223,0.31809976865340167,15.188145173273167,0.39762471081675216,1.4314489589403079,0.7729188178740355
2023-12-01 12:56:22.940522,3.7022340297698975,0.3394266951606028,16.206430905646755,0.4242833689507536,1.527420128222713,0.8247389839012328
2023-12-01 12:56:25.555061,2.612344741821289,0.48103798909779727,22.96787213396991,0.6012974863722467,2.164670950940088,1.168826105909828
2023-12-01 12:56:28.319257,2.7621145248413086,0.45495472766760625,21.722488137397985,0.568693409584508,2.047296274504229,1.10544899728675
2023-12-01 12:56:31.106673,2.7849974632263184,0.4512165910485781,21.54400526113664,0.5640207388107227,2.030474659718602,1.0963660729298352
2023-12-01 12:56:33.478032,2.363569974899292,0.5316690746545215,25.38532839610831,0.664586343318152,2.3925108359453473,1.2918495175955567
2023-12-01 12:56:35.860500,2.380319356918335,0.5279279260505676,25.206701708160125,0.6599099075632096,2.3756756672275543,1.2827592747176693
2023-12-01 12:56:38.690341,2.827683687210083,0.4444051034137311,21.21878068306807,0.5555063792671638,1.9998229653617898,1.0798155202746837
2023-12-01 12:56:41.218386,2.525895833969116,0.49750153768664157,23.75394867559436,0.621876922108302,2.2387569195898873,1.2088292362710018
2023-12-01 12:56:43.257394,2.0369389057159424,0.6169242768693817,29.455964453146535,0.7711553460867271,2.7761592459122175,1.4990026079372236
2023-12-01 12:56:44.952165,1.6925275325775146,0.7424618136180101,35.44994030828394,0.9280772670225128,3.3410781612810463,1.8040337147290413
2023-12-01 12:56:46.579741,1.6256163120269775,0.7730219315214788,36.90907845602639,0.9662774144018487,3.4785986918466554,1.8782886892108894
2023-12-01 12:56:48.179397,1.5983774662017822,0.7861954313095134,37.538066738752114,0.9827442891368919,3.537879440892811,1.910297658995856
2023-12-01 12:56:50.036642,1.8540892601013184,0.6777651370286495,32.360901544039606,0.847206421285812,3.0499431166289233,1.6468337299522129
2023-12-01 12:56:52.487011,2.4436964988708496,0.5142361426701586,24.55296720673946,0.6427951783376983,2.3140626420157138,1.2494909794599514
2023-12-01 12:56:56.601676,4.1125266551971436,0.30556326239195586,14.589571091089685,0.38195407798994485,1.3750346807638014,0.7424576149599744
2023-12-01 12:57:01.497632,4.89372444152832,0.25678541496371354,12.26060043161357,0.320981768704642,1.1555343673367113,0.6239372012788313
2023-12-01 12:57:04.920361,3.4205548763275146,0.36737813216582804,17.54101371541775,0.45922266520728516,1.6532015947462266,0.8926553855365292
2023-12-01 12:57:07.321511,2.3990793228149414,0.5237997132839491,25.009594067777407,0.6547496416049365,2.357098709777772,1.2727285433373399
2023-12-01 12:57:09.361634,2.0377755165100098,0.6166709979851427,29.443871277224307,0.7708387474814284,2.7750194909331425,1.4983871909042998
2023-12-01 12:57:11.153233,1.7894554138183594,0.7022455277354418,33.52975410098168,0.8778069096693024,3.160104874809489,1.7063161832915767
2023-12-01 12:57:12.755667,1.6002249717712402,0.785287746162956,37.49472796539841,0.9816096827036952,3.533794857733303,1.9080921656267509
2023-12-01 12:57:14.329345,1.5715742111206055,0.7996040228605409,38.17827982632599,0.9995050285756762,3.5982181028724347,1.9428778547465426
2023-12-01 12:57:16.019935,1.6883838176727295,0.7442840000492705,35.53694330161496,0.9303550000615883,3.349278000221718,1.808461263319718
2023-12-01 12:57:17.798815,1.7768409252166748,0.7072310433657297,33.76779493790834,0.8840388042071622,3.182539695145784,1.71842998917005
2023-12-01 12:57:19.826374,1.978708267211914,0.6350795022484913,30.32281261175636,0.7938493778106143,2.8578577601182116,1.5431161745633843
2023-12-01 12:57:22.384917,2.556490898132324,0.49154763756599673,23.469670885131542,0.614434546957496,2.2119643690469855,1.194362449757859
2023-12-01 12:57:26.183246,3.7960336208343506,0.33103949726338683,15.80597170443719,0.4137993715792335,1.4896777376852408,0.8043597704505773
2023-12-01 12:57:34.886197,8.700757265090942,0.14442847020658525,6.895951486973573,0.18053558775823159,0.6499281159296337,0.3509322969079609
2023-12-01 12:57:40.289203,5.400840759277344,0.2326743404306667,11.109381423056114,0.29084292553833346,1.0470345319380006,0.5653521123784341
2023-12-01 12:57:43.274556,2.98295521736145,0.4212725199902484,20.1142811835682,0.5265906499878106,1.8957263399561182,1.0236079690723057
2023-12-01 12:57:45.627171,2.35080623626709,0.5345557800762712,25.523158427244798,0.6681947250953391,2.4055010103432206,1.2988636344293238
2023-12-01 12:57:47.850403,2.215200662612915,0.5672791104863905,27.085582364004747,0.7090988881079883,2.5527559971887577,1.3783747826598318
2023-12-01 12:57:49.803569,1.9518954753875732,0.6438034604216684,30.73935093173278,0.8047543255270856,2.8971155718975083,1.5643136481325701
2023-12-01 12:57:51.976793,2.171647310256958,0.578656145268463,27.628795760993327,0.7233201815855789,2.603952653708084,1.4060187017733117
2023-12-01 12:57:54.587189,2.6081416606903076,0.4818131930392608,23.00488539572638,0.602266491299076,2.1681593686766734,1.1707096964467958
2023-12-01 12:57:57.442539,2.8532588481903076,0.4404216821172552,21.02858632614257,0.550527102646569,1.9818975695276484,1.0701366032085067
2023-12-01 12:58:00.366858,2.922201633453369,0.43003092156610073,20.53246405488242,0.537538651957626,1.9351391470474535,1.0448891332213117
2023-12-01 12:58:04.148278,3.7793753147125244,0.33249861598662167,15.875639491645423,0.4156232699832772,1.4962437719397979,0.8079051371242936
2023-12-01 12:58:09.479119,5.3287353515625,0.23582275690749854,11.25970723661604,0.2947784461343732,1.0612024060837435,0.57300213473384
2023-12-01 12:58:22.247482,12.760640621185303,0.0984775842170212,4.701958293566202,0.12309698027127651,0.4431491289765954,0.23928083413051812
2023-12-01 12:58:24.848721,2.5991039276123047,0.4834885777693163,23.084879124137085,0.6043607222116455,2.175698599961924,1.174780546263885
2023-12-01 12:58:27.543446,2.6873574256896973,0.46761069049585297,22.32676585050881,0.5845133631198163,2.1042481072313386,1.1362004557668237
2023-12-01 12:58:32.278276,4.732678174972534,0.2655234552142794,12.677811121257617,0.3319043190178493,1.1948555484642573,0.6451688914796562
2023-12-01 12:58:37.063314,4.782905578613281,0.26273507615432723,12.544675828076024,0.32841884519290915,1.1823078426944729,0.6383936880397845
2023-12-01 12:58:41.799459,4.734076023101807,0.2654450531220151,12.674067697097836,0.33180631640251895,1.1945027390490683,0.6449783900758724
2023-12-01 12:58:44.836527,3.0349791049957275,0.4140513057791501,19.769493602521678,0.5175641322239377,1.8632308760061758,1.0060618627821791
2023-12-01 12:58:47.721998,2.8835864067077637,0.4357896328380323,20.8074222643125,0.5447370410475404,1.9610533477711454,1.058881649869851
2023-12-01 12:58:50.203757,2.480452060699463,0.5066161452366703,24.189139129373295,0.6332701815458379,2.2797726535650167,1.2309759096960615
2023-12-01 12:58:52.437254,2.2319998741149902,0.5630094678809899,26.88172194623917,0.7037618348512376,2.533542605464455,1.3680004050572296
2023-12-01 12:58:54.498529,2.059056520462036,0.6102975071096823,29.139559503950125,0.7628718838871029,2.7463387819935705,1.4829008827751062
2023-12-01 12:58:56.613847,2.113232135772705,0.5946516902538144,28.392526776553563,0.7433146128172681,2.6759326061421653,1.4448846769787185
2023-12-01 12:58:58.866702,2.2506089210510254,0.5583542523456598,26.659451777157376,0.6979428154320748,2.5125941355554695,1.3566891623494843
2023-12-01 12:59:01.279826,2.4111008644104004,0.5211880929515612,24.884898382163755,0.6514851161894516,2.3453464182820256,1.2663828282537035
2023-12-01 12:59:04.294398,3.012282371520996,0.41717107045359814,19.918451393288244,0.5214638380669977,1.8772698170411917,1.0136422669881529
2023-12-01 12:59:10.555630,6.259142875671387,0.2007682339894061,9.585977056573277,0.25096029248675766,0.9034570529523276,0.487826654947459
2023-12-01 12:59:18.253503,7.695780992507935,0.16328908822370203,7.796479663131232,0.20411136027962756,0.7348008970066593,0.39675982656595127
2023-12-01 12:59:23.260535,5.004792213439941,0.2510867600179935,11.988509700537643,0.3138584500224919,1.129890420080971,0.6100906094917207
2023-12-01 12:59:27.109569,3.846989154815674,0.32665469302476585,15.596612723717143,0.4083183662809573,1.4699461186114464,0.7937055731115761
2023-12-01 12:59:30.142440,3.030491352081299,0.4146644604588218,19.79876958196658,0.5183305755735274,1.8659900720646985,1.0075517060228454
2023-12-01 12:59:32.235915,2.0913925170898438,0.6008614122730619,28.68901916293051,0.7510767653413274,2.7038763552287786,1.4599730595410858
2023-12-01 12:59:34.425245,2.187270164489746,0.5745230204468453,27.43145358726045,0.7181537755585569,2.585353592010805,1.3959760350817452
2023-12-01 12:59:36.740635,2.31313419342041,0.5432616339382107,25.938832330033804,0.6790770424227636,2.444677352721949,1.3200171181430647
2023-12-01 12:59:38.948557,2.205519676208496,0.5697691455630988,27.204472781283847,0.7122114319538736,2.563961155033945,1.3844250698892178
2023-12-01 12:59:41.130613,2.179966926574707,0.5764477644669682,27.523353344757183,0.7205597055837103,2.5940149401013572,1.4006527781018394
2023-12-01 12:59:44.019771,2.8871312141418457,0.4352545721789901,20.781874999690327,0.5440682152237377,1.9586455748054559,1.0575815594805102
2023-12-01 13:00:07.612322,23.59048891067505,0.05326880109158188,2.543397901891262,0.06658600136447736,0.23970960491211848,0.12943253289232567
2023-12-01 13:01:04.920429,57.3059778213501,0.021928551072864524,1.0470111894268421,0.027410688841080656,0.09867847982789037,0.05328199339684622
2023-12-01 13:01:08.827008,3.9044620990753174,0.3218463976724279,15.367033531766035,0.40230799709053494,1.448308789525926,0.7820223770644654
2023-12-01 13:01:11.870798,3.041727304458618,0.4131327156099484,19.725634152690457,0.5164158945124356,1.8590972202447684,1.0038298723890529
2023-12-01 13:01:15.240941,3.3680531978607178,0.37310487323480934,17.814445460098472,0.46638109154351176,1.6789719295566423,0.9065702209859399
2023-12-01 13:01:18.579968,3.336822748184204,0.3765968875990612,17.98117686432405,0.47074610949882656,1.6946859941957757,0.915055117488199
2023-12-01 13:01:21.126328,2.5441746711730957,0.4939271959878814,23.583286430697207,0.6174089949848517,2.222672381945466,1.2001443008113541
2023-12-01 13:01:23.450631,2.322206974029541,0.5411391299266383,25.83749022848156,0.6764239124082979,2.4351260846698723,1.3148598578957458
2023-12-01 13:01:25.671119,2.218458890914917,0.566445953351728,27.0458020410986,0.70805744168966,2.549006790082776,1.3763503774540287
2023-12-01 13:01:27.542233,1.8689913749694824,0.6723610810972501,32.10287687977142,0.8404513513715628,3.025624864937626,1.6337029548500985
2023-12-01 13:01:29.421310,1.8769862651824951,0.669497206637118,31.966136946754023,0.8368715082963976,3.0127374298670313,1.6267443126868695
2023-12-01 13:01:31.663285,2.2397279739379883,0.5610668242118897,26.788967543458128,0.7013335302648622,2.5248007089535043,1.3632801694700498
2023-12-01 13:01:34.631207,2.9658634662628174,0.4237002396537702,20.230196259035463,0.5296252995672128,1.9066510784419661,1.029506842310731
2023-12-01 13:01:38.545034,3.9116783142089844,0.32125265947131776,15.338684620883285,0.4015658243391473,1.4456369676209302,0.780579711983408
2023-12-01 13:01:43.004972,4.457713842391968,0.2819016890419367,13.459814183093583,0.3523771113024209,1.2685576006887151,0.6849647240340978
2023-12-01 13:01:53.983020,10.97579836845398,0.11449163142862322,5.466572725356236,0.14311453928577905,0.5152123414288046,0.27819176604526874
2023-12-01 13:02:02.737690,8.752582311630249,0.14357329262315238,6.855119765086156,0.17946661577894052,0.6460798168041859,0.34885438641573574
2023-12-01 13:02:10.533687,7.793808937072754,0.1612352922148862,7.6984181270595995,0.2015441152686078,0.725558814966988,0.3917695130237306
2023-12-01 13:02:15.105085,4.569218397140503,0.27502232377912655,13.131348687020312,0.3437779047239083,1.23760045700607,0.6682492423185219
2023-12-01 13:02:19.938418,4.831061124801636,0.260116158535981,12.419631722722947,0.32514519816997633,1.170522713411915,0.6320302420107268
2023-12-01 13:02:24.083039,4.142506122589111,0.30335188995460205,14.483985834763075,0.3791898624432526,1.3650835047957093,0.7370844222116921
2023-12-01 13:02:27.958932,3.8738021850585938,0.3243937096950421,15.488658721764974,0.4054921371188027,1.4597716936276899,0.7882118358170135
2023-12-01 13:02:31.178161,3.216998338699341,0.39062409399439924,18.650926635000534,0.48828011749299904,1.7578084229747966,0.9491384235875913
2023-12-01 13:02:33.387068,2.206798553466797,0.5694389546620773,27.188707327065387,0.7117986933275967,2.562475295979348,1.3836227720379155
2023-12-01 13:02:35.343756,1.954681396484375,0.642885875772933,30.695539491967338,0.8036073447161665,2.8929864409781993,1.562084100953073
2023-12-01 13:02:37.372662,2.026846408843994,0.6199961950509296,29.602637742156706,0.7749952438136621,2.7899828777291837,1.506466754734749
2023-12-01 13:02:39.747019,2.372123956680298,0.52975185293206,25.293787801868433,0.662189816165075,2.38388333819427,1.2871910522543193
2023-12-01 13:02:42.550677,2.8013079166412354,0.44858940852979257,21.418566535855838,0.5607367606622409,2.0186523383840673,1.0899825448456903
2023-12-01 13:02:46.432220,3.8750619888305664,0.3242882475320481,15.483623274400074,0.4053603094150601,1.4592971138942166,0.7879555838533705
2023-12-01 13:02:53.723090,7.289355278015137,0.1723934440712423,8.231180634172322,0.21549180508905286,0.7757704983205903,0.4188815904043045
2023-12-01 13:03:00.632074,6.906909465789795,0.18193912453320724,8.686953303381557,0.22742390566650908,0.8187260603994327,0.442075684790787
2023-12-01 13:03:03.435810,2.8016748428344727,0.44853065824175703,21.41576141623116,0.5606633228021963,2.018387962087907,1.0898397933958213
2023-12-01 13:03:06.503115,3.0652310848236084,0.40996486942133165,19.574380638728503,0.5124560867766647,1.8448419123959927,0.9961326397199518
2023-12-01 13:03:09.463240,2.958038806915283,0.42482101941940703,20.28370955098101,0.5310262742742589,1.911694587387332,1.0322301129852753
2023-12-01 13:03:12.678178,3.212801218032837,0.39113439523822835,18.67529172462694,0.4889179940477855,1.7601047785720279,0.9503783535498475
2023-12-01 13:03:17.488086,4.80779504776001,0.261374923213791,12.479733308921826,0.32671865401723876,1.1761871544620597,0.6350887884248694
2023-12-01 13:03:21.875136,4.384989023208618,0.286577014169217,13.683044514464106,0.3582212677115213,1.2895965637614768,0.6963248290283636
2023-12-01 13:03:27.247274,5.36995267868042,0.23401268812385803,11.173282818340224,0.2925158601548226,1.0530570965573613,0.5686040296033504
2023-12-01 13:03:32.640240,5.390865802764893,0.23310486801422645,11.129937600974396,0.2913810850177831,1.0489719060640192,0.5663982083009675
2023-12-01 13:03:36.049370,3.4019343852996826,0.36938897671455756,17.63702447033366,0.4617362208931971,1.6622503952155097,0.8975413356210322
2023-12-01 13:03:38.501367,2.4497838020324707,0.5129583518322492,24.491957188312217,0.6411979397903116,2.308312583245122,1.2463862032819992
2023-12-01 13:03:41.076722,2.5730745792388916,0.4883795718846311,23.3184068911628,0.6104744648557889,2.19770807348084,1.1866646837652768
2023-12-01 13:03:44.500757,3.421815872192383,0.36724274723490036,17.53454956112456,0.45905343404362553,1.652592362557052,0.892326427231361
2023-12-01 13:03:48.208639,3.7058539390563965,0.3390951403108695,16.19060032767441,0.4238689253885869,1.5259281313989128,0.8239333719273507
2023-12-01 13:03:51.820242,3.610106945037842,0.34808859697721356,16.620006252853837,0.435110746221517,1.5663986863974613,0.8457856729352337
2023-12-01 13:03:55.183731,3.361422538757324,0.37384085069545586,17.84958579535831,0.46730106336932,1.682283828129552,0.9083584990198189
2023-12-01 13:03:59.120833,3.935054302215576,0.3193442745449245,15.247565952576018,0.3991803431811557,1.4370492354521605,0.7759427182892576
2023-12-01 13:04:03.345299,4.222084283828735,0.2976342907812239,14.210990583444696,0.3720428634765299,1.3393543085155075,0.7231917997402179
2023-12-01 13:04:07.356259,4.008752346038818,0.3134733585320236,14.967250361396857,0.3918416981650296,1.4106301133941066,0.7616775665611112
2023-12-01 13:04:10.385274,3.026979446411133,0.41514555472975523,19.821740141360255,0.5189319434121941,1.8681549962838986,1.0087206688823593
2023-12-01 13:04:13.473760,3.0862531661987305,0.4071723846892603,19.441049314143164,0.5089654808615756,1.832275731101672,0.989347460317965
2023-12-01 13:04:18.248770,4.77287745475769,0.2632870995217526,12.571033002364416,0.3291088744021908,1.1847919478478868,0.6397349944179546
2023-12-01 13:04:25.734890,7.483879566192627,0.16791251787543432,8.017232168064483,0.20989064734429294,0.7556063304394546,0.4079938359337304
2023-12-01 13:04:29.952607,4.215634107589722,0.29808968932419905,14.232734262202099,0.3726121116552488,1.3414036019588957,0.7242983271199389
2023-12-01 13:04:33.200054,3.245271682739258,0.3872209122335235,18.48843667515547,0.4840261402919044,1.7424941050508558,0.9408693725450155
2023-12-01 13:04:37.587375,4.385251760482788,0.28655984423972264,13.682224710718636,0.3581998052996534,1.2895192990787523,0.6962831095336782
2023-12-01 13:04:43.650527,6.060909986495972,0.20733471776280643,9.899503561954091,0.25916839720350804,0.9330062299326289,0.503781897220067
2023-12-01 13:04:47.761291,4.108693361282349,0.3058483442151334,14.603182745492992,0.3823104302689168,1.3763175489681005,0.7431503067739312
2023-12-01 13:04:57.640153,9.876701354980469,0.12723246519975415,6.074902727492528,0.15904058149969272,0.5725460933988938,0.3091494439423627
2023-12-01 13:05:19.744857,22.10261559486389,0.056854676589857045,2.7146108451500437,0.07106834573732132,0.2558460446543568,0.13814549317803468
2023-12-01 13:05:23.007750,3.260578155517578,0.385403140639161,18.40164447475902,0.48175392579895127,1.7343141328762246,0.9364525511250334
2023-12-01 13:05:25.890992,2.880136728286743,0.43631159906197614,20.832344315712803,0.5453894988274703,1.9634021957788932,1.06014992340079
2023-12-01 13:05:28.198347,2.3051223754882812,0.5451498257960082,26.028986850336107,0.6814372822450104,2.453174216082038,1.324605046719141
2023-12-01 13:05:30.666095,2.465623140335083,0.5096630709205373,24.33461911451962,0.6370788386506717,2.293483819142418,1.2383793297227217
2023-12-01 13:05:33.704989,3.03706955909729,0.4137663089315044,19.755886005401152,0.5172078861643806,1.8619483901917704,1.0053693774417696
2023-12-01 13:05:37.031911,3.3256256580352783,0.3778648563164853,18.04171791104323,0.4723310703956067,1.700391853424184,0.9181360278777961
2023-12-01 13:05:40.323887,3.290677070617676,0.38187796446402456,18.2333297106962,0.47734745558003083,1.718450840088111,0.9278870780546872
2023-12-01 13:05:44.188093,3.8628218173980713,0.3253158237265952,15.532686423629796,0.4066447796582441,1.4639212067696787,0.7904523884908812
2023-12-01 13:05:51.402711,7.213136196136475,0.1742150747283826,8.318157091243808,0.21776884341047825,0.7839678362777217,0.42330778857502405
2023-12-01 13:05:58.124879,6.720712423324585,0.18697973998629852,8.927624963057019,0.2337246749828732,0.8414088299383435,0.4543233722187082
2023-12-01 13:06:01.480354,3.3539724349975586,0.3746712549940297,17.889234680023144,0.4683390687425373,1.6860206474731343,0.9103762153844936
2023-12-01 13:06:04.385101,2.90344500541687,0.43280897660932,20.665106412575337,0.5410112207616501,1.9476403947419403,1.0516392513653259
2023-12-01 13:06:07.958852,3.5721328258514404,0.35178900749201275,16.796687840323692,0.4397362593650161,1.583050533714058,0.8547769304040929
2023-12-01 13:06:11.368367,3.407477855682373,0.3687880346281124,17.608331599262748,0.46098504328514056,1.659546155826506,0.8960811665393876
2023-12-01 13:06:14.461546,3.0911142826080322,0.4065320614337392,19.4104761307553,0.508165076792174,1.8293942764518265,0.9877916028716996
2023-12-01 13:06:17.153439,2.6896772384643555,0.46720738215912544,22.3075092958947,0.5840092276989068,2.102433219716065,1.135220497170243
2023-12-01 13:06:19.936440,2.765482187271118,0.45440070712439595,21.696035604990072,0.568000883905495,2.044803182059782,1.1041028381708573
2023-12-01 13:06:23.414777,3.476501226425171,0.3614660198834725,17.25873114726239,0.4518325248543406,1.6265970894756263,0.8782901351128615
2023-12-01 13:06:29.798256,6.3818254470825195,0.19690871708351007,9.40169869851725,0.24613589635438762,0.8860892268757955,0.47844880076951285
2023-12-01 13:06:34.919326,5.118967056274414,0.24548645217312612,11.721114697633553,0.3068580652164077,1.1046890347790677,0.5964829814902619
2023-12-01 13:06:40.525429,5.6040050983428955,0.22423910031907443,10.706628375078031,0.2802988753988431,1.0090759514358352,0.5448561659552871
2023-12-01 13:06:54.996576,14.468892812728882,0.08685094828613298,4.146827319586992,0.10856368535766624,0.3908292672875985,0.21103043414564593
2023-12-01 13:07:05.569101,10.570312976837158,0.11888361907443988,5.676274688505313,0.14860452384304987,0.5349762858349796,0.28886341762707407
2023-12-01 13:07:21.259901,15.688510656356812,0.08009919417855904,3.8244548073585722,0.10012399272319883,0.3604463738035158,0.19462502201506282
2023-12-01 13:07:30.685868,9.423908948898315,0.13334562847010764,6.3667847732139,0.16668203558763456,0.6000553281154845,0.32400320805666755
2023-12-01 13:07:49.872864,19.18494176864624,0.0655012184342215,3.1274528077044987,0.08187652304277689,0.2947554829539968,0.15915486055147143
2023-12-01 13:07:55.540336,5.665857553482056,0.22179114980813947,10.589747347800142,0.27723893726017435,0.9980601741366276,0.5389081358038174
2023-12-01 13:08:00.833545,5.291104793548584,0.23749993819213863,11.339786744189546,0.29687492274017335,1.068749721864624,0.5770773498192586
2023-12-01 13:08:22.060490,21.219765663146973,0.05922011964620128,2.8275524316559193,0.07402514955775161,0.2664905384079058,0.14389304671633987
2023-12-01 13:08:42.991628,20.928837299346924,0.06004332889888393,2.8668577781849485,0.07505416112360494,0.2701949800449778,0.14589328055850823
2023-12-01 13:08:52.535612,9.54188871383667,0.13169688927661363,6.288063275459725,0.16462111159576706,0.5926360017447614,0.3199971015643158
2023-12-01 13:08:58.960415,6.422713756561279,0.1956551559147672,9.341845561575205,0.24456894489345904,0.8804482016164525,0.4754028978417014
2023-12-01 13:09:13.990186,15.027594566345215,0.08362196996252459,3.992654961185335,0.10452746245315575,0.3762988648313607,0.20318466261494228
2023-12-01 13:09:25.317263,11.32494068145752,0.11096191112889679,5.2980409953262555,0.13870238891112102,0.4993286000800357,0.2696152516609935
2023-12-01 13:09:33.510018,8.190458536148071,0.15342694867324327,7.325597185455954,0.1917836858415541,0.6904212690295948,0.37279679988624653
2023-12-01 13:09:41.249594,7.737488508224487,0.16240890827820773,7.754454166390501,0.20301113534775972,0.7308400872519351,0.39462116533438923
2023-12-01 13:09:46.466722,5.2151525020599365,0.24095883311936847,11.504936811780778,0.30119854139921065,1.0843147490371583,0.5854817727134416
2023-12-01 13:09:56.330891,9.858178615570068,0.12747152495808678,6.086316990162425,0.15933940619760847,0.5736218623113906,0.30973031134315926
2023-12-01 13:10:07.309525,10.976572751998901,0.11448355418653568,5.4661870654548,0.1431044427331696,0.5151759938394106,0.2781721399624444
2023-12-01 13:10:12.505479,5.19373631477356,0.24195241831230802,11.55237701023255,0.30244052289038503,1.0887858824053862,0.5878959860152461
2023-12-01 13:10:19.488410,6.976059675216675,0.1801356524945275,8.600843856476388,0.22516956561815943,0.810610436225374,0.43769360843120303
2023-12-01 13:10:40.958088,21.46749472618103,0.058536735537350115,2.7949232439696856,0.07317091942168766,0.2634153099180756,0.14223256000865334
2023-12-01 13:11:29.008329,48.04815196990967,0.026153702273979045,1.2487472991172526,0.032692127842473814,0.11769166023290574,0.0635482657853143
2023-12-01 13:12:23.481716,54.471266984939575,0.023069723378811014,1.1014981534501305,0.028837154223513777,0.1038137552046496,0.056054813865835024
2023-12-01 13:12:28.334761,4.850860834121704,0.25905444505777986,12.368938638262046,0.3238180563222249,1.1657450027600096,0.6294504906013936
2023-12-01 13:12:31.654087,3.317183494567871,0.3788265145698909,18.087633710421613,0.4735331432123636,1.704719315564509,0.9204726651019209
2023-12-01 13:12:35.781095,4.124938488006592,0.30464383046914156,14.54567145048397,0.380804788086427,1.3708972371111372,0.7402235792739202
2023-12-01 13:12:40.852102,5.068712472915649,0.24792036797326328,11.837325616831942,0.30990045996657917,1.1156416558796851,0.6023969101014353
2023-12-01 13:12:45.043834,4.184611082077026,0.3002996065316988,14.338250036421325,0.37537450816462353,1.3513482293926447,0.7296679839507219
2023-12-01 13:12:48.874562,3.828857183456421,0.32820160199903675,15.670472186647675,0.410252002498796,1.4769072089956656,0.7974642525372596
2023-12-01 13:12:51.844637,2.9684865474700928,0.4233258400671859,20.212319995566528,0.5291573000839824,1.9049662803023368,1.0285971261952485
2023-12-01 13:12:55.148737,3.3018057346343994,0.38059085313662805,18.171874671676782,0.4757385664207852,1.7126588391148267,0.9247596549513791
2023-12-01 13:12:59.279804,4.12881326675415,0.30435793053528365,14.532020734173031,0.3804474131691046,1.3696106874087766,0.7395288996146322
2023-12-01 13:13:03.786248,4.498870134353638,0.2793228130414707,13.336681924165017,0.3491535163018384,1.2569526586866182,0.6786985711281656
2023-12-01 13:13:10.758040,6.969544172286987,0.18030405294404847,8.608884385664435,0.2253800661800606,0.8113682382482181,0.43810278784344897
2023-12-01 13:13:18.770435,8.010241746902466,0.1568787935672297,7.490410638755291,0.1960984919590371,0.7059545710525337,0.3811840926096547
2023-12-01 13:13:24.950994,6.178466796875,0.20338978953022946,9.711147113446872,0.2542372369127868,0.9152540528860326,0.49419651060055153
2023-12-01 13:13:27.977882,3.024810314178467,0.4154432612007334,19.835954578294242,0.5193040765009169,1.869494675403301,1.0094440360655423
2023-12-01 13:13:30.409735,2.429738759994507,0.517190194323096,24.69401278355359,0.64648774290387,2.327355874453932,1.2566687341662588
2023-12-01 13:13:33.282846,2.870913505554199,0.43771331285487014,20.899271219394553,0.5471416410685878,1.969709907846916,1.0635558075747635
2023-12-01 13:13:36.190799,2.905877113342285,0.43244673206106676,20.647810509436557,0.5405584150763335,1.9460102942748008,1.0507590695619802
2023-12-01 13:13:39.499182,3.3006932735443115,0.38071912695072385,18.17799929515156,0.4758989086884049,1.7132360712782577,0.925071334664869
2023-12-01 13:13:42.738028,3.236651659011841,0.3882521796675433,18.537676068087652,0.48531522458442916,1.747134808503945,0.9433751461561968
2023-12-01 13:13:45.720353,2.980431318283081,0.42162926343151585,20.131314428196198,0.5270365792893948,1.8973316854418214,1.0244747842858972
2023-12-01 13:13:48.517085,2.795450210571289,0.44952940198462915,21.46344791729922,0.5619117524807865,2.0228823089308317,1.092266540942252
2023-12-01 13:13:51.527194,3.008460521697998,0.41770103093347616,19.943755142293025,0.5221262886668453,1.879654639200643,1.0149299649621606
2023-12-01 13:13:54.118354,2.589036703109741,0.4853685774043089,23.174642494613096,0.6067107217553862,2.1841585983193905,1.1793485693769898
2023-12-01 13:13:56.780041,2.6543374061584473,0.4734277784430635,22.604511340868463,0.5917847230538295,2.130425002993786,1.150334816060956
2023-12-01 13:14:00.071844,3.289745330810547,0.3819861220462009,18.23849385484707,0.4774826525577513,1.7189375492079046,0.9281498793478593
2023-12-01 13:14:03.104642,3.0307457447052,0.41462965464235924,19.797107726645073,0.5182870683029492,1.8658334458906174,1.0074671348500048
2023-12-01 13:14:05.818704,2.7117977142333984,0.46339631265275166,22.12554413077285,0.5792453908159397,2.085283406937383,1.1259603604836563
2023-12-01 13:14:08.190098,2.3641090393066406,0.531547843412701,25.37954003069044,0.6644348042658764,2.391965295357155,1.2915549499241812
2023-12-01 13:14:11.457214,3.2650678157806396,0.38487318865549197,18.37634113141834,0.4810914858193651,1.7319293489497145,0.9351648737951147
2023-12-01 13:14:16.921864,5.462350606918335,0.23005426635271725,10.984282100824334,0.2875678329408966,1.0352441985872278,0.5589858563838325
2023-12-01 13:14:25.685782,8.757468700408936,0.1434931832959035,6.851294826460329,0.1793664791198794,0.6457193248315659,0.3486597367723864
2023-12-01 13:16:21.607019,115.91898918151855,0.010840648890305095,0.5176028571647177,0.013550811112881369,0.04878292000637293,0.02634060867366332
2023-12-01 13:16:26.603904,4.994743585586548,0.25159190655196495,12.012628670897831,0.31448988318995624,1.1321635794838425,0.6113180145399646
2023-12-01 13:16:30.253649,3.647716522216797,0.34449964896730284,16.4486466079707,0.4306245612091286,1.550248420352863,0.8370652470607526
2023-12-01 13:16:34.403098,4.1472532749176025,0.30300465829661294,14.467406744332989,0.37875582287076626,1.3635209623347586,0.7362407187291102
2023-12-01 13:16:46.199424,11.794356346130371,0.10654562441198492,5.087178836993974,0.13318203051498118,0.47945530985393225,0.258884558196241
2023-12-01 13:16:53.209148,7.008153915405273,0.17931071100958365,8.561455801949274,0.22413838876197958,0.8068981995431265,0.4356891656110864
2023-12-01 13:16:58.004867,4.793451309204102,0.2621570514386987,12.517077180859552,0.3276963142983734,1.1797067314741443,0.6369892035857502
2023-12-01 13:17:05.176519,7.169476270675659,0.17527599143828265,8.368812132820622,0.21909498929785332,0.7887419614722719,0.4258856039967392
2023-12-01 13:17:10.456238,5.277408838272095,0.23811629910548293,11.36921581001576,0.29764537388185375,1.0715233459746736,0.5785749835665026
2023-12-01 13:17:15.969554,5.5112481117248535,0.2280131534565639,10.886826138774909,0.2850164418207049,1.0260591905545378,0.5540263602687591
2023-12-01 13:17:24.961251,8.983567714691162,0.13988173756189226,6.67886099437752,0.17485217195236533,0.6294678190285152,0.3398846459278858
2023-12-01 13:17:45.674265,20.71097421646118,0.060674937272488905,2.8970148566121874,0.07584367159061114,0.27303721772620015,0.14742796258469357
2023-12-01 13:17:52.495069,6.819200754165649,0.18427922959567872,8.798685089795569,0.23034903699459844,0.8292565331805544,0.44776167207158024
2023-12-01 13:18:01.183300,8.686115503311157,0.14467192624331163,6.907575656474742,0.18083990780413953,0.6510236680949023,0.3515238463859986
2023-12-01 13:18:04.056346,2.8709166049957275,0.43771284029958346,20.899248656541623,0.5471410503744794,1.9697077813481256,1.0635546593599279
2023-12-01 13:18:07.308649,3.250229835510254,0.3866302154101781,18.46023297936424,0.48328776926272266,1.7398359693458016,0.9394340974036508
2023-12-01 13:18:10.994499,3.6835858821868896,0.3411450422569951,16.288475935948288,0.42643130282124403,1.5351526901564785,0.828914223676047
2023-12-01 13:18:13.865508,2.868964195251465,0.43801071603327313,20.913471175174774,0.5475133950415915,1.9710482221497294,1.064278437817647
2023-12-01 13:18:16.554632,2.686748504638672,0.46771666915095816,22.331825958555477,0.5846458364386978,2.1047250111793123,1.1364579627029985
2023-12-01 13:18:19.699880,3.1050195693969727,0.40471147873633834,19.32354971007562,0.505889348420423,1.8212016543135228,0.983367951033555
2023-12-01 13:18:22.761004,3.0590574741363525,0.4107922365174577,19.61388450765852,0.5134902956468222,1.84856506432856,0.9981429762901189
2023-12-01 13:18:25.717542,2.954312324523926,0.4253568761178352,20.30929482368413,0.5316960951472941,1.914105942530259,1.0335321375911162
2023-12-01 13:18:28.708788,2.9892044067382812,0.42039181348829774,20.072230545608612,0.5254897668603723,1.8917631606973404,1.0214680284138662
2023-12-01 13:18:31.954966,3.2438929080963135,0.3873854954642685,18.4962949455724,0.48423186933033574,1.7432347295892088,0.9412692768790798
2023-12-01 13:18:35.279741,3.3226308822631836,0.378205435982696,18.057979392261434,0.47275679497837003,1.701924461922132,0.9189635683507548
2023-12-01 13:18:38.522482,3.2404086589813232,0.3878020316829304,18.516183085025457,0.4847525396036631,1.7451091425731873,0.9422813765831844
2023-12-01 13:18:42.057350,3.5327446460723877,0.3557112634316814,16.983961766584635,0.44463907928960184,1.6007006854425667,0.8643072278862997
2023-12-01 13:18:45.824057,3.7646238803863525,0.33380149023199424,15.93784715455887,0.4172518627899929,1.5021067060439743,0.8110708609656998
2023-12-01 13:18:49.860492,4.035152196884155,0.3114224693696216,14.869327617017895,0.38927808671202707,1.4014011121632974,0.7566943160743067
2023-12-01 13:18:54.472988,4.610940933227539,0.27253375821414044,13.012528433757566,0.34066719776767557,1.226401911963632,0.6622025257087185
2023-12-01 13:18:59.285371,4.809993028640747,0.26125548497749684,12.474030553211708,0.3265693562218711,1.1756496823987361,0.6347985773983219
2023-12-01 13:19:05.127951,5.840266227722168,0.21516777017304456,10.273504265130276,0.2689597127163057,0.9682549657787005,0.5228146479664637
2023-12-01 13:19:10.829660,5.693118333816528,0.2207291308124801,10.539039675955138,0.27591141351560017,0.9932810886561606,0.5363276420481642
2023-12-01 13:19:14.190137,3.3523144721984863,0.37485655712120597,17.898082204874804,0.4685706964015075,1.686854507045427,0.9108264624931064
2023-12-01 13:19:17.180840,2.9886484146118164,0.42047002092721464,20.075964675755667,0.5255875261590184,1.8921150941724663,1.0216580568489464
2023-12-01 13:19:21.055376,3.872281312942505,0.32452111814185636,15.494742026995617,0.40565139767732045,1.4603450316383537,0.7885214128610826
2023-12-01 13:19:28.816014,7.758592367172241,0.16196714583858482,7.733361563609003,0.20245893229823103,0.7288521562736318,0.3935477709585934
2023-12-01 13:19:50.962189,22.14391851425171,0.056748631035069615,2.709547542878841,0.07093578879383702,0.2553688396578133,0.13788782368901217
2023-12-01 13:20:05.937904,14.973566770553589,0.08392369571605136,4.007061304724909,0.10490461964506421,0.37765663072223116,0.20391779585086162
2023-12-01 13:20:12.371615,6.431497097015381,0.19538795438764575,9.32908762842228,0.24423494298455722,0.879245794744406,0.4747536515711017
2023-12-01 13:20:18.182114,5.808351516723633,0.2163500362913227,10.329953314162488,0.27043754536415343,0.9735751633109524,0.5256873181806561
2023-12-01 13:21:03.876769,45.692553758621216,0.027502009803923824,1.3131242415768734,0.03437751225490479,0.12375904411765724,0.06682438342157412
2023-12-01 13:21:16.376447,12.49739956855774,0.10055188317716077,4.80099877345318,0.125689853971451,0.4524834742972236,0.2443209657438653
2023-12-01 13:21:22.881828,6.503307342529297,0.19323045878794037,9.226074801604643,0.2415380734849255,0.8695370645457319,0.4695113687629376
2023-12-01 13:21:30.043077,7.1590447425842285,0.17553138814191904,8.381006427170556,0.21941423517739886,0.7898912466386359,0.426506166907235
2023-12-01 13:21:33.206809,3.1616387367248535,0.3974638363450941,18.977500276376958,0.49682979543136774,1.7885872635529239,0.9657576295513098
2023-12-01 13:21:36.690266,3.481287956237793,0.3609690083764163,17.23500059582593,0.4512112604705205,1.624360537693874,0.8770824965530166
2023-12-01 13:21:40.973493,4.281089782714844,0.29353205029935714,14.015123028312463,0.36691506287419645,1.3208942263471073,0.7132241758173781
2023-12-01 13:21:47.309251,6.33366060256958,0.19840612566547958,9.473194691811852,0.2480076570818495,0.8928275654946581,0.4820872041419823
2023-12-01 13:23:09.100397,81.78949642181396,0.015364284124639279,0.7335905296514026,0.0192053551557991,0.06913927856087676,0.03733213756604852
2023-12-01 13:23:31.993939,22.891399383544922,0.05489559814063742,2.6210717394206116,0.06861949767579678,0.2470301916328684,0.1333853243621208
2023-12-01 13:23:43.368660,11.372529029846191,0.1104975910053063,5.275871342472315,0.13812198875663287,0.4972391595238783,0.26848704662469325
2023-12-01 13:24:13.806411,30.435351371765137,0.04128873184627331,1.9713917301990467,0.05161091480784165,0.18579929330822995,0.10032336064007491
2023-12-01 13:24:16.519987,2.7114980220794678,0.46344753018561785,22.127989587831436,0.5793094127320224,2.085513885835281,1.1260848088450144
2023-12-01 13:24:18.948857,2.4267168045043945,0.517834243824161,24.724763882060696,0.6472928047802012,2.3302540972087247,1.2582336456439465
2023-12-01 13:24:21.456234,2.5051088333129883,0.5016297275092929,23.951055220483347,0.6270371593866163,2.2573337737918187,1.2188599119020802
2023-12-01 13:24:24.323903,2.865605115890503,0.438524154799818,20.93798607047596,0.5481551934997726,1.9733586965991814,1.065525991332598
2023-12-01 13:24:28.301289,3.9753196239471436,0.31610969187634447,15.093126006412854,0.3951371148454307,1.4224936134435504,0.768083329321142
2023-12-01 13:25:02.418127,34.114516496658325,0.03683584557204587,1.7587820717282414,0.04604480696505734,0.16576130507420642,0.08950373757095706
2023-12-01 13:25:11.359425,8.939171314239502,0.14057646030725227,6.712031562078245,0.17572057538406533,0.6325940713826352,0.3415726832545615
2023-12-01 13:25:16.830146,5.4685890674591064,0.2297918248993234,10.971751444450378,0.28723978112415427,1.0340632120469555,0.558348176140376
2023-12-01 13:25:20.936124,4.099091291427612,0.3065647901191929,14.637390517619695,0.38320598764899116,1.3795415555363681,0.744891127031615
2023-12-01 13:25:24.374983,3.4367265701293945,0.3656494154519265,17.458473572350847,0.45706176931490816,1.6454223695336694,0.8884549496650911
2023-12-01 13:25:27.804074,3.4270241260528564,0.366684626432226,17.50790125574815,0.45835578304028257,1.6500808189450173,0.8909703053050229
2023-12-01 13:25:31.222458,3.4162991046905518,0.36783578455134813,17.562865007229746,0.45979473068918525,1.6552610304810669,0.8937673893028658
2023-12-01 13:25:34.883224,3.6586766242980957,0.34346764977541533,16.39937227617398,0.42933456221926924,1.5456044239893694,0.8345576954243044
2023-12-01 13:25:38.899297,4.013922929763794,0.3130695540060771,14.947970115492677,0.39133694250759643,1.4088129930273472,0.7606964023239663
2023-12-01 13:25:43.544446,4.643035173416138,0.27064991207278316,12.922581406131085,0.338312390090979,1.2179246043275245,0.6576251563544486
2023-12-01 13:27:54.511281,130.96473479270935,0.009595232361023899,0.45813859811168134,0.011994040451279874,0.043178545624607545,0.02331449559081587
2023-12-01 13:28:04.274289,9.760817766189575,0.12874301022080067,6.147025939551249,0.16092876277600085,0.579343545993603,0.3128197662345015
2023-12-01 13:28:21.930583,17.654088497161865,0.07118107862877988,3.398646155514957,0.08897634828597487,0.3203148538295095,0.1729557848522094
2023-12-01 13:28:30.078282,8.145508289337158,0.15427362133814443,7.366022827395896,0.19284202667268055,0.69423129602165,0.3748540451274234
2023-12-01 13:28:36.517513,6.437124252319336,0.19521715166258335,9.320932399026107,0.24402143957822925,0.8784771824816253,0.47433863510974517
2023-12-01 13:28:40.688952,4.169125556945801,0.3014150195938207,14.391507087149117,0.3767687744922759,1.3563675881721933,0.7323782146090656
2023-12-01 13:28:47.647978,6.95200514793396,0.18075893712612864,8.630603505498147,0.2259486714076608,0.8134152170675789,0.4392080654290674
2023-12-01 13:28:54.497282,6.847771406173706,0.18351036956388148,8.761974727413673,0.22938796195485192,0.8257966630374669,0.4458934959663194
2023-12-01 13:28:59.500965,5.001422166824341,0.2512559467128168,11.996587770173594,0.314069933391021,1.1306517602076758,0.6105016993228023
2023-12-01 13:29:04.076065,4.567732334136963,0.2751117993592654,13.135620831279844,0.34388974919908183,1.2380030971166947,0.6684666500831432
2023-12-01 13:29:09.195733,5.117610216140747,0.2455515383865172,11.72422233541005,0.3069394229831465,1.1049819227393276,0.5966411279715595
2023-12-01 13:29:15.362605,6.164730548858643,0.20384298250773913,9.732785484210432,0.25480372813467395,0.9172934212848263,0.4952976788973046
2023-12-01 13:29:54.738872,39.374160289764404,0.03191527266075028,1.5238420212252102,0.03989409082593785,0.14361872697337627,0.07754772951109104
2023-12-01 13:30:03.533554,8.792566776275635,0.1429203887113616,6.8239458996084945,0.17865048588920202,0.6431417492011273,0.34726796049086645
2023-12-01 13:30:06.524435,2.9886882305145264,0.42046441934145046,20.075697219736607,0.5255805241768131,1.8920898870365273,1.0216444461158565
2023-12-01 13:30:09.258819,2.7323291301727295,0.4599142349137406,21.959287165454693,0.5748927936421759,2.0696140571118335,1.1174996079934072
2023-12-01 13:30:12.228733,2.9678759574890137,0.42341293215606673,20.216478336501403,0.5292661651950835,1.9053581947023006,1.0288087425528112
2023-12-01 13:30:15.570004,3.338942050933838,0.37635785295658547,17.969763800847982,0.4704473161957319,1.6936103383046348,0.9144743111139114
2023-12-01 13:30:19.352163,3.7800633907318115,0.33243809204814295,15.872749686450137,0.41554761506017873,1.4959714142166434,0.8077580760585779
2023-12-01 13:30:24.220510,4.86630916595459,0.25823206429783246,12.329672849347256,0.3227900803722906,1.1620442893402463,0.6274522698308734
2023-12-01 13:30:31.178587,6.955917119979858,0.18065727922870303,8.625749698434264,0.22582159903587887,0.8129577565291639,0.4389610570699028
2023-12-01 13:30:37.402876,6.222173452377319,0.20196111070413686,9.642932724267864,0.2524513883801711,0.9088249981686161,0.49072510678891185
2023-12-01 13:30:42.287549,4.882625102996826,0.25736914772846814,12.288471618100187,0.32171143466058527,1.158161164778107,0.6253555551506321
2023-12-01 13:30:48.512718,6.223047494888306,0.20193274476341946,9.641578350363677,0.2524159309542744,0.9086973514353879,0.49065618322615673
2023-12-01 13:31:56.755126,68.24010038375854,0.018414935710367196,0.8792484135073206,0.023018669637958997,0.08286721069665239,0.04474461078905022
2023-12-01 13:32:19.963967,23.20672607421875,0.05414969166339943,2.5854573285396047,0.0676871145792493,0.24367361248529745,0.13157292080372796
2023-12-01 13:32:26.709614,6.7435057163238525,0.18634774170859,8.897449268080155,0.2329346771357375,0.8385648376886551,0.452787742803532
2023-12-01 13:32:32.064445,5.3524699211120605,0.23477704311411263,11.209778080833017,0.29347130389264087,1.0564966940135072,0.570461259358671
2023-12-01 13:32:36.558740,4.492180109024048,0.2797387974074194,13.356543714591922,0.3496734967592743,1.2588245883333875,0.6797093299405478
2023-12-01 13:32:40.266090,3.7050929069519043,0.3391647910037765,16.193925903294186,0.4239559887547206,1.5262415595169943,0.8241026091809761
2023-12-01 13:32:43.347708,3.0795719623565674,0.4080557547596018,19.48322712812545,0.5100696934495024,1.8362508964182085,0.9914938729148807
2023-12-01 13:32:46.001864,2.6522624492645264,0.47379815741250764,22.62219563400976,0.5922476967656347,2.132091708356285,1.1512347628809114
2023-12-01 13:32:48.776369,2.773193120956421,0.4531372344535916,21.635709228684064,0.5664215430669897,2.039117555041163,1.1010328522753372
2023-12-01 13:32:52.817415,4.032016038894653,0.3116646980849845,14.880893186240534,0.38958087260623064,1.4024911413824304,0.7572828834068954
2023-12-01 13:32:59.842981,7.023381233215332,0.17892194937289826,8.54289380110038,0.22365243671612284,0.8051487721780423,0.4347445525862682
2023-12-01 13:34:31.549596,91.70441818237305,0.013703124520531134,0.6542760009738865,0.017128905650663922,0.06166406034239012,0.03329585195998656
2023-12-01 13:34:39.969003,8.417141914367676,0.14929498328772328,7.1283103707189195,0.18661872910965413,0.6718274247947549,0.3627569503925101
2023-12-01 13:34:44.191691,4.22041130065918,0.29775227386952663,14.216623860956085,0.37219034233690834,1.33988523241287,0.7234784750481759
2023-12-01 13:34:47.457831,3.264282703399658,0.3849657568344694,18.380760936395518,0.48120719604308676,1.7323459057551123,0.9353897959563938
2023-12-01 13:34:49.616541,2.157369375228882,0.5824858162282001,27.811649080090618,0.7281072702852502,2.621186173026901,1.415324036271281
2023-12-01 13:34:52.021413,2.4033656120300293,0.5228655412001526,24.964990636327006,0.6535819265001909,2.352894935400687,1.270458692008131
2023-12-01 13:34:54.963673,2.9400179386138916,0.42742496395391877,20.408038744242408,0.5342812049423985,1.9234123377926347,1.038557177415232
2023-12-01 13:34:57.404245,2.4384615421295166,0.5153401190565803,24.60567819642618,0.6441751488207254,2.3190305357546115,1.2521734212836788
2023-12-01 13:34:59.485119,2.0788114070892334,0.6044978669784525,28.862647085438322,0.7556223337230659,2.720240401403037,1.4688089171842444
2023-12-01 13:35:01.532354,2.0371158123016357,0.6168707021208115,29.453406447328582,0.7710883776510145,2.775918159543652,1.498872432013148
2023-12-01 13:35:03.612583,2.0781781673431396,0.604682062964059,28.871441795920408,0.7558525787050739,2.721069283338266,1.4692564765900709
2023-12-01 13:35:05.444433,1.8298206329345703,0.6867542308890618,32.7900991605801,0.8584427886113274,3.0903940390007785,1.6686754302142426
2023-12-01 13:35:07.261118,1.814589500427246,0.6925186446521604,33.065329643907326,0.8656483058152006,3.116333900934722,1.6826818027758195
2023-12-01 13:35:09.156724,1.8933801651000977,0.6637003411142646,31.68935700603369,0.8296254263928308,2.986651535014191,1.61265908883944
2023-12-01 13:35:11.150514,1.9915275573730469,0.6309915505731201,30.12762729687952,0.7887394382164002,2.839461977579041,1.5331832695825676
2023-12-01 13:35:13.210922,2.058345079421997,0.610508448752817,29.149631225512767,0.7631355609410213,2.747288019387677,1.4834134287795948
2023-12-01 13:35:15.208684,1.9957215785980225,0.6296655179319622,30.06431390201708,0.7870818974149529,2.8334948306938306,1.529961275471082
2023-12-01 13:35:17.022627,1.8115949630737305,0.693663366839894,33.11998610230076,0.8670792085498676,3.1214851507795234,1.6854632487475747
2023-12-01 13:35:18.832979,1.8032588958740234,0.6968700192252963,33.273092475675014,0.8710875240316206,3.135915086513834,1.6932547727136253
2023-12-01 13:35:20.787580,1.9521610736846924,0.643715868723897,30.73516873623054,0.8046448359048713,2.896721409257537,1.564100817825325
2023-12-01 13:35:23.047025,2.257364273071289,0.5566833303896415,26.57967113051105,0.6958541629870519,2.505074986753387,1.352629156180751
2023-12-01 13:35:25.756807,2.7016408443450928,0.46513845986087754,22.208725532702942,0.581423074826097,2.093123069373949,1.1301934297699605
2023-12-01 13:35:28.677330,2.918090343475342,0.43063679102522473,20.561392190668823,0.5382959887815311,1.937865559613512,1.0463612748330913
2023-12-01 13:35:31.697023,3.0132696628570557,0.41703438524795916,19.91192515545075,0.5212929815599491,1.8766547336158168,1.0133101492754915
2023-12-01 13:35:35.324909,3.625808000564575,0.34658124788743533,16.548035635272853,0.4332265598592942,1.559615615493459,0.8421231161168905
2023-12-01 13:35:38.978302,3.651784658432007,0.344115871820188,16.43032259896799,0.430144839775235,1.548521423190846,0.8361327453486928
2023-12-01 13:35:42.338855,3.3585152626037598,0.3741644635140598,17.86503716927692,0.4677055793925748,1.6837400858132692,0.9091448134464626
2023-12-01 13:35:46.211789,3.8710904121398926,0.32462095369693605,15.499508823621795,0.4057761921211701,1.4607942916362124,0.7887639932928153
2023-12-01 13:35:51.663832,5.450527191162109,0.2305533056460157,11.008109471921994,0.2881916320575197,1.037489875407071,0.5601984220586891
2023-12-01 13:35:55.361385,3.6954681873321533,0.3400481340209056,16.236102425580732,0.4250601675261321,1.5302166030940756,0.8262489560439967
2023-12-01 13:35:58.535826,3.172226667404175,0.3961372225851125,18.91415913513452,0.49517152823139066,1.7826175016330064,0.9625342234373064
2023-12-01 13:36:01.236288,2.6984691619873047,0.46568516666333104,22.234828859712675,0.5821064583291639,2.09558324998499,1.1315218179585618
2023-12-01 13:36:04.175508,2.9372801780700684,0.4278233553673409,20.42706053306186,0.5347791942091762,1.9252050991530343,1.039525188871565
2023-12-01 13:36:08.183818,4.006237268447876,0.3136701541201458,14.976646658585354,0.3920876926501823,1.4115156935406563,0.7621557404811303
2023-12-01 13:36:18.026847,9.84096384048462,0.12769451059928233,6.096963770272861,0.15961813824910293,0.5746252976967705,0.3102721218541362
2023-12-01 13:36:23.958260,5.9291791915893555,0.21194115084571555,10.1194445405042,0.2649264385571445,0.9537351788057201,0.5149746083249197
2023-12-01 13:36:30.673176,6.708047389984131,0.18733276442146451,8.944480638223688,0.2341659555268307,0.8429974398965905,0.4551811509912746
2023-12-01 13:36:46.083963,15.408778190612793,0.08155332278074293,3.893884333837234,0.10194165347592868,0.36698995251334326,0.19815826369264922
2023-12-01 13:36:52.739532,6.654011011123657,0.18885407002410567,9.017117630207807,0.23606758753013213,0.8498433151084757,0.45887761934457205
2023-12-01 13:36:57.209496,4.467859983444214,0.2812615135864648,13.429248056638247,0.35157689198308106,1.265676811139092,0.6834092257123923
2023-12-01 13:37:01.910886,4.699184894561768,0.2674159646048802,12.768171788566201,0.33426995575610025,1.203371840721961,0.649767310796938
2023-12-01 13:37:12.634589,10.72158432006836,0.11720628443725237,5.59618785888702,0.14650785554656548,0.5274282799676357,0.28478782992563584
2023-12-01 13:37:29.855539,17.218831062316895,0.07298039320369691,3.4845570981475587,0.09122549150462116,0.3284117694166362,0.1773277594063428
2023-12-01 13:37:35.673797,5.816063404083252,0.21606316405589335,10.316256173871166,0.27007895506986673,0.9722842382515202,0.5249902760230097
2023-12-01 13:37:41.416812,5.74084734916687,0.21889400379515134,10.45141881515233,0.2736175047439392,0.9850230170781812,0.5318686504214588
2023-12-01 13:37:47.861067,6.442190408706665,0.1950636323536112,9.313602391961217,0.24382954044201405,0.8777863455912506,0.4739656138928046
2023-12-01 13:37:56.393511,8.530891418457031,0.14730430851776136,7.03326265180059,0.1841303856472017,0.6628693883299261,0.3579200088364565
2023-12-01 13:38:11.591667,15.19592022895813,0.08269568690162013,3.948428202831764,0.10336960862702518,0.3721305910572907,0.20093398003355664
2023-12-01 13:38:54.391621,42.79782795906067,0.029362169095076152,1.401940305414436,0.036702711368845196,0.1321297609278427,0.07134419846721604
2023-12-01 13:38:58.185360,3.7916100025177,0.3314257164110989,15.824412310379726,0.41428214551387366,1.4914157238499453,0.8052982057356882
2023-12-01 13:39:01.668578,3.481017589569092,0.3609970444278835,17.236339218678662,0.45124630553485434,1.6244866999254757,0.8771506185508713
2023-12-01 13:39:04.973871,3.3029110431671143,0.3804634896345697,18.165793512400157,0.4755793620432122,1.712085703355564,0.9244501871140777
2023-12-01 13:39:09.123934,4.143183708190918,0.3033022791028052,14.481617091074737,0.37912784887850653,1.3648602559626235,0.7369638777639962
2023-12-01 13:39:14.869797,5.7437567710876465,0.2187831260128305,10.446124791011703,0.2734789075160382,0.9845240670577375,0.5315992395859757
2023-12-01 13:39:22.067536,7.19553804397583,0.17464115313628079,8.338500836672324,0.218301441420351,0.7858851891132635,0.42434307389053505
2023-12-01 13:39:27.628686,5.5589892864227295,0.2260549529219505,10.793328950380234,0.28256869115243816,1.0172472881487773,0.5492683246097554
2023-12-01 13:39:32.595174,4.95954704284668,0.2533773851885137,12.097878996135343,0.31672173148564214,1.1401982333483118,0.6156563705310506
2023-12-01 13:39:35.830758,3.2334678173065186,0.3886344730910905,18.555929234508373,0.48579309136386317,1.7488551289099075,0.9443040427167317
2023-12-01 13:39:40.038082,4.205177307128906,0.2988309337885895,14.268126078366272,0.3735386672357369,1.344739202048653,0.7260994029195149
2023-12-01 13:39:46.793880,6.753883123397827,0.18606141659195796,8.88377825078715,0.2325767707399475,0.837276374663811,0.4520920300351396
2023-12-01 13:39:57.882174,11.086605310440063,0.1133473255562335,5.411936144556264,0.1416841569452919,0.5100629650030509,0.2754113316365362
2023-12-01 13:40:12.099727,14.215479612350464,0.08839920253862882,4.22075101482132,0.11049900317328605,0.39779641142382977,0.21479238232836037
2023-12-01 13:40:16.774556,4.672618389129639,0.2689363771626104,12.840766140796726,0.336170471453263,1.2102136972317468,0.6534616092297107
2023-12-01 13:40:21.888061,5.111413240432739,0.24584924018577858,11.73843654928599,0.30731155023222323,1.1063215808360036,0.5973644838034048
2023-12-01 13:40:27.321909,5.431771993637085,0.23134937602461475,11.046119032662917,0.28918672003076845,1.0410721921107664,0.562132713864609
2023-12-01 13:40:33.310265,5.986107587814331,0.2099255723358532,10.023207755593884,0.26240696541981656,0.9446650755113396,0.5100771556616562
2023-12-01 13:40:43.835987,10.52359414100647,0.11941139544134236,5.7014741537971965,0.14926424430167798,0.5373512794860408,0.29014580864337375
2023-12-01 13:41:50.232336,66.3943932056427,0.01892685512681391,0.9036907651849847,0.02365856890851739,0.08517084807066261,0.04598847258713245
2023-12-01 13:42:50.060226,59.8265540599823,0.02100467060456146,1.0028991464198957,0.026255838255701824,0.09452101772052657,0.05103714863496343
2023-12-01 13:43:40.202240,50.140379905700684,0.025062376148710524,1.1966403149087095,0.031327970185888156,0.11278069266919737,0.060896561566136834
2023-12-01 13:43:43.654836,3.450407028198242,0.3641996585232198,17.389252777905227,0.4552495731540248,1.6388984633544894,0.8849323302797196
2023-12-01 13:43:48.325576,4.66893196105957,0.2691487200748874,12.850904768032551,0.33643590009360924,1.2111692403369934,0.6539775600379614
2023-12-01 13:43:53.609196,5.28197717666626,0.23791035428688628,11.359382669250614,0.29738794285860787,1.0705965942909883,0.5780745788462763
2023-12-01 13:43:57.223032,3.6116535663604736,0.3479395347162968,16.61288905415783,0.4349244183953711,1.565727906223336,0.8454234814536582
2023-12-01 13:43:59.845640,2.620565176010132,0.47952902409745624,22.89582436234283,0.5994112801218204,2.157880608438554,1.1651596227519994
2023-12-01 13:44:03.196905,3.3490920066833496,0.3752172406515584,17.915303574899035,0.4690215508144481,1.688477582932013,0.9117028513351567
2023-12-01 13:44:06.496454,3.2972865104675293,0.38111248672100867,18.196780840707856,0.4763906084012609,1.7150061902445393,0.926027120234707
2023-12-01 13:44:10.351832,3.8533031940460205,0.3261194352361438,15.571056046850854,0.4076492940451798,1.4675374585626473,0.7924050037367824
2023-12-01 13:44:16.051543,5.697657823562622,0.2205532694924402,10.530642916440232,0.2756915868655503,0.9924897127159811,0.5359003342127313
2023-12-01 13:44:24.399879,8.346212387084961,0.15056375313195408,7.1888896684254995,0.18820469141494264,0.6775368890937935,0.3658398073600221
2023-12-01 13:44:35.749944,11.347849369049072,0.11073790465207956,5.287345473905236,0.13842238081509944,0.498320570934358,0.2690709607236229
2023-12-01 13:44:41.396674,5.644535779953003,0.22262894778680634,10.62974925468531,0.27828618473350797,1.0018302650406288,0.5409438173323822
2023-12-01 13:44:45.093725,3.694826602935791,0.34010718133225354,16.23892172702392,0.42513397666531694,1.530482315995141,0.8263924292011097
2023-12-01 13:44:49.492610,4.396952867507935,0.2857972553497356,13.645813773302114,0.3572465691871695,1.2860876490738102,0.6944301710487876
2023-12-01 13:44:54.881573,5.3874218463897705,0.2332538823329785,11.137052510600654,0.2915673529162232,1.0496424704984035,0.5667602832926714
2023-12-01 13:45:01.610454,6.720317840576172,0.1869907184818774,8.928149147608746,0.23373839810234678,0.8414582331684485,0.4543500477672658
2023-12-01 13:45:08.452626,6.840028524398804,0.18371810248355183,8.771893243716207,0.2296476281044398,0.8267314611759833,0.44639824541453427
2023-12-01 13:45:17.223996,8.769177913665771,0.1433015812665393,6.842146503436404,0.17912697658317417,0.644857115699427,0.34819418216143727
2023-12-01 13:45:26.423007,9.196903467178345,0.13663697416424658,6.5239349542078315,0.17079621770530823,0.6148663837391096,0.33200051982428636
2023-12-01 13:45:34.917450,8.492323875427246,0.14797328503591678,7.065203927703643,0.184966606294896,0.6658797826616256,0.35954548798027064
2023-12-01 13:47:12.814848,97.89518237113953,0.012836556723207928,0.6129004364334133,0.016045695904009914,0.057764505254435695,0.031190265526050632
2023-12-01 13:51:40.855363,268.0383892059326,0.004688272695410243,0.22384853221119116,0.005860340869262804,0.021097227129346093,0.011391564995307808
2023-12-01 13:51:53.350751,12.493143320083618,0.10058613987208356,4.802634410152465,0.12573267484010447,0.45263762942437613,0.24440420266118867
2023-12-01 13:52:22.644711,29.29179573059082,0.04290064948539673,2.0483551282361,0.05362581185674592,0.1930529226842853,0.10423999811961698
2023-12-01 13:52:27.873784,5.226830244064331,0.2404204848364788,11.479232574682701,0.3005256060455985,1.0818921817641547,0.5841736940556762
2023-12-01 13:52:38.230848,10.349597454071045,0.12141893122051962,5.797326926604167,0.15177366402564954,0.5463851904923384,0.2950237190796186
2023-12-01 13:53:36.288697,58.05572843551636,0.021645358611453627,1.0334897454028706,0.027056698264317034,0.09740411375154133,0.05259389235411002
2023-12-01 13:53:57.530807,21.239856243133545,0.05916410389275421,2.824877876440284,0.07395512986594277,0.266238467517394,0.1437569396386142
2023-12-01 13:54:07.918787,10.385910749435425,0.12099440210423795,5.777057154401368,0.15124300263029747,0.5444748094690709,0.2939921982328774
2023-12-01 13:54:12.948269,5.027353525161743,0.24995995510291627,11.934708728897206,0.3124499438786454,1.1248197979631234,0.6073526989090661
2023-12-01 13:54:17.200615,4.245076894760132,0.29602221410571733,14.134019591979689,0.3700277676321467,1.332099963475728,0.719274775834072
2023-12-01 13:54:20.789851,3.5870354175567627,0.350327475241895,16.726904815695352,0.43790934405236875,1.5764736385885276,0.8512256993427565
2023-12-01 13:54:24.300230,3.5082530975341797,0.35819452773209565,17.102528903109004,0.4477431596651196,1.6118753747944308,0.8703410634834462
2023-12-01 13:54:28.433250,4.130964994430542,0.3041993972667749,14.52445132817473,0.38024924658346876,1.3688972877004875,0.7391436954788099
2023-12-01 13:54:37.873362,9.437888860702515,0.13314810970791394,6.357353947006944,0.16643513713489244,0.5991664936856128,0.3235232769682893
2023-12-01 13:55:01.663826,23.78822374343872,0.05282601487984254,2.5222564175918865,0.06603251859980318,0.23771706695929146,0.12835665095504142
2023-12-01 13:55:07.387063,5.721106290817261,0.2196493121361684,10.487482131961752,0.2745616401702105,0.9884219046127578,0.533703898628462
2023-12-01 13:55:13.294505,5.9052863121032715,0.21279866801044978,10.160387969170278,0.26599833501306225,0.9575940060470242,0.5170582035317909
2023-12-01 13:55:17.945124,4.6484832763671875,0.2703327056858824,12.907435916794412,0.33791588210735307,1.216497175586471,0.6568544082755572
2023-12-01 13:55:21.869832,3.9224190711975098,0.32037297357221634,15.296682713120216,0.4004662169652705,1.4416783810749738,0.7784422511857715
2023-12-01 13:55:25.322161,3.4500925540924072,0.36423285512886544,17.390837799069942,0.45529106891108184,1.6390478480798947,0.8850129913921173
2023-12-01 13:55:28.870429,3.546147346496582,0.35436684904743515,16.919770708139644,0.442958561309294,1.5946508207134584,0.8610405698154581
2023-12-01 13:55:32.773129,3.900560140609741,0.32216835944990146,15.382406074277505,0.4027104493123769,1.4497576175245568,0.7828046797913707
2023-12-01 13:55:37.464087,4.688737392425537,0.26801182413541924,12.796621985468313,0.33501478016927405,1.2060532086093867,0.6512151302842417
2023-12-01 13:55:41.447578,3.9813852310180664,0.3156281014069535,15.070131755287997,0.3945351267586919,1.420326456331291,0.7669131607986157
2023-12-01 13:55:46.462698,5.0132975578308105,0.25066077705143197,11.968170512097277,0.31332597131429,1.127973496731444,0.6090555560795695
2023-12-01 13:56:00.093514,13.629209041595459,0.09220176002882799,4.402309761108213,0.11525220003603501,0.41490792012972605,0.22403183651804628
2023-12-01 13:56:15.366799,15.270873069763184,0.08228979808129627,3.92904843920168,0.10286224760162034,0.37030409136583325,0.1999477513779337
2023-12-01 13:56:18.483819,3.114882469177246,0.4034300086345925,19.262364019740424,0.5042875107932407,1.8154350388556668,0.9802542349803332
2023-12-01 13:56:21.627153,3.1412880420684814,0.4000387881043996,19.100445166591946,0.5000484851304995,1.8001745464697982,0.9720142473360701
2023-12-01 13:56:25.443688,3.8144497871398926,0.329441238333394,15.729660461722455,0.4118015479167425,1.482485572500273,0.8004763209024808
2023-12-01 13:56:30.144699,4.698967456817627,0.26742833888170275,12.76876261676325,0.3342854236021285,1.2034275249676625,0.6497973778147614
2023-12-01 13:56:36.519224,6.372103691101074,0.19720913568793091,9.416042630284354,0.24651141960991368,0.8874411105956893,0.4791787578945346
2023-12-01 13:56:41.152177,4.630809783935547,0.27136443085942297,12.956697165178811,0.3392055385742788,1.2211399388674038,0.6593612941022261
2023-12-01 13:56:44.487080,3.33280086517334,0.3770513487821479,18.00287578744354,0.47131418597768493,1.6967310695196658,0.9161593672708631
2023-12-01 13:56:48.052168,3.563225507736206,0.35266840639403874,16.838676044985796,0.4408355079925485,1.5870078287731746,0.8569136938562355
2023-12-01 13:56:51.353711,3.300001621246338,0.3807989224445632,18.18180924933586,0.47599865305570416,1.713595151000535,0.9252652217558
2023-12-01 13:56:54.510392,3.1543521881103516,0.3983819771845829,19.021338272294713,0.49797747148072874,1.7927188973306234,0.9679885281630998
2023-12-01 13:56:57.616647,3.1040830612182617,0.4048335810133651,19.329379664361095,0.5060419762667064,1.8217511145601433,0.9836646351462747
2023-12-01 13:57:00.599537,2.9807169437408447,0.42158886105395127,20.129385356765574,0.5269860763174391,1.8971498747427809,1.0243766145888908
2023-12-01 13:57:03.825873,3.2242608070373535,0.38974423492452887,18.608916458942304,0.4871802936556611,1.75384905716038,0.9470005420196204
2023-12-01 13:57:06.803408,2.975358724594116,0.42234808564380466,20.1656356606832,0.5279351070547559,1.9005663853971213,1.0262213784973166
2023-12-01 13:57:10.135972,3.330474853515625,0.37731468235210375,18.01544903924569,0.47164335294012977,1.6979160705844671,0.9167992151791419
2023-12-01 13:57:12.933324,2.795264959335327,0.44955919374982156,21.46487036930736,0.561948992187277,2.0230163718741974,1.0923389289733165
2023-12-01 13:57:15.445800,2.5102224349975586,0.5006078520834906,23.90226426291117,0.6257598151043633,2.252735334375708,1.2163769589924656
2023-12-01 13:57:18.278304,2.8303773403167725,0.4439821657472979,21.19858689699829,0.5549777071841223,1.9979197458628404,1.0787878663327843
2023-12-01 13:57:22.048656,3.768232822418213,0.3334817992030246,15.922583032302077,0.4168522490037808,1.500668096413611,0.8102940757035093
2023-12-01 13:57:27.247629,5.196741819381714,0.24181248657556487,11.54569576195312,0.3022656082194561,1.088156189590042,0.5875559798813075
2023-12-01 13:57:37.548633,10.298828125,0.12201748064767487,5.825905556609141,0.15252185080959363,0.5490786629145371,0.29647807447772045
2023-12-01 13:57:47.287102,9.736491680145264,0.12906466751247395,6.162383943936655,0.16133083439059245,0.5807910038061328,0.3136013291218092
2023-12-01 13:57:53.323175,6.034465074539185,0.20824332329603865,9.942886280534458,0.2603041541200483,0.937094954832174,0.5059896269447147
2023-12-01 13:57:59.624426,6.2991766929626465,0.19949227060733427,9.525054292734982,0.24936533825916787,0.8977152177330043,0.4847263191217009
2023-12-01 13:58:07.980755,8.354271650314331,0.15041850612897367,7.181954634877415,0.18802313266121712,0.6768832775803817,0.3654868861921803
2023-12-01 13:58:16.586845,8.603795051574707,0.14605613614725999,6.9736668110217845,0.182570170184075,0.6572526126626701,0.3548871996106124
2023-12-01 13:58:23.635072,7.0461413860321045,0.17834400313439747,8.51529890089075,0.22293000391799683,0.8025480141047886,0.43334025881595895
2023-12-01 13:58:39.393066,15.755882978439331,0.07975668917797402,3.808101398195532,0.09969586147246753,0.35890510130088316,0.1937928033646413
2023-12-01 13:59:00.210126,20.814730644226074,0.06037248729829245,2.8825739340827727,0.07546560912286558,0.2716761928423161,0.14669306963739104
2023-12-01 13:59:51.759537,51.5472776889801,0.02437833999727524,1.163979994482365,0.030472924996594056,0.1097025299877386,0.05923449052537939
2023-12-01 13:59:58.418960,6.657281160354614,0.18876130227448285,9.012688296434211,0.23595162784310356,0.8494258602351729,0.4586522122665384
2023-12-01 14:00:02.950264,4.529433727264404,0.2774380059634685,13.246689015193425,0.3467975074543357,1.2484710268356085,0.6741188668900359
2023-12-01 14:00:09.075662,6.1238791942596436,0.20520278430930747,9.79771123771389,0.25650348038663434,0.9234125293918837,0.49860172531475533
2023-12-01 14:00:32.431223,23.35347056388855,0.0538094352185518,2.569211280004692,0.06726179402318976,0.24214245848348312,0.1307461656940372
2023-12-01 14:00:37.621491,5.1881139278411865,0.2422146234477186,11.564896383253954,0.30276827930964834,1.089965805514734,0.5885330920532669
2023-12-01 14:00:40.047118,2.4185218811035156,0.5195888742021813,24.808541311449037,0.6494860927527267,2.338149933909816,1.2624970465364604
2023-12-01 14:00:42.516367,2.467219829559326,0.5093332366983963,24.318870690463235,0.6366665458729954,2.291999565142784,1.2375778985297634
2023-12-01 14:00:45.781687,3.2634644508361816,0.38506227978488794,18.385369567799795,0.4813278497311099,1.7327802590319958,0.9356243274213207
2023-12-01 14:00:48.951886,3.168792963027954,0.39656647691969504,18.93465451989225,0.4957080961496189,1.784549146138628,0.9635772256194752
2023-12-01 14:00:51.896539,2.943147659301758,0.42697044351965885,20.386336992087784,0.5337130543995736,1.9213669958384652,1.0374527836640672
2023-12-01 14:00:55.072960,3.174224376678467,0.39588791223097847,18.902255442567192,0.49485989028872324,1.7814956050394037,0.9619284491388318
2023-12-01 14:00:58.055233,2.980072498321533,0.421680030315938,20.133738368376545,0.5271000378949225,1.8975601364217212,1.0245981376616662
2023-12-01 14:01:01.274933,3.217679738998413,0.39054137246955417,18.64697697312678,0.48817671558694276,1.757436176112994,0.9489374268265228
2023-12-01 14:01:05.149838,3.872926950454712,0.3244670187462168,15.492158971125322,0.405583773432771,1.4601015843579757,0.7883899621495576
2023-12-01 14:01:08.921644,3.7694852352142334,0.33337099975787493,15.91729274848585,0.4167137496973437,1.5001694989104373,0.8100248552116845
2023-12-01 14:01:12.417437,3.487424373626709,0.36033385295437714,17.20467415831118,0.45041731619297143,1.6215023382946971,0.8755391959085456
2023-12-01 14:01:15.822845,3.40319561958313,0.3692520800757986,17.630488137308316,0.46156510009474844,1.6616343603410944,0.8972087041681758
2023-12-01 14:01:18.844050,3.0190205574035645,0.4162399816570502,19.873995177959817,0.5202999770713128,1.873079917456726,1.0113799074303007
2023-12-01 14:01:21.718806,2.872586250305176,0.4374584266364206,20.88710129891688,0.5468230332955258,1.968562919863893,1.0629364850411749
2023-12-01 14:01:24.881802,3.160815715789795,0.3975673289519571,18.98244168436367,0.4969591611899465,1.7890529802838073,0.9660090958874655
2023-12-01 14:01:29.504725,4.620798349380493,0.2719523697900372,12.984769181291833,0.3399404622375465,1.2237856640551674,0.6607898681158324
2023-12-01 14:01:42.196762,12.689789772033691,0.09902741369327872,4.728210717267405,0.1237842671165984,0.44562336161975424,0.24061680979192865
2023-12-01 14:02:11.751997,29.55292797088623,0.04252157561761328,2.0302556842796897,0.053151969522016604,0.19134709027925978,0.10331892443567675
2023-12-01 14:02:18.551796,6.797722578048706,0.18486148073972097,8.826485534104139,0.23107685092465122,0.8318766633287444,0.449176425901374
2023-12-01 14:02:27.152909,8.599019050598145,0.14613725752224097,6.977540071367375,0.18267157190280126,0.6576176588500845,0.3550843083275412
2023-12-01 14:02:48.855409,21.700519800186157,0.057908154874019985,2.7649107280593936,0.07238519359252499,0.26058669693308995,0.14070523471289378
2023-12-01 14:02:54.774497,5.917480707168579,0.21236014507214135,10.13945004118299,0.2654501813401768,0.9556206528246365,0.5159926804962892
2023-12-01 14:02:59.405693,4.629084587097168,0.2714655646903908,12.961525949912515,0.3393319558629886,1.2215950411067589,0.6596070290847117
2023-12-01 14:03:04.181532,4.7737085819244385,0.2632412598863179,12.568844320993728,0.32905157485789743,1.1845856694884307,0.6396236132717753
2023-12-01 14:03:09.217023,5.033276796340942,0.24966579671307937,11.920663700358858,0.3120822458913493,1.1234960852088576,0.6066379528534405
2023-12-01 14:03:13.632438,4.408520221710205,0.2850473624341067,13.610009024008535,0.3563092030426334,1.2827131309534803,0.6926080812423926
2023-12-01 14:03:19.080964,5.446475505828857,0.2307248164599391,11.016298510070882,0.2884060205749239,1.0382616740697261,0.5606151590343601
2023-12-01 14:03:24.749471,5.66626501083374,0.22177520095393743,10.58898584610527,0.2772190011924219,0.9979884042927187,0.5388693832778774
2023-12-01 14:03:31.131190,6.374779462814331,0.19712635845148727,9.412090308377705,0.2464079480643591,0.8870686130316927,0.4789776257654238
2023-12-01 14:04:38.628228,67.49485230445862,0.01861826522365626,0.8889566826422477,0.023272831529570322,0.08378219350645316,0.045238660840439975
2023-12-01 14:05:05.207820,26.577473163604736,0.04728203669703105,2.2575509579354653,0.05910254587128882,0.21276916513663974,0.11488589276644606
2023-12-01 14:05:09.213512,4.003622770309448,0.31387499110931205,14.986426904391514,0.39234373888664015,1.4124374599919045,0.7626534533974066
2023-12-01 14:05:14.284537,5.06878662109375,0.24791674129789237,11.837152455838261,0.30989592662236554,1.115625335840516,0.602388098005619
2023-12-01 14:05:20.043678,5.7569074630737305,0.21828335256321335,10.422262366531905,0.27285419070401673,0.9822750865344603,0.5303848900580959
2023-12-01 14:05:26.538115,6.487165689468384,0.19371126337593167,9.249031529656666,0.2421390792199146,0.8717006851916925,0.47067962775083877
2023-12-01 14:05:36.061054,9.521064043045044,0.13198493947258622,6.301816659224014,0.1649811743407328,0.5939322276266381,0.32069700593049005
2023-12-01 14:10:38.750245,302.6874535083771,0.004151599436549289,0.19822427161930403,0.005189499295686611,0.0186821974644718,0.010087556310927462
2023-12-01 14:13:07.150494,148.39804315567017,0.008468016388313824,0.4043179999149972,0.010585020485392282,0.03810607374741222,0.020575586220324935
2023-12-01 14:14:45.949006,98.79637217521667,0.012719465641989917,0.607309749123067,0.0158993320524874,0.057237595388954635,0.030905757616907104
2023-12-01 14:14:54.924724,8.973429441452026,0.14003977739335474,6.686406840492319,0.17504972174169345,0.6301789982700964,0.3402686511103734
2023-12-01 14:15:00.005806,5.078859806060791,0.2474250342441675,11.813675173392221,0.30928129280520944,1.1134126540987541,0.6011933482064783
2023-12-01 14:15:05.526390,5.518273830413818,0.22772285320637692,10.872965322835487,0.2846535665079712,1.0247528394286962,0.5533209887208547
2023-12-01 14:15:14.169489,8.640974998474121,0.1454276932473271,6.943660872829187,0.1817846165591589,0.654424619612972,0.35336020905235543
2023-12-01 14:15:23.978487,9.806616067886353,0.12814176192244506,6.1183184479385835,0.16017720240305633,0.5766379286510028,0.311358853119157
2023-12-01 14:17:36.991942,133.01132893562317,0.009447594212400686,0.45108939576898527,0.011809492765500858,0.04251417395580309,0.022955764417291188
2023-12-01 14:20:36.983915,179.9898018836975,0.0069817125652924935,0.3333522198039292,0.008727140706615616,0.03141770654381622,0.016964165191147698
2023-12-01 14:20:58.467448,21.481361150741577,0.05849894951338015,2.793119094221303,0.0731236868917252,0.2632452728102107,0.1421407475276111
2023-12-01 14:21:07.576239,9.106728315353394,0.13798995840441436,6.588535193132272,0.172487448005518,0.6209548128198648,0.3352880009310461
2023-12-01 14:21:32.525336,24.947022199630737,0.05037222684856222,2.405096669248489,0.06296528356070279,0.22667502081853003,0.1223944367966365
2023-12-01 14:22:15.807498,43.279839754104614,0.02903515975510836,1.3863267595465083,0.036293949693885455,0.13065821889798765,0.0705496311729623
2023-12-01 14:22:53.628167,37.81855082511902,0.033228059616743987,1.5865229812070984,0.041535074520929985,0.14952626827534796,0.08073753925676454
2023-12-01 14:23:01.495153,7.864852666854858,0.15977884324925878,7.628877811387394,0.1997235540615735,0.7190047946216646,0.38823063332704905
2023-12-01 14:23:06.079836,4.5825982093811035,0.27421934108546486,13.093009087546259,0.3427741763568311,1.233987034884592,0.6662981549694625
2023-12-01 14:23:11.150858,5.068153381347656,0.24794771722196163,11.838631447267998,0.30993464652745206,1.1157647274988274,0.6024633633059224
2023-12-01 14:23:14.796218,3.643185615539551,0.34492809152404685,16.469103233191724,0.43116011440505864,1.552176411858211,0.8381062767851292
2023-12-01 14:23:18.176233,3.377967596054077,0.37200980344034057,17.762159728852374,0.46501225430042586,1.674044115481533,0.9039094203993399
2023-12-01 14:23:22.143151,3.9648380279541016,0.31694537143156776,15.133026766029237,0.3961817142894597,1.426254171442055,0.7701138635044233
2023-12-01 14:23:26.726651,4.581401824951172,0.2742909505540502,13.09642818781552,0.3428636881925628,1.234309277493226,0.6664721516562313
2023-12-01 14:23:31.652526,4.923757314682007,0.2552191306603979,12.18581586486559,0.31902391332549745,1.1484860879717909,0.6201314436786349
2023-12-01 14:23:40.531963,8.877339839935303,0.14155558805835639,6.758781468530247,0.17694448507294552,0.6370001462626039,0.3439517678641944
2023-12-01 14:23:52.108600,11.574541568756104,0.10856905683660402,5.183790618711139,0.13571132104575506,0.48856075576471825,0.2638010943015805
2023-12-01 14:30:08.126326,376.0153007507324,0.0033419838472715916,0.15956797470796308,0.00417747980908949,0.015038927312722165,0.008120352352100514
2023-12-01 14:30:16.193419,8.064961910247803,0.15581438268656447,7.439588762813692,0.19476797835820564,0.7011647220895403,0.37859778705181446
2023-12-01 14:30:27.760120,11.564450740814209,0.10866379126860652,5.188313854651399,0.13582973908575818,0.4889870607087295,0.2640312800244602
2023-12-01 14:31:19.182782,51.42060613632202,0.02443839456315287,1.1668473887867639,0.030547993203941092,0.10997277553418794,0.05938041110954885
2023-12-01 14:31:27.757381,8.572465896606445,0.14658991666952892,6.999152953615366,0.18323739583691115,0.6596546250128802,0.35618417952362136
2023-12-01 14:31:37.578305,9.818634748458862,0.12798490764035803,6.110829207636798,0.15998113455044755,0.5759320843816111,0.310977728584542
2023-12-01 14:31:52.232138,14.651722431182861,0.085767189989994,4.095081672602781,0.1072089874874925,0.385952354954973,0.20839711823768742
2023-12-01 14:31:59.370290,7.135951519012451,0.1760994393092267,8.408128872532396,0.2201242991365334,0.7924474768915202,0.42788641763355906
2023-12-01 14:32:03.490626,4.118200778961182,0.3051422523777252,14.569469343632884,0.3814278154721565,1.3731401356997635,0.7414346448273966
2023-12-01 14:32:08.224805,4.732129812240601,0.2655542242703009,12.679280235465646,0.33194278033787616,1.1949940092163542,0.6452436541319773
2023-12-01 14:32:13.266448,5.039364814758301,0.24936417735737762,11.906262436941219,0.31170522169672205,1.1221387981081994,0.6059050781429561
2023-12-01 14:32:17.319854,4.046335220336914,0.3105617782530842,14.82823264331623,0.3882022228163553,1.3975280021388792,0.754603008799344
2023-12-01 14:32:22.043442,4.721535682678223,0.2661500719026883,12.707729864272862,0.3326875898783604,1.1976753235620974,0.6466914447091521
2023-12-01 14:32:38.991211,16.945673942565918,0.07415680637400704,3.5407266894995377,0.09269600796750882,0.3337056286830318,0.18018620812756234
2023-12-01 14:32:49.075315,10.082209587097168,0.12463905363008067,5.951076446256954,0.15579881703760085,0.5608757413353631,0.30284797251037004
2023-12-01 14:36:53.475817,244.39893341064453,0.0051417452764594826,0.2455002530603792,0.006427181595574354,0.023137853744067675,0.012493412672741252
2023-12-01 14:37:33.379536,39.90155649185181,0.031493434640639445,1.5037007393997888,0.039366793300799306,0.14172045588287752,0.07652274748982572
2023-12-01 14:37:46.238682,12.857212781906128,0.09773790655501746,4.6666412867054365,0.12217238319377183,0.4398205794975786,0.23748356534738144
2023-12-01 14:38:58.073875,71.8336546421051,0.017493709149239676,0.8352630852340229,0.0218671364365496,0.07872169117157857,0.04250621449082258
2023-12-01 14:39:19.131764,21.05564522743225,0.059681717081683794,2.849592085728595,0.07460214635210476,0.26856772686757713,0.14501463616507532
2023-12-01 14:39:25.753036,6.6191887855529785,0.18984759343601887,9.06455487883286,0.23730949179502359,0.8543141704620849,0.46129168253083863
2023-12-01 14:39:31.736946,5.981677293777466,0.2100810524738862,10.03063138535005,0.2626013155923578,0.9453647361324881,0.5104549413010487
2023-12-01 14:39:41.446645,9.70727801322937,0.12945308249370568,6.180929393206849,0.16181635311713216,0.5825388712216758,0.31454509984320617
2023-12-01 14:39:56.274698,14.825979471206665,0.08475912595700102,4.046950160461586,0.10594890744625128,0.38141606680650464,0.2059477242503211
2023-12-01 14:40:55.460699,59.18382406234741,0.02123277908017752,1.013790523856532,0.026540973850221906,0.09554750586079887,0.05159140660901535
2023-12-01 14:41:01.562267,6.0992207527160645,0.20603239534760567,9.837322246990519,0.25754049418450714,0.9271457790642257,0.5006175142156124
2023-12-01 14:41:11.547530,9.983185291290283,0.12587536189799622,6.010105817864196,0.1573442023724953,0.5664391285409831,0.30585195433975126
2023-12-01 14:43:00.924967,109.3753502368927,0.01148921634275187,0.5485696719603443,0.01436152042843984,0.05170147354238343,0.027916497869618497
2023-12-01 14:43:04.928367,4.001115083694458,0.3140717112979396,14.995819601519328,0.3925896391224245,1.4133227008407283,0.7631314441117336
2023-12-01 14:43:08.647200,3.7167437076568604,0.3381016180499937,16.143163134007345,0.42262702256249224,1.521457281224972,0.8215193115378749
2023-12-01 14:43:12.701097,4.051823854446411,0.31014108869932794,14.808146196720001,0.38767636087415996,1.3956348991469758,0.7535808173216271
2023-12-01 14:43:17.408858,4.70553183555603,0.26705526715184286,12.750949753782738,0.33381908393980364,1.201748702183293,0.648890888125548
2023-12-01 14:43:20.773287,3.3621528148651123,0.3737596506262113,17.845708777638404,0.46719956328276413,1.6819184278179509,0.9081611990915682
2023-12-01 14:43:23.660163,2.884561538696289,0.43564231325217934,20.800388272221674,0.5445528915652242,1.9603904096348073,1.0585236927401456
2023-12-01 14:43:26.918712,3.256486415863037,0.38588739548077683,18.424765940286825,0.4823592443509711,1.736493279663496,0.9376291935391917
2023-12-01 14:43:30.839554,3.918792486190796,0.3206694577128305,15.310838788078343,0.40083682214103816,1.4430125597077375,0.7791626483506356
2023-12-01 14:43:34.470740,3.6290924549102783,0.3462675798561282,16.533059089971125,0.43283447482016035,1.5582041093525774,0.8413609655344205
2023-12-01 14:43:39.517285,5.044448137283325,0.24911289148720953,11.8942644204313,0.31139111435901196,1.121008011692443,0.6052945037356218
2023-12-01 14:44:32.389905,52.87040328979492,0.02376825186197273,1.1348504317458314,0.029710314827465913,0.10695713337887729,0.05775209837422134
2023-12-01 14:44:43.976739,11.584617614746094,0.10847462585526692,5.179281871472893,0.13559328231908366,0.4881358163487012,0.2635716459031276
2023-12-01 14:45:19.698589,35.719482421875,0.03518071865079263,1.6797555824396646,0.043975898313490795,0.15831323392856686,0.08548211017769594
2023-12-01 14:45:32.514437,12.813610553741455,0.09807048966920498,4.682520960688988,0.12258811208650622,0.4413172035114224,0.23829167579823424
2023-12-01 14:51:41.308846,368.79232120513916,0.0034074382496074754,0.16269319221162756,0.004259297812009345,0.015333472123233641,0.008279393458896245
2023-12-01 14:53:12.097594,90.78645658493042,0.013841679791306068,0.6608915278444666,0.01730209973913259,0.06228755906087732,0.033632513556915496
2023-12-01 14:53:23.686596,11.586732864379883,0.1084548229552345,5.178336352644579,0.13556852869404315,0.4880467032985554,0.2635235288166288
2023-12-01 14:53:32.272379,8.5836763381958,0.1463984675009367,6.990011929155681,0.1829980843761709,0.6587931037542153,0.35571899633377607
2023-12-01 14:53:37.662663,5.388158559799194,0.23322198994135568,11.135529761068515,0.2915274874266946,1.0494989547361007,0.566682791159506
2023-12-01 14:59:23.611080,345.946350812912,0.0036324622545751534,0.17343729702310992,0.004540577818218943,0.016346080145588193,0.00882615678616671
2023-12-01 15:04:45.959749,322.34664821624756,0.003898402754890435,0.18613502058116255,0.004873003443613044,0.017542812397006956,0.009472339013832778
2023-12-01 15:06:49.408745,123.44765615463257,0.010179513330425919,0.48603595944213807,0.012724391663032398,0.04580780998691664,0.024734181490268896
2023-12-01 15:06:58.666641,9.256280183792114,0.13576048223305812,6.48208554717919,0.16970060279132265,0.6109221700487616,0.32987081972988463
2023-12-01 15:07:12.164937,13.496179580688477,0.0931105765096683,4.445702551694947,0.11638822063708539,0.4189975942935074,0.22624007880319205
2023-12-01 15:07:19.918562,7.75119948387146,0.16212162569815194,7.740737433586478,0.20265203212268992,0.7295473156416837,0.3939231261213696
2023-12-01 15:13:57.674994,397.75428009033203,0.003159330079743022,0.15084689971500417,0.003949162599678778,0.0142169853588436,0.007676540227759596
2023-12-01 15:16:10.055587,132.3784215450287,0.009492763599756857,0.45324607515123544,0.011865954499696072,0.04271743619890586,0.023065516994689214
2023-12-01 15:16:18.128154,8.070435047149658,0.1557087138542476,7.434543447715497,0.1946358923178095,0.7006892123441142,0.3783410329230508
2023-12-01 15:18:13.928400,115.7981870174408,0.01085195799522017,0.5181428271494715,0.013564947494025214,0.04883381097849077,0.02636808753678597
2023-12-01 15:20:58.701263,164.77073740959167,0.00762657909524392,0.36414232856681544,0.009533223869054901,0.034319605928597646,0.01853106188562368
2023-12-01 15:43:26.050317,1347.3466351032257,0.0009326753997048735,0.04453197004897196,0.001165844249631092,0.0041970392986719314,0.0022662146862029017
2023-12-01 15:46:39.333214,193.28075313568115,0.006501615091254176,0.31042925395618987,0.00812701886406772,0.029257267910643793,0.015797624348729396
2023-12-01 15:47:03.849299,24.513777017593384,0.051262482339381514,2.4476032378420665,0.0640781029242269,0.23068117052721684,0.12455757958822922
2023-12-01 15:48:47.118824,103.26751065254211,0.01216875524059108,0.581015264344643,0.015210944050738855,0.05475939858265988,0.029567641483588217
2023-12-01 15:49:03.380230,16.259856462478638,0.07728463435921111,3.690069474995455,0.09660579294901389,0.34778085461645003,0.18778620456601117
2023-12-01 15:49:15.893432,12.51113224029541,0.10044151378950222,4.795729023369614,0.12555189223687782,0.45198681205276015,0.2440527902057326
2023-12-01 15:52:36.093340,200.1976923942566,0.0062769807504133275,0.2997037542362867,0.007846225938016661,0.02824641337685998,0.015251807827354306
2023-12-01 15:53:50.484594,74.38916635513306,0.016892742895339704,0.8065690602521429,0.02111592861917463,0.07601734302902867,0.041045986687096414
2023-12-01 15:54:07.395582,16.909425258636475,0.0743157760961799,3.5483169346252645,0.09289472012022489,0.3344209924328096,0.18057247275849794
2023-12-01 15:54:17.389051,9.991369485855103,0.1257722540653664,6.005182781493838,0.15721531758170804,0.565975143294149,0.30560142292802733
2023-12-01 15:54:27.673245,10.281810998916626,0.12221942822799667,5.835547843305239,0.15277428528499584,0.549987427025985,0.29696876670838634
2023-12-01 15:54:37.193539,9.51802396774292,0.13202709571805302,6.303829471678484,0.16503386964756628,0.5941219307312386,0.32079943717572523
2023-12-01 15:54:46.073897,8.878299236297607,0.14154029144437297,6.758051109011838,0.1769253643054662,0.6369313114996784,0.34391460015153746
2023-12-01 15:54:55.228964,9.15347409248352,0.13728525898902355,6.554888274526246,0.17160657373627944,0.617783665450606,0.33357572229152943
2023-12-01 15:55:09.993225,14.761962413787842,0.08512669428437265,4.0645002553291505,0.10640836785546583,0.38307012427967696,0.2068408417721687
2023-12-01 15:55:44.096482,34.100839614868164,0.03685061938733075,1.7594874694475162,0.04606327423416344,0.16582778724298838,0.08953963498733626
2023-12-01 15:56:09.177800,25.079195976257324,0.050106752330720074,2.3924211947146343,0.0626334404134001,0.22548038548824037,0.12174938681318366
2023-12-01 15:56:19.672815,10.49285078048706,0.11976126295180063,5.718179096912203,0.1497015786897508,0.538925683283103,0.29099591672028524
2023-12-01 15:56:28.095656,8.420600891113281,0.14923365656269433,7.125382235289321,0.18654207070336792,0.6715514545321245,0.3626079387160347
2023-12-01 15:56:37.555987,9.45823860168457,0.13286163675465984,6.343675871035187,0.16607704594332484,0.5978773653959695,0.32282720498647255
2023-12-01 15:56:46.309004,8.750959873199463,0.14359991128338642,6.856390712492575,0.17949988910423303,0.646199600775239,0.34891906443637233
2023-12-01 15:56:55.397593,9.086263656616211,0.13830074813214235,6.6033743095613,0.17287593516517796,0.6223533665946407,0.33604315781147953
2023-12-01 15:57:05.269567,9.869742631912231,0.12732217123603434,6.079185875222279,0.15915271404504294,0.5729497705621546,0.30936741166931625
2023-12-01 15:57:14.004629,8.73288631439209,0.14389710528636301,6.870580680881874,0.1798713816079538,0.6475369737886337,0.3496411864248049
2023-12-01 15:57:20.046233,6.03928279876709,0.20807720110282923,9.934954530072496,0.2600965013785366,0.9363474049627318,0.5055859832396546
2023-12-01 15:57:26.425856,6.377516031265259,0.19704177226295558,9.408051615371068,0.24630221532869448,0.8866879751833001,0.4787720982445295
2023-12-01 15:57:36.764950,10.336922883987427,0.12156780848027132,5.804435292145204,0.15195976060033917,0.547055138161221,0.2953854610453633
2023-12-01 15:57:46.398391,9.631057024002075,0.1304775849944803,6.229845784369335,0.1630969812431004,0.5871491324751614,0.3170344360195883
2023-12-01 15:57:54.927304,8.526828527450562,0.14737449655407103,7.03661388367797,0.1842181206925888,0.6631852344933197,0.3580905517270818
2023-12-01 15:58:02.881684,7.952326774597168,0.1580213058459954,7.544961581767916,0.1975266323074943,0.7110958763069795,0.3839601689445997
2023-12-01 15:58:13.739618,10.855732202529907,0.11575792751621676,5.527033909883768,0.14469740939527098,0.5209106738229755,0.28126861227890354
2023-12-01 15:58:22.947031,9.2052903175354,0.1365124855478068,6.517991060608313,0.17064060693475852,0.6143061849651307,0.331698037384061
2023-12-01 15:58:35.875803,12.926696300506592,0.09721254620847479,4.641557177888416,0.1215156827605935,0.43745645793813664,0.23620704477735208
2023-12-01 15:58:47.299369,11.421709060668945,0.11002180626043004,5.253154294273884,0.1375272578255376,0.4950981281719354,0.267330984851593
2023-12-01 15:58:55.030397,7.729438066482544,0.16257806203081182,7.762530663151346,0.2032225775385148,0.7316012791386534,0.39503217512246663
2023-12-01 15:59:02.816377,7.7838451862335205,0.16144168227528483,7.7082725265548415,0.20180210284410607,0.7264875702387819,0.3922709995924872
2023-12-01 15:59:07.104182,4.282430410385132,0.2934401592115782,14.01073555205863,0.3668001990144728,1.3204807164521022,0.7130008988522928
2023-12-01 15:59:10.482828,3.37658953666687,0.3721616287055075,17.76940885128364,0.46520203588188447,1.6747273291747842,0.9042783254286423
2023-12-01 15:59:15.841066,5.35612940788269,0.23461663558511245,11.202119185488156,0.2932707944813906,1.0557748601330061,0.5700715011447063
2023-12-01 15:59:28.336366,12.487241506576538,0.10063367964606884,4.804904267159434,0.12579209955758605,0.4528515584073098,0.24451971480401807
2023-12-01 15:59:37.466212,9.127685308456421,0.13767313606568962,6.57340804074528,0.17209142008211206,0.6195291122956035,0.33451818601241273
2023-12-01 15:59:45.380634,7.912258863449097,0.1588215303774991,7.583169488699579,0.1985269129718739,0.714696886698746,0.38590455451124733
2023-12-01 16:00:18.555424,33.17254686355591,0.03788183845529468,1.8087245530706393,0.04735229806911836,0.17046827304882609,0.09204529107867503
2023-12-01 16:00:26.713352,8.155771970748901,0.15407947475026412,7.356753010652223,0.1925993434378302,0.6933576363761887,0.37438230774819187
2023-12-01 16:00:32.254836,5.539256572723389,0.22686023745928213,10.831778454793774,0.2835752968241027,1.0208710685667697,0.5512250049785639
2023-12-01 16:00:36.940956,4.684032440185547,0.26828103295248285,12.809475759656191,0.3353512911906036,1.2072646482861729,0.6518692538679429
2023-12-01 16:00:41.063297,4.120110273361206,0.30500083203131034,14.562717019477176,0.38125104003913796,1.3725037441408967,0.7410910216696779
2023-12-01 16:00:46.039681,4.974536895751953,0.25261387899425025,12.06142426066585,0.31576734874281287,1.1367624554741265,0.6138012031802293
2023-12-01 16:00:57.069090,11.02787709236145,0.11395094911842436,5.440757046663087,0.14243868639803048,0.5127792710329098,0.27687801616794755
2023-12-01 16:01:45.610852,48.53971219062805,0.025888844509435432,1.236101272384237,0.0323610556367943,0.11649980029245947,0.06290471438902623
2023-12-01 16:01:54.129924,8.517436742782593,0.1475369996144382,7.044372833275469,0.18442124951804778,0.663916498264972,0.358485401663162
2023-12-01 16:02:02.624237,8.492168426513672,0.14797599368290085,7.065333256070625,0.1849699921036261,0.665891971573054,0.35955206945071255
2023-12-01 16:02:12.055514,9.42919397354126,0.13327088879092922,6.363216216397996,0.16658861098866157,0.5997189995591816,0.3238216055841999
2023-12-01 16:02:18.053589,5.995988130569458,0.2095796446008926,10.006690922902413,0.2619745557511157,0.9431084007040166,0.5092366204512488
2023-12-01 16:02:22.549695,4.488890647888184,0.27994379012710124,13.366331395982488,0.34992973765887664,1.2597470555719559,0.6802074212508308
2023-12-01 16:02:28.579111,6.027187824249268,0.20849475710381418,9.954891360544826,0.2606184463797678,0.938226406967164,0.5066005608108478
2023-12-01 16:02:35.502658,6.9213337898254395,0.1815599564470088,8.668849360827206,0.22694994555876105,0.8170198040115398,0.4411543821749421
2023-12-01 16:02:39.897881,4.393145799636841,0.28604492515131114,13.657639135254717,0.357556156439139,1.2872021631809005,0.695031959132656
2023-12-01 16:02:43.662783,3.762758493423462,0.33396697227107813,15.94574833991281,0.4174587153388478,1.5028513752198522,0.8114729492242659
2023-12-01 16:02:48.099126,4.434494733810425,0.28337773227123164,13.53029005594147,0.3542221653390396,1.2751997952205427,0.6885512138726387
2023-12-01 16:02:51.878879,3.7782459259033203,0.33259800608015605,15.880385019049529,0.4157475076001951,1.4966910273607024,0.8081466351735632
2023-12-01 16:02:55.540229,3.6592822074890137,0.3434108085088679,16.396658305611194,0.42926351063608503,1.5453486382899062,0.8344195825148475
2023-12-01 16:02:59.948471,4.406149864196777,0.2852007081390993,13.617330742093982,0.35650088517387424,1.2834031866259472,0.6929806806363837
2023-12-01 16:03:04.026785,4.07596230506897,0.3083043873769715,14.720450168389066,0.3853804842212144,1.3873697431963719,0.7491180004485654
2023-12-01 16:03:09.759498,5.730645656585693,0.21928367879311858,10.470024425790074,0.2741045984913983,0.9867765545690339,0.5328154827315197
2023-12-01 16:03:17.256671,7.495110273361206,0.16766091699840652,8.005219111084914,0.2095761462480082,0.7544741264928295,0.40738249612272825
2023-12-01 16:03:23.844701,6.585650205612183,0.1908144256378864,9.110717716053152,0.23851803204735803,0.858664915370489,0.4636408914149364
2023-12-01 16:03:47.147997,23.30124592781067,0.05393003727479168,2.5749696040239796,0.06741254659348962,0.24268516773656265,0.13103920457028886
2023-12-01 16:03:54.653385,7.503788471221924,0.1674670156621946,7.995961004245839,0.20933376957774327,0.7536015704798757,0.4069113546560005
2023-12-01 16:04:05.997080,11.341447591781616,0.11080041161117013,5.2903299613603085,0.13850051451396267,0.4986018522502656,0.2692228401328212
2023-12-01 16:04:43.179677,37.18039512634277,0.033798378343364466,1.6137536945509559,0.04224797292920559,0.15209270254514012,0.08212329969870699
2023-12-01 16:04:49.394944,6.213308811187744,0.2022492523103317,9.656690472548767,0.25281156538791466,0.9101216353964928,0.491425233263644
2023-12-01 16:04:55.870079,6.473574161529541,0.19411796792314895,9.268450241376941,0.24264745990393624,0.8735308556541704,0.4716678384596674
2023-12-01 16:05:08.418547,12.54628586769104,0.10016008519875874,4.782291797966351,0.12520010649844843,0.45072038339441434,0.24336897501594398
2023-12-01 16:05:15.668162,7.247513771057129,0.17338870971922596,8.278701068442171,0.21673588714903247,0.7802491937365169,0.4212998868757753
2023-12-01 16:05:20.924936,5.254659652709961,0.2391471844970659,11.418436961765256,0.2989339806213324,1.0761623302367966,0.5810798288909708
2023-12-01 16:05:25.805549,4.874009370803833,0.25782409631039954,12.310193812800295,0.32228012038799947,1.1602084333967981,0.6264609892150089
2023-12-01 16:05:31.935596,6.127845764160156,0.20506995603342243,9.791369154707048,0.2563374450417781,0.9228148021504011,0.4982789791700099
2023-12-01 16:05:37.872867,5.935077905654907,0.21173050824465184,10.109387097148693,0.2646631353058148,0.9527872871009333,0.514462788932855
2023-12-01 16:05:46.071541,8.19660758972168,0.15331184855204066,7.320101559483993,0.19163981069005087,0.6899033184841832,0.3725171296117485
2023-12-01 16:06:11.000072,24.926981449127197,0.050412725022504386,2.4070303146192162,0.06301590627813049,0.22685726260126976,0.12249283925968117
2023-12-01 16:06:36.646862,25.64466094970703,0.04900189805201045,2.339668288758774,0.061252372565013063,0.22050854123404703,0.119064811886775
2023-12-01 16:07:03.473759,26.824835300445557,0.046846030827821884,2.23673321114495,0.05855753853477736,0.2108071387251985,0.11382648570544163
2023-12-01 16:07:20.038197,16.562129735946655,0.07587412255976334,3.6227224974439878,0.09484265319970418,0.34143355151893506,0.18435894299571298
2023-12-01 16:07:31.746508,11.706164598464966,0.10734831642472382,5.125504557476308,0.1341853955309048,0.4830674239112573,0.260834939248794
2023-12-01 16:07:38.292447,6.5438313484191895,0.19203383989098166,9.168940457870198,0.24004229986372708,0.8641522795094175,0.4666038241671072
2023-12-01 16:07:44.185058,5.890507459640503,0.2133325643072201,10.185879639589116,0.2666657053840252,0.9599965393824906,0.5183554647536835
2023-12-01 16:07:49.626604,5.439522743225098,0.2310197274202141,11.030379471200805,0.28877465927526763,1.0395887733909634,0.5613317336856363
2023-12-01 16:07:56.269796,6.641610622406006,0.1892066748382616,9.03395326994708,0.236508343547827,0.8514300367721772,0.459734378522008
2023-12-01 16:08:03.271541,6.999596357345581,0.1795299324820589,8.571922856242168,0.2244124156025736,0.807884696169265,0.43622182994490666
2023-12-01 16:08:07.809625,4.536004066467285,0.2770361408460127,13.227501369223637,0.3462951760575159,1.2466626338070574,0.6731424150276417
2023-12-01 16:08:13.234394,5.422548294067383,0.23174289896334516,11.064908368938616,0.28967862370418146,1.0428430453350532,0.5630888959011361
2023-12-01 16:08:20.330625,7.094047784805298,0.17713963868801408,8.457794734412936,0.22142454836001765,0.7971283740960635,0.4304138940841367
2023-12-01 16:08:29.080783,8.748089790344238,0.1436470236991553,6.858640164647761,0.17955877962394415,0.6464116066461989,0.34903353818420757
2023-12-01 16:08:35.301087,6.2180259227752686,0.20209582221796962,9.649364725263226,0.25261977777246203,0.9094311999808633,0.4910524288252226
2023-12-01 16:08:42.755271,7.451961278915405,0.16863172182489042,8.051571627158628,0.21078965228111304,0.7588427482120069,0.40974135769011877
2023-12-01 16:09:53.417218,70.65984106063843,0.017784317691254135,0.8491386210239218,0.02223039711406767,0.08002942961064362,0.043212335126209304
2023-12-01 16:10:11.212025,17.792443990707397,0.0706275687641468,3.372218006213013,0.08828446095518352,0.3178240594386607,0.17161086658312394
2023-12-01 16:10:17.165292,5.951192378997803,0.21115719025832239,10.082013179702345,0.26394648782290303,0.9502073561624509,0.5130697408896718
2023-12-01 16:10:21.580359,4.407397270202637,0.28511998905379854,13.613476689665738,0.3563999863172482,1.2830399507420935,0.6927845494029197
2023-12-01 16:10:27.660711,6.078355073928833,0.2067396600152336,9.87109164736869,0.2584245750190421,0.9303284700685516,0.5023360259050148
2023-12-01 16:10:49.417875,21.75514054298401,0.05776276457295425,2.7579688525317243,0.07220345571619281,0.2599324405782941,0.14035196535936423
2023-12-01 16:10:56.757493,7.33802056312561,0.17125014172768357,8.176591968344548,0.2140626771596045,0.7706256377745763,0.4161035943699256
2023-12-01 16:11:02.796549,6.036841869354248,0.20816133478916812,9.938971617690909,0.2602016684864602,0.9367260065512567,0.5057904112707208
2023-12-01 16:11:08.788104,5.989238739013672,0.20981582404625676,10.017967660758336,0.262269780057821,0.9441712082081556,0.5098104892675948
2023-12-01 16:11:16.506796,7.716624021530151,0.1628480353493671,7.775420939596644,0.20356004418670887,0.7328161590721519,0.3956881562918922
2023-12-01 16:11:20.316813,3.8079490661621094,0.3300036422762438,15.756513271978129,0.41250455284530474,1.485016390243097,0.8018428500028172
2023-12-01 16:11:24.031434,3.7124099731445312,0.3384963057761385,16.162008084785437,0.4231203822201732,1.5232333759926235,0.8224783237748614
2023-12-01 16:11:27.566396,3.5328104496002197,0.35570463781268563,16.98364541658037,0.4446307972658572,1.600670870157086,0.8642911289572639
2023-12-01 16:11:31.118759,3.550320863723755,0.3539502793327511,16.899880969369338,0.4424378491659389,1.5927762569973802,0.8600283887227187
2023-12-01 16:11:34.783529,3.6626815795898438,0.3430920854377515,16.38144039993751,0.42886510679718937,1.5439143844698817,0.8336451491966486
2023-12-01 16:11:38.776562,3.990872621536255,0.31487776749742136,15.034305950086544,0.3935972093717768,1.4169499537383965,0.7650899994652346
2023-12-01 16:11:42.715781,3.936880588531494,0.3191961333794629,15.240492732948436,0.39899516672432866,1.4363826002075832,0.775582764885419
2023-12-01 16:11:47.029765,4.312169551849365,0.291416431178357,13.914109656070394,0.36427053897294637,1.311373940302607,0.7080836444771721
2023-12-01 16:11:51.080777,4.049434423446655,0.3103240922139287,14.816883970905574,0.38790511526741095,1.3964584149626795,0.7540254792614041
2023-12-01 16:11:56.048301,4.965212106704712,0.2530882940003778,12.084075908656501,0.31636036750047225,1.1388973230017,0.614953936762118
2023-12-01 16:12:02.762927,6.712546110153198,0.18720721479069843,8.938486084921752,0.23400901848837308,0.8424324665581431,0.45487609049843913
2023-12-01 16:12:14.763327,11.998290538787842,0.10473467510838191,5.000712376986802,0.13091834388547743,0.47130603798771875,0.25448431357834644
2023-12-01 16:12:21.177788,6.412339210510254,0.19597170707628891,9.356959766204504,0.24496463384536118,0.8818726818433003,0.4761720538539669
2023-12-01 16:12:25.240587,4.060558557510376,0.30947394148808705,14.776292263788314,0.3868424268601089,1.392632736696392,0.751959783027754
2023-12-01 16:12:28.721876,3.479146718978882,0.3611911663802256,17.245607859162032,0.45148895797528205,1.6253602487110155,0.8776222960706722
2023-12-01 16:12:33.419122,4.695046663284302,0.2676516660128077,12.779425701815818,0.33456458251600973,1.204432497057635,0.6503400180779204
2023-12-01 16:12:37.466975,4.045775413513184,0.31060475013977745,14.830284399770596,0.38825593767472183,1.3977213756289986,0.7547074218896312
2023-12-01 16:12:40.807048,3.337987184524536,0.3764655140864218,17.974904241145676,0.47058189260802735,1.6940948133888984,0.9147359061271879
2023-12-01 16:12:44.316807,3.5076866149902344,0.3582523752451631,17.10529091840408,0.4478154690564539,1.612135688603234,0.8704816213706974
2023-12-01 16:12:48.418878,4.10002875328064,0.30649469480681535,14.634043712983958,0.38311836850851927,1.3792261266306693,0.7447208094416001
2023-12-01 16:12:51.870988,3.450542449951172,0.36418536495724024,17.38857031040121,0.45523170619655035,1.6388341423075812,0.8848975997731025
2023-12-01 16:12:56.237198,4.364023685455322,0.2879537674426727,13.748779641130632,0.3599422093033409,1.2957919534920272,0.6996700641322062
2023-12-01 16:13:00.473741,4.23431134223938,0.2967748377168991,14.169954722381867,0.370968547146124,1.3354867697260464,0.7211035006845217
2023-12-01 16:13:04.518358,4.0423054695129395,0.3108713754844783,14.843014822239411,0.38858921935559787,1.3989211896801523,0.7553552681521853
2023-12-01 16:13:10.917213,6.3967204093933105,0.19645020901501328,9.379806550852615,0.24556276126876664,0.8840259405675599,0.47733471786467935
2023-12-01 16:13:21.453309,10.533806085586548,0.11929563267311132,5.695946888760204,0.14911954084138915,0.5368303470290009,0.2898645282691259
2023-12-01 16:13:55.727836,34.27219915390015,0.036666367856727194,1.7506901068871752,0.045832959820909,0.16499865535527242,0.08909194061827574
2023-12-01 16:13:59.943223,4.213266849517822,0.2982571734281987,14.240731039114355,0.37282146678524836,1.3421572804268942,0.7247052799958371
2023-12-01 16:14:05.310998,5.365672826766968,0.2341993449856113,11.182195027003239,0.29274918123201416,1.053897052435251,0.5690575684460384
2023-12-01 16:14:14.083976,8.770832777023315,0.14327454340799783,6.840855540785156,0.17909317925999732,0.6447354453359904,0.3481284855727532
2023-12-01 16:14:24.823141,10.736989259719849,0.11703812223695059,5.5881587052612485,0.14629765279618825,0.5266715500662777,0.2843792294113426
2023-12-01 16:14:30.639406,5.81414532661438,0.21613444295649664,10.319659490681918,0.27016805369562086,0.9726049933042351,0.5251634694956957
2023-12-01 16:14:34.486583,3.844982385635376,0.32682518030008095,15.604752891497347,0.40853147537510126,1.4707133113503645,0.7941198230931369
2023-12-01 16:14:38.612467,4.1238110065460205,0.30472712242175193,14.549648348277286,0.38090890302719,1.371272050897884,0.740425962060373
2023-12-01 16:14:43.618985,5.0044403076171875,0.25110441611686485,11.989352717160969,0.3138805201460811,1.129969872525892,0.6101335102807582
2023-12-01 16:14:49.221760,5.593834638595581,0.2246468018138297,10.726094687536907,0.28080850226728715,1.0109106081622339,0.5458467990472434
2023-12-01 16:14:53.960918,4.737542152404785,0.26525084548283034,12.664794965369097,0.331563556853538,1.1936288046727368,0.6445065043541813
2023-12-01 16:14:58.266392,4.303151845932007,0.2920271248675274,13.943268131874342,0.3650339060844093,1.3141220619038734,0.7095675080031182
2023-12-01 16:15:01.345411,3.0769505500793457,0.4084033984242978,19.49982589042673,0.5105042480303722,1.8378152929093399,0.9923385774913587
2023-12-01 16:15:03.930657,2.582993507385254,0.486504150259364,23.228862104549993,0.608130187824205,2.189268676167138,1.1821077843002028
2023-12-01 16:15:06.748697,2.8160107135772705,0.44624725871144505,21.3067371195403,0.5578090733893064,2.0081126642015033,1.0842915892170695
2023-12-01 16:15:11.477182,4.720292806625366,0.2662201505110258,12.711075871349436,0.33277518813878226,1.1979906772996163,0.6468617217116905
2023-12-01 16:15:17.558759,6.079373598098755,0.20670502333150148,9.869437867540205,0.25838127916437686,0.9301726049917567,0.5022518656908823
2023-12-01 16:15:27.248990,9.688116788864136,0.12970911569525467,6.193154078093498,0.16213639461906834,0.5836910206286461,0.3151672093163298
2023-12-01 16:16:14.164003,46.912741899490356,0.026786689725538486,1.2789702236665006,0.03348336215692311,0.12054010376492319,0.06508629869511341
2023-12-01 16:16:21.459509,7.293374061584473,0.17229845210529557,8.226645101891991,0.2153730651316195,0.7753430344738302,0.4186507789254472
2023-12-01 16:16:30.407957,8.94635820388794,0.1404635308353519,6.706639576976136,0.1755794135441899,0.6320858887590837,0.3412982872237381
2023-12-01 16:16:44.156810,13.746771097183228,0.09141325279602623,4.36466131397898,0.1142665659950328,0.41135963758211813,0.22211592164378458
2023-12-01 16:16:53.237094,9.078052759170532,0.13842583809247844,6.609346915216897,0.17303229761559807,0.6229162714161531,0.33634710139710416
2023-12-01 16:17:12.491953,19.252453327178955,0.06527152878027785,3.116485934563839,0.08158941097534732,0.29372187951125034,0.15859676063031913
2023-12-01 16:17:20.644461,8.15039348602295,0.15418115255305342,7.361607768127215,0.1927264406913168,0.6938151864887405,0.3746293644734093
2023-12-01 16:17:52.537120,31.890559434890747,0.03940467284688204,1.8814345393500793,0.049255841058602555,0.1773210278109692,0.09574547408335399
2023-12-01 16:18:02.875418,10.336016416549683,0.12157846996293778,5.804944340445321,0.15197308745367225,0.54710311483322,0.2954113663159463
2023-12-01 16:18:39.950625,37.07307696342468,0.033896216995305845,1.6184251460755312,0.04237027124413231,0.15253297647887634,0.08236102805519416
2023-12-01 16:18:50.509915,10.557326793670654,0.11902985348424551,5.68325686725652,0.1487873168553069,0.5356343406791049,0.28921873799601977
2023-12-01 16:18:56.771799,6.260210752487183,0.20073398662124198,9.584341865193913,0.2509174832765525,0.9033029397955891,0.4877434406922938
2023-12-01 16:19:05.923546,9.149662733078003,0.1373424461748632,6.557618761518615,0.17167805771857902,0.6180410077868845,0.33371467571568264
2023-12-01 16:19:17.999419,12.07377314567566,0.10407989667140584,4.969449009524383,0.1300998708392573,0.4683595350213263,0.2528933329321819
2023-12-01 16:19:27.214146,9.212543725967407,0.13640500374438744,6.512859182516326,0.1705062546804843,0.6138225168497435,0.3314368780981126
2023-12-01 16:19:35.816929,8.600680112838745,0.14610903381467016,6.976192488595692,0.18263629226833772,0.6574906521660158,0.3550157303628856
2023-12-01 16:19:42.379367,6.560148000717163,0.19155620594208245,9.146135116683455,0.23944525742760311,0.8620029267393712,0.46544326919807205
2023-12-01 16:19:47.357871,4.976634740829468,0.25250739242045933,12.056339901288327,0.3156342405255742,1.1362832658920672,0.6135424621032322
2023-12-01 16:19:54.287412,6.927984237670898,0.18138566981762977,8.660527787253056,0.22673208727203725,0.8162355141793342,0.4407309005228769
2023-12-01 16:20:47.954872,53.665560245513916,0.02341608017668955,1.1180354723868853,0.029270100220861944,0.105372360795103,0.05689639161332028
2023-12-01 16:20:57.101251,9.144819259643555,0.1374151883986932,6.561091946866829,0.17176898549836656,0.6183683477941196,0.33389142477114486
2023-12-01 16:21:04.633420,7.5299389362335205,0.16688542524416378,7.968192107280491,0.2086067815552047,0.7509844135987369,0.4054982062582691
2023-12-01 16:21:13.585848,8.950197458267212,0.14040327794949078,6.703762713590031,0.1755040974368635,0.6318147507727085,0.34115188476167274
2023-12-01 16:21:32.086903,18.498876094818115,0.06793045453112284,3.243440287532232,0.08491306816390355,0.3056870453900528,0.16505741841972227
2023-12-01 16:21:46.280264,14.19140076637268,0.0885491913112333,4.2279124511918065,0.11068648913904164,0.3984713609005499,0.2151568250480347
2023-12-01 16:22:20.699301,34.41750693321228,0.03651156557836805,1.7432988425463516,0.04563945697296007,0.16430204510265625,0.0887158020423187
2023-12-01 16:22:31.620746,10.91921877861023,0.11508488719884948,5.494898601861025,0.14385610899856188,0.5178819923948228,0.2796332589157645
2023-12-01 16:22:45.132919,13.509889364242554,0.09301608825620253,4.441191069913988,0.11627011032025318,0.41857239715291145,0.22601049124492095
2023-12-01 16:22:57.183590,12.048301935195923,0.10429993107700804,4.979954878514946,0.13037491384626007,0.46934968984653624,0.2534279725309142
2023-12-01 16:23:33.336714,36.15076565742493,0.034761008199499066,1.6597158845424544,0.04345126024937384,0.15642453689774583,0.08446229772314284
2023-12-01 16:23:43.582246,10.243119478225708,0.12268108988743236,5.857590563845798,0.15335136235929045,0.5520649044934456,0.29809051220848315
2023-12-01 16:23:51.636358,8.052021741867065,0.15606478741878485,7.451544708085634,0.19508098427348108,0.7022915433845319,0.37920622047016345
2023-12-01 16:23:58.977472,7.339040756225586,0.17122633640778367,8.17545534804436,0.21403292050972964,0.7705185138350267,0.4160457522036329
2023-12-01 16:24:12.103527,13.123836994171143,0.0957522607141527,4.57183368146439,0.1196903258926909,0.43088517321368724,0.23265884308324827
2023-12-01 16:24:38.145855,26.04007840156555,0.04825780637282441,2.304140528101972,0.06032225796603051,0.21716012867770984,0.11725681792468874
2023-12-01 16:24:52.404240,14.256086111068726,0.08814740957970489,4.208728786606777,0.11018426197463113,0.3966633431086721,0.21418057579676697
2023-12-01 16:24:59.515126,7.108769416809082,0.17677279818143052,8.440279390428202,0.22096599772678818,0.7954775918164375,0.42952254502123993
2023-12-01 16:25:04.686168,5.168827533721924,0.2431183964327494,11.608048364654126,0.30389799554093677,1.0940327839473725,0.5907290796522945
2023-12-01 16:25:11.185232,6.496873617172241,0.19342181108686354,9.23521120087833,0.2417772638585795,0.8703981498908863,0.4699763165788612
2023-12-01 16:25:19.845493,8.658021211624146,0.14514137014919448,6.929989951912429,0.1814267126864931,0.6531361656713752,0.3526645011885128
2023-12-01 16:25:30.401683,10.55392050743103,0.11906827046414811,5.685091142931569,0.14883533808018515,0.5358072170886665,0.2893120835737871
2023-12-01 16:25:46.680578,16.27694034576416,0.07720351827442429,3.68619646723803,0.09650439784303037,0.34741583223490935,0.18758910870319617
2023-12-01 16:26:16.451396,29.769286632537842,0.04221253525310924,2.015500093791968,0.05276566906638656,0.1899564086389916,0.10256801815800484
2023-12-01 16:26:26.524822,10.071283340454102,0.12477427344222222,5.957532716708839,0.15596784180277778,0.5614842304900001,0.3031765296099116
2023-12-01 16:26:38.179554,11.652490854263306,0.10784278461597337,5.149113674528031,0.13480348076996673,0.4852925307718802,0.26203639805989215
2023-12-01 16:26:45.814694,7.633285284042358,0.1646259788118963,7.860311486776478,0.20578247351487042,0.7408169046535336,0.4000082033171457
2023-12-01 16:26:50.314962,4.498965740203857,0.27931687725609944,13.336398511290126,0.3491460965701243,1.2569259476524475,0.6786841483568704
2023-12-01 16:26:54.435035,4.118539333343506,0.30511716891040497,14.568271696288717,0.3813964611380063,1.3730272600968227,0.7413736970185022
2023-12-01 16:26:59.332846,4.895741701126099,0.2566796081473969,12.255548528264685,0.3208495101842462,1.1550582366632862,0.623680111876545
2023-12-01 16:27:05.913475,6.578463077545166,0.19102289495631658,9.1206713928065,0.23877861869539577,0.8596030273034247,0.4641474301648581
2023-12-01 16:27:16.022980,10.107275009155273,0.1243299564222446,5.936318141700051,0.15541244552780578,0.5594848039001008,0.30209692811477
2023-12-01 16:27:25.800993,9.77592420578003,0.1285440675463634,6.1375271265426665,0.1606800844329543,0.5784483039586356,0.3123363753241539
2023-12-01 16:27:33.694888,7.891598463058472,0.15923732908084304,7.603022414390097,0.19904666135105384,0.7165679808637938,0.3869148622006325
2023-12-01 16:27:41.859877,8.162914276123047,0.15394465982714614,7.350316072227189,0.1924308247839327,0.6927509692221577,0.37405473444799975
2023-12-01 16:27:48.552280,6.690448999404907,0.18782551986386725,8.968007977541836,0.2347818998298341,0.8452148393874028,0.4563784481652247
2023-12-01 16:27:53.848732,5.294902086257935,0.23732961270375827,11.331654301166463,0.29666201587969787,1.0679832571669123,0.5766634929475919
2023-12-01 16:28:02.150354,8.294445991516113,0.15150343527720297,7.233756185930967,0.18937929409650375,0.6817654587474136,0.36812304703654786
2023-12-01 16:28:08.037905,5.885417699813843,0.21351705614295907,10.194688475874502,0.26689632017869885,0.9608267526433159,0.518803743016162
2023-12-01 16:28:13.105056,5.064932346343994,0.24810539914575402,11.846160204550339,0.3101317489321926,1.1164742961558933,0.6028464988443533
2023-12-01 16:28:21.921726,8.814399480819702,0.1425663840367552,6.807043421456121,0.17820798004594401,0.6415487281653984,0.3464077999325078
2023-12-01 16:28:29.602578,7.678442716598511,0.16365780247594236,7.814084471880976,0.204572253094928,0.7364601111417408,0.39765572845604485
2023-12-01 16:28:39.258806,9.654114723205566,0.130165954876768,6.214966542274268,0.16270744359596,0.5857467969454561,0.3162772371595709
2023-12-01 16:28:49.493216,10.232526302337646,0.12280809492264246,5.863654607591172,0.15351011865330308,0.5526364271518911,0.2983991090430367
2023-12-01 16:28:57.113117,7.618185520172119,0.1649522787425536,7.875891160844874,0.20619034842819206,0.7422852543414914,0.40080104688865686
2023-12-01 16:29:04.428466,7.313008546829224,0.1718358529719988,8.20455762027173,0.21479481621499857,0.7732613383739949,0.4175267555513628
2023-12-01 16:29:13.788785,9.358208894729614,0.13428179212195554,6.411483295034266,0.16785224015244443,0.6042680645488,0.3262778984979276
2023-12-01 16:29:33.339092,19.548027515411377,0.06428459651211373,3.069363389871274,0.08035574564014217,0.2892806843045118,0.15619871260513396
2023-12-01 16:32:29.345352,176.0040843486786,0.007139817613245928,0.3409011797768003,0.008924772016557411,0.03212917925960668,0.01734832883666496
2023-12-01 16:34:26.017161,116.6695466041565,0.010770908930498476,0.5142730193644417,0.013463636163123098,0.04846909018724315,0.026171154519325203
2023-12-01 16:34:37.419519,11.400000095367432,0.11023132025644206,5.263157850707557,0.13778915032055258,0.49604094115398933,0.2678400619591029
2023-12-01 16:36:57.029083,139.60745978355408,0.00900121715117655,0.42977646103598877,0.011251521438970687,0.04050547718029447,0.02187115743392878
2023-12-01 16:37:10.159364,13.127898931503296,0.0957226337582733,4.570419098521298,0.11965329219784165,0.43075185191223,0.23258685550585254
2023-12-01 16:37:20.287660,10.126187801361084,0.12409774399671018,5.925230815088701,0.15512217999588773,0.5584398479851959,0.3015326983632064
2023-12-01 16:37:29.962227,9.672370195388794,0.1299202817976308,6.20323651679548,0.1624003522470385,0.5846412680893386,0.3156803007118833
2023-12-01 16:37:41.011393,11.047045469284058,0.11375322613905724,5.431316469804347,0.14219153267382156,0.5118895176257576,0.2763975888726813
2023-12-01 16:37:53.971654,12.958129405975342,0.09697673345170084,4.630297948123005,0.12122091681462606,0.4363953005326538,0.23563406694094272
2023-12-01 16:38:13.383644,19.409849643707275,0.06474223574644342,3.0912140537601824,0.08092779468305429,0.29134006085899544,0.15731068441670826
2023-12-01 16:38:33.939031,20.553304195404053,0.06114039132048244,2.9192386503682783,0.07642548915060306,0.275131760942171,0.14855892283050826
2023-12-01 16:38:48.394339,14.453363180160522,0.08694426658847443,4.151282940316568,0.10868033323559306,0.39124919964813504,0.21125717895667523
2023-12-01 16:39:13.327446,24.93158197402954,0.05040342256439713,2.4065861549620133,0.06300427820549641,0.22681540153978708,0.12247023614697214
2023-12-01 16:39:40.813317,27.483734130859375,0.04572293762749422,2.183109460829437,0.05715367203436778,0.205753219323724,0.11109759384728547
2023-12-01 16:39:59.835308,19.019724369049072,0.06607020359773727,3.1546198481003445,0.08258775449717161,0.2973159161898178,0.16053738070178206
2023-12-01 16:43:16.469279,196.63184452056885,0.0063908115417412245,0.3051387741710557,0.00798851442717653,0.02875865193783551,0.015528393884122827
2023-12-01 16:43:51.539217,35.06760787963867,0.03583469581811879,1.7109806920944226,0.044793369772648486,0.16125613118153456,0.08707114389886503
2023-12-01 16:43:59.464648,7.923229455947876,0.15860162430264776,7.5726697470510205,0.1982520303783097,0.713707309361915,0.38537022673057353
2023-12-01 16:44:07.299042,7.832203149795532,0.16044490131346031,7.660679741378562,0.2005561266418254,0.7220020559105714,0.3898490212114459
2023-12-01 16:44:19.720779,12.419642210006714,0.10118142215267874,4.831057045399987,0.12647677769084845,0.4553163996870544,0.24585061954657886
2023-12-01 16:44:38.988587,19.265607595443726,0.06522696235820297,3.1143580446530983,0.08153370294775374,0.29352133061191343,0.15848847313796163
2023-12-01 16:44:47.491786,8.501053810119629,0.14782132774409923,7.057948501464157,0.18477665968012408,0.6651959748484467,0.3591762621526124
2023-12-01 16:45:00.045480,12.552132844924927,0.10011342908500209,4.780064132627403,0.12514178635625264,0.4505104308825095,0.24325560999073814
2023-12-01 16:45:14.488404,14.440664768218994,0.08702072110984277,4.154933374815816,0.10877590138730346,0.3915932449942925,0.21144294815269596
2023-12-01 16:45:34.208526,19.718010187149048,0.06373041952554187,3.0429033878430696,0.07966302440692734,0.28678688786493844,0.15485217336316165
2023-12-01 16:46:14.399455,40.18865132331848,0.03126845564749729,1.4929587837446654,0.03908556955937162,0.14070805041373782,0.07597609353228893
2023-12-01 16:46:38.670901,24.269302129745483,0.051778870884619695,2.4722589747012735,0.06472358860577464,0.2330049189807887,0.12581230047544897
2023-12-01 16:47:30.828315,52.15534257888794,0.02409411959158703,1.1504094697345064,0.030117649489483797,0.10842353816214167,0.05854389178363818
2023-12-01 16:47:39.683213,8.852744817733765,0.14194886301462453,6.777558964515544,0.17743607876828066,0.6387698835658104,0.34490734735293466
2023-12-01 16:49:39.317082,119.63174962997437,0.010504210339836577,0.5015390996585967,0.013130262924795723,0.047268946529264604,0.02552313028373492
2023-12-01 16:50:04.718123,25.398642778396606,0.049476543782283465,2.362330953015898,0.06184567972785433,0.2226444470202756,0.12021810608219237
2023-12-01 16:50:29.406953,24.686747074127197,0.05090330684972782,2.430453871457315,0.06362913356215978,0.2290648808237752,0.12368485498346866
2023-12-01 16:50:40.244160,10.83508825302124,0.11597847955557891,5.537564494065813,0.14497309944447365,0.5219031580001051,0.28180450962414566
2023-12-01 16:50:53.627426,13.381160497665405,0.09391091764089976,4.483916025853522,0.11738864705112473,0.42259912938404903,0.2281847476838583
2023-12-01 16:51:02.240596,8.6110520362854,0.14593304698899487,6.96778973662811,0.1824163087362436,0.656698711450477,0.3545881175738598
2023-12-01 16:51:15.966499,13.723571062088013,0.09156778915273985,4.3720398814964945,0.11445973644092482,0.4120550511873293,0.2224914140833273
2023-12-01 16:51:26.109213,10.14061450958252,0.12392119434659901,5.916801190233801,0.15490149293324879,0.5576453745596957,0.30110371802336633
2023-12-01 16:51:31.292986,5.181534767150879,0.24252217111473562,11.579580702686595,0.3031527138934195,1.0913497700163104,0.5892803713745846
2023-12-01 16:51:37.446604,6.151236534118652,0.20429015442111723,9.754136370338227,0.2553626930263966,0.9193056948950277,0.49638421721243076
2023-12-01 16:51:48.170496,10.721992254257202,0.11720182514932945,5.5959749435723385,0.14650228143666183,0.5274082131719826,0.28477699474784074
2023-12-01 16:52:17.404178,29.23212957382202,0.04298821467188835,2.0525360579179712,0.05373526833986045,0.19344696602349762,0.10445276400975434
2023-12-01 16:52:25.155136,7.748712778091431,0.16217365353751528,7.743221579930399,0.20271706692189415,0.7297814409188189,0.3940495433654547
2023-12-01 16:52:32.286694,7.12945032119751,0.17626002073394686,8.415796070786282,0.22032502591743358,0.7931700933027609,0.4282765983793441
2023-12-01 16:52:39.101168,6.812353610992432,0.18446444990879574,8.807528708313649,0.23058056238599467,0.8300900245895808,0.44821172038839185
2023-12-01 16:52:44.069646,4.966217994689941,0.2530370319586371,12.081628326455697,0.3162962899482964,1.138666643813867,0.6148293802530964
2023-12-01 16:52:49.330126,5.258514165878296,0.23897188859736182,11.410067199082762,0.29871486074670234,1.0753734986881285,0.5806538949138699
2023-12-01 16:52:54.442296,5.105912208557129,0.24611411440445194,11.751083361645831,0.307642643005565,1.107513514820034,0.5980080751799375
2023-12-01 16:52:58.782048,4.332513809204102,0.2900480221820149,13.848772939288615,0.36256002772751866,1.3052160998190672,0.7047586842978599
2023-12-01 16:53:03.547768,4.763648748397827,0.26379717057404073,12.595387101154339,0.32974646321755097,1.1870872675831836,0.6409743650608043
2023-12-01 16:53:10.576692,7.026830434799194,0.17883412344954758,8.53870042215052,0.2235426543119345,0.8047535555229642,0.4345311531577108
2023-12-01 16:53:18.040605,7.461711883544922,0.16841136203706006,8.041050222311064,0.2105142025463251,0.7578511291667704,0.4092059274776486
2023-12-01 16:53:23.192939,5.150108098983765,0.24400207476885402,11.650240897242407,0.30500259346106756,1.0980093364598433,0.5928762412733616
2023-12-01 16:53:27.414326,4.214757680892944,0.2981516748003611,14.235693850681427,0.37268959350045144,1.3416825366016252,0.7244489394299175
2023-12-01 16:53:32.089933,4.673548698425293,0.2688828431079212,12.838210077968466,0.33610355388490154,1.2099727939856455,0.653331532183627
2023-12-01 16:53:41.738439,9.646200895309448,0.13027274416884355,6.2200653553852,0.16284093021105445,0.586227348759796,0.3165367137814561
2023-12-01 16:53:47.311854,5.5715553760528564,0.22554510843364825,10.768985669223795,0.2819313855420604,1.0149529879514174,0.5480295044720787
2023-12-01 16:53:53.606454,6.293010473251343,0.19968774353344815,9.53438743746448,0.24960967941681023,0.8985948459005169,0.4852012792375724
2023-12-01 16:53:58.622904,5.014368534088135,0.250607240551464,11.965614332515555,0.3132590506893301,1.1277325824815883,0.6089254730919473
2023-12-01 16:54:01.766883,3.141883611679077,0.3999629574961717,19.09682452175081,0.49995369687021474,1.7998333087327731,0.9718299941241982
2023-12-01 16:54:05.176464,3.407524585723877,0.36878297715024816,17.608090122482245,0.46097872143781027,1.659523397176117,0.8960688778796732
2023-12-01 16:54:09.254101,4.075484991073608,0.3083404954718973,14.722174202926988,0.38542561933987163,1.387532229623538,0.7492057358976161
2023-12-01 16:54:45.817173,36.561240911483765,0.034370744266538605,1.641082154330112,0.042963430333173264,0.15466834919942377,0.08351403441883552
2023-12-01 16:55:00.191377,14.372441530227661,0.08743379187126962,4.1746560508741615,0.10929223983908705,0.39345206342071337,0.21244662748881096
2023-12-01 16:55:05.377212,5.183746576309204,0.24241869137256997,11.574639908943935,0.3030233642157125,1.090884111176565,0.5890289362970706
2023-12-01 16:55:08.735007,3.3511435985565186,0.37498753022019254,17.90433570970954,0.46873441277524075,1.6874438859908667,0.911144700929024
2023-12-01 16:55:12.219251,3.4821858406066895,0.3608759322325478,17.23055653731175,0.45109491529068485,1.6239416950464656,0.8768563401386449
2023-12-01 16:55:16.023112,3.8016605377197266,0.3305495188136026,15.782576956749692,0.41318689851700324,1.4874728346612116,0.8031692208132916
2023-12-01 16:55:19.607736,3.5825676918029785,0.3507643594037707,16.747764497871675,0.43845544925471347,1.5784396173169686,0.8522872404792823
2023-12-01 16:55:22.808337,3.198519468307495,0.39288085437256065,18.758679005868036,0.49110106796570097,1.7679638446765236,0.9546218999544481
2023-12-01 16:55:26.716234,3.9058525562286377,0.32173182252667637,15.361562971525483,0.40216477815834545,1.4477932013700436,0.7817439823753182
2023-12-01 16:55:32.255992,5.53767466545105,0.2269250429744346,10.834872690216613,0.2836563037180433,1.0211626933849558,0.5513824694192813
2023-12-01 16:55:37.740227,5.482179641723633,0.22922216044726737,10.944551970415842,0.2865277005590843,1.0314997220127033,0.5569640054547704
2023-12-01 16:55:43.038475,5.291352272033691,0.2374888302329828,11.339256378207352,0.2968610377912286,1.068699736048423,0.5770503597001018
2023-12-01 16:55:52.337659,9.29212212562561,0.13523682151899308,6.457082589835245,0.16904602689874137,0.608565696835469,0.32859842892684943
2023-12-01 16:56:00.283482,7.943630933761597,0.15819429073611987,7.553221001870971,0.19774286342014985,0.7118743083125395,0.3843804876306241
2023-12-01 16:56:07.114632,6.828975439071655,0.18401546068625882,8.786091052065128,0.23001932585782356,0.8280695730881649,0.44712076637547177
2023-12-01 16:56:11.020427,3.903640031814575,0.32191417528111055,15.370269674201873,0.4023927191013883,1.448613788764998,0.7821870630980426
2023-12-01 16:56:14.362148,3.339614152908325,0.3762821104173266,17.96614736099037,0.4703526380216583,1.6932694968779698,0.9142902718920203
2023-12-01 16:56:17.437851,3.073603630065918,0.4088481185874207,19.521059714102826,0.5110601482342759,1.8398165336433934,0.9934191585437149
2023-12-01 16:56:20.052904,2.612912654876709,0.48093343613708045,22.96288009781602,0.6011667951713506,2.1642004626168623,1.1685720631258782
2023-12-01 16:56:23.043055,2.983142375946045,0.4212460898844627,20.11301923897353,0.5265576123555785,1.8956074044800828,1.0235437492012678
2023-12-01 16:56:27.246262,4.201078653335571,0.2991224790419415,14.282046338828057,0.3739030988024269,1.346051155688737,0.7268077995761095
2023-12-01 16:56:32.280680,5.03235125541687,0.24971171479400633,11.922856127225904,0.312139643492508,1.123702716573029,0.6067495246064768
2023-12-01 16:56:36.078418,3.789586305618286,0.33160270279974313,15.832862787963542,0.414503378499679,1.4922121625988445,0.805728247262816
2023-12-01 16:56:38.838410,2.75787091255188,0.455654779096655,21.75591313100348,0.5695684738708189,2.050446505934948,1.1071499822490525
2023-12-01 16:56:41.562960,2.722435474395752,0.461585618191678,22.03908983860015,0.5769820227395975,2.0771352818625513,1.1215607350821393
2023-12-01 16:56:44.528055,2.963042736053467,0.42410358991637637,20.24945481546282,0.5301294873954705,1.9084661546236938,1.0304869027788113
2023-12-01 16:56:48.501940,3.971998929977417,0.3163739677651579,15.105744250626254,0.3954674597064475,1.423682854943211,0.7687254668757809
2023-12-01 16:56:57.380868,8.877326726913452,0.1415557971552587,6.7587914521719235,0.1769447464440734,0.6370010871986642,0.34395227592784766
2023-12-01 16:57:09.287527,11.90436053276062,0.10556107217835607,5.040169930579715,0.1319513402229451,0.4750248248026024,0.2564922931789696
2023-12-01 16:57:13.422880,4.133150100708008,0.30403857368273546,14.516772567665038,0.3800482171034194,1.36817358157231,0.7387529263343108
2023-12-01 16:57:20.841763,7.416755676269531,0.16943217712518455,8.089790552488404,0.21179022140648074,0.7624447970633307,0.41168630397877354
2023-12-01 16:57:32.558300,11.714264869689941,0.10727408637373405,5.1219603336140125,0.13409260796716757,0.48273338868180327,0.260654575070899
2023-12-01 16:57:45.565505,13.004995346069336,0.09662725960265156,4.613611800955742,0.12078407450331448,0.4348226682119321,0.23478491538252283
2023-12-01 16:57:50.549012,4.9813597202301025,0.2522678810631788,12.044904076356975,0.31533485132897354,1.1352054647843048,0.612960497407312
2023-12-01 16:57:53.833331,3.282744884490967,0.3828007066198736,18.27738740328699,0.478500883274842,1.7226031797894312,0.9301291569449689
2023-12-01 16:57:57.988299,4.152705430984497,0.30260683843833386,14.448412245261418,0.37825854804791736,1.3617307729725026,0.7352740960374637
2023-12-01 16:58:03.201931,5.211577892303467,0.24112410625038092,11.51282802250905,0.3014051328129762,1.0850584781267143,0.5858833533671757
2023-12-01 16:58:08.507057,5.3028244972229,0.23697504265774225,11.31472482851773,0.2962188033221778,1.06638769195984,0.5758019586497821
2023-12-01 16:58:13.478378,4.969146251678467,0.2528879203367084,12.074508770944977,0.31610990042088555,1.137995641515188,0.6144670688341342
2023-12-01 16:58:17.796150,4.315669775009155,0.29118007793662837,13.902824620049321,0.3639750974207855,1.3103103507148277,0.7075093533704196
2023-12-01 16:58:22.677134,4.878889560699463,0.25756620349810894,12.29788033804112,0.32195775437263624,1.1590479157414906,0.6258343612597053
2023-12-01 16:58:27.678538,4.999093055725098,0.2513730085493772,12.002177061154395,0.31421626068672154,1.1311785384721975,0.6107861361732768
2023-12-01 16:58:33.232612,5.551989316940308,0.2263399638759478,10.806937221029434,0.28292495484493474,1.018529837441765,0.549960844225778
2023-12-01 16:58:40.807721,7.572846174240112,0.16593986362888363,7.923044865759554,0.20742482953610455,0.7467293863299764,0.4032006806454615
2023-12-01 16:58:50.636490,9.826656579971313,0.1278804292395029,6.10584073145407,0.15985053654937864,0.5754619315777632,0.3107238669661442
2023-12-01 16:58:58.780489,8.141865968704224,0.15434263672064732,7.36931806917831,0.19292829590080918,0.6945418652429131,0.37502173870382893
2023-12-01 16:59:04.534102,5.7514214515686035,0.21849156282803628,10.432203674386617,0.27311445353504543,0.9832120327261635,0.5308907993595627
2023-12-01 16:59:09.112017,4.575791358947754,0.27462726397667153,13.112485970907022,0.34328407997083943,1.235822687895022,0.6672893260105165
2023-12-01 16:59:15.060066,5.945996046066284,0.21134172503651016,10.09082406633863,0.2641771562956377,0.9510377626642957,0.5135181234937124
2023-12-01 16:59:19.993802,4.931602478027344,0.2548131296135158,12.166430742812057,0.3185164120168948,1.1466590832608212,0.6191449423349208
2023-12-01 16:59:25.278666,5.282629728317261,0.23788096574321305,11.357979469651854,0.29735120717901636,1.070464345844459,0.5780031705628592
2023-12-01 16:59:29.160122,3.8792526721954346,0.323937925065534,15.466896608733517,0.40492240633191756,1.4577206627949033,0.7871043703242346
2023-12-01 16:59:33.137229,3.975067377090454,0.3161297513290734,15.09408377473011,0.3951621891613418,1.4225838809808307,0.7681320697793828
2023-12-01 16:59:37.085930,3.946262836456299,0.3184372439227499,15.204258430459577,0.39804655490343743,1.4329675976523748,0.7737388152834979
2023-12-01 16:59:43.027350,5.939239501953125,0.21158214970496994,10.102303498666611,0.26447768713121245,0.9521196736723648,0.514102307353136
2023-12-01 16:59:51.567454,8.5380380153656,0.14718101034153194,7.0273755975342524,0.18397626292691494,0.6623145465368938,0.35762041892785434
2023-12-01 16:59:58.768205,7.198675155639648,0.1745650462434649,8.334867000213821,0.21820630780433115,0.7855427080955921,0.42415814936237106
2023-12-01 17:00:05.950464,7.180116415023804,0.1750162516594449,8.356410471904736,0.21877031457430612,0.787573132467502,0.4252544882821192
2023-12-01 17:00:15.755843,9.803290843963623,0.12818522692404782,6.120393748895556,0.1602315336550598,0.5768335211582153,0.31146446438005143
2023-12-01 17:00:26.809820,11.051866292953491,0.1137036069860102,5.428947329760506,0.14212950873251276,0.5116662314370459,0.2762770242546076
2023-12-01 17:00:51.996844,25.18476176261902,0.04989672220370596,2.3823929948408797,0.06237090275463246,0.22453524991667687,0.12123905561056476
2023-12-01 17:01:00.854531,8.855309963226318,0.14190774424095684,6.775595687690617,0.17738468030119606,0.6385848490843058,0.3448074369566769
2023-12-01 17:01:05.649691,4.793056964874268,0.2621786201676995,12.518107011810558,0.32772327520962447,1.1798037907546481,0.6370416112834765
2023-12-01 17:01:10.294473,4.642524480819702,0.2706796844319581,12.924002931570145,0.3383496055399477,1.2180585799438117,0.6576974972327719
2023-12-01 17:01:19.845845,9.549262285232544,0.13159519802689298,6.283207875941056,0.16449399753361627,0.5921783911210186,0.31975001216574467
2023-12-01 17:01:27.065561,7.217549085617065,0.1741085577014099,8.313071277833961,0.2176356971267624,0.7834885096563446,0.42304897350288584
2023-12-01 17:01:32.516983,5.449220895767212,0.23060857422976455,11.01074835241239,0.28826071778720574,1.0377385840339408,0.560332713663482
2023-12-01 17:01:40.135617,7.610418796539307,0.16512061885573878,7.883928809185095,0.2064007735696735,0.7430427848508246,0.4012100796956742
2023-12-01 17:01:48.831568,8.69385838508606,0.1445430792375942,6.901423665115988,0.1806788490469928,0.6504438565691741,0.3512107739315065
2023-12-01 17:01:53.751944,4.918271541595459,0.25550379860243977,12.199407757900318,0.31937974825304977,1.1497670937109792,0.6208231298442083
2023-12-01 17:02:04.710709,10.95671033859253,0.11469109090250366,5.476096213720609,0.14336386362812958,0.5161099090612665,0.2786764126749034
2023-12-01 17:02:12.295443,7.582671165466309,0.16572485262963904,7.9127788467548825,0.20715606578704882,0.7457618368333757,0.402678246919497
2023-12-01 17:02:15.932586,3.635063409805298,0.3456988007544071,16.50590188830124,0.43212350094300894,1.5556446033948321,0.8399789460730586
2023-12-01 17:02:19.592463,3.6577203273773193,0.34355744807229666,16.40365982902295,0.4294468100903709,1.5460085163253352,0.8347758873260666
2023-12-01 17:02:24.962832,5.368278503417969,0.23408566836385628,11.176767368123349,0.2926070854548204,1.0533855076373535,0.568781356990498
2023-12-01 17:02:43.298711,18.328169584274292,0.06856315114598904,3.273649325652271,0.0857039389324863,0.3085341801569507,0.16659474465452417
2023-12-01 17:02:49.584083,6.283518314361572,0.19998940061394505,9.548790502108405,0.24998675076743135,0.8999523027627528,0.48593424561176374
2023-12-01 17:02:54.136909,4.5512919425964355,0.27610557118404205,13.183069940745442,0.34513196398005264,1.2424750703281895,0.6708813168629855
2023-12-01 17:03:01.266932,7.127586841583252,0.17630610322480197,8.417996347649156,0.2203826290310025,0.7933774645116091,0.4283885696156239
2023-12-01 17:03:08.624877,7.355843782424927,0.17083520240578767,8.156780075095668,0.2135440030072346,0.7687584108260446,0.41509537480558295
2023-12-01 17:03:20.290821,11.663593292236328,0.10774013033122273,5.144212293473743,0.13467516291402842,0.4848305864905023,0.261786968678805
2023-12-01 17:03:28.836037,8.543139934539795,0.14709311460009583,7.0231788850163674,0.18386639325011983,0.6619190157004314,0.35740684985531296
2023-12-01 17:03:36.440373,7.602247953414917,0.16529808934624896,7.8924024009303855,0.20662261168281124,0.7438414020581204,0.4016412974935158
2023-12-01 17:03:44.614942,8.172410726547241,0.15376577407616826,7.341774906772139,0.19220721759521037,0.6919459833427574,0.37362007785027374
2023-12-01 17:03:50.139087,5.52229642868042,0.22755697338329894,10.865045144694866,0.28444621672912374,1.0240063802248456,0.5529179339267399
2023-12-01 17:03:53.510858,3.3654561042785645,0.3733927950622598,17.82819271471731,0.4667409938278248,1.6802675777801692,0.907269813442279
2023-12-01 17:03:56.329720,2.816793441772461,0.44612325589808993,21.300816421329472,0.5576540698726126,2.007554651541405,1.0839902871811793
2023-12-01 17:03:59.151895,2.8199949264526367,0.4456167809552345,21.276634024117183,0.5570209761940432,2.005275514298556,1.082759654365029
2023-12-01 17:04:03.634176,4.480111598968506,0.2804923568701377,13.392523528613507,0.3506154460876721,1.2622156059156195,0.6815403287230605
2023-12-01 17:04:09.303021,5.666754722595215,0.22175603550040593,10.588070763105428,0.27719504437550746,0.9979021597518268,0.5388228150588864
2023-12-01 17:04:12.883145,3.578061103820801,0.35120614907722747,16.768858400972956,0.4390076863465344,1.580427670847524,0.8533607010278474
2023-12-01 17:04:17.043706,4.158418655395508,0.3021910888663033,14.428561665418316,0.37773886108287913,1.3598598998983649,0.7342639077273437
2023-12-01 17:04:23.162829,6.117005348205566,0.20543337628510555,9.80872119354957,0.256791720356382,0.9244501932829752,0.49916201769754953
2023-12-01 17:04:26.783583,3.618631601333618,0.3472685810218409,16.5808533750403,0.4340857262773012,1.5627086145982843,0.8437931981668692
2023-12-01 17:04:29.773558,2.9879310131073,0.42057097567626806,20.080784909957803,0.5257137195953352,1.8925693905432068,1.0219033566981963
2023-12-01 17:04:32.940376,3.1646668910980225,0.39708351769051764,18.95934139822919,0.49635439711314716,1.7868758296073297,0.96483353128442
2023-12-01 17:04:36.518682,3.5761897563934326,0.35138992811814007,16.777633203812336,0.4392374101476752,1.5812546765316307,0.853807247341457
2023-12-01 17:04:40.392603,3.8717875480651855,0.32456250396897046,15.496718054683365,0.40570312996121316,1.4605312678603675,0.7886219721438046
2023-12-01 17:04:45.304007,4.909236192703247,0.25597404812253616,12.221860518583297,0.31996756015317024,1.1518832165514128,0.6219657421281385
2023-12-01 17:04:51.631829,6.325725078582764,0.19865502307246308,9.485078667605105,0.24831877884057885,0.8939476038260838,0.48269197506147077
2023-12-01 17:04:56.965341,5.331395149230957,0.2357051064986591,11.254089843378965,0.2946313831233239,1.060672979243966,0.5727162677704419
2023-12-01 17:05:02.759208,5.791489601135254,0.21697993918345113,10.360028961847524,0.27122492397931397,0.9764097263255304,0.5272178562279497
2023-12-01 17:05:07.816149,5.054760694503784,0.24860465952469366,11.86999813170979,0.31075582440586713,1.1187209678611216,0.6040596017131008
2023-12-01 17:05:10.735033,2.916750907897949,0.43083454882390126,20.570834430027123,0.5385431860298766,1.9387554697075557,1.0468417867323154
2023-12-01 17:05:13.631383,2.894280433654785,0.4341794412261166,20.730541278004054,0.542724301532646,1.9538074855175254,1.0549692062912186
2023-12-01 17:05:17.734408,4.100851535797119,0.3064332006332079,14.631107582473664,0.3830415007915099,1.3789494028494356,0.7445713908985686
2023-12-01 17:05:21.749356,4.0129075050354,0.31314877301784005,14.951752544685354,0.3914359662723001,1.4091694785802804,0.7608888886787478
2023-12-01 17:05:26.464282,4.712783575057983,0.26664433904551965,12.731329381969719,0.33330542380689965,1.1998995257048388,0.6478924150128038
2023-12-01 17:05:35.554533,9.088412761688232,0.13826804463956682,6.601812832811371,0.17283505579945857,0.6222062008780509,0.33596369486521954
2023-12-01 17:05:42.540444,6.9843010902404785,0.17992309397884929,8.59069493493645,0.22490386747356164,0.809653922904822,0.43717713374980804
2023-12-01 17:05:46.758424,4.216138601303101,0.2980540205788118,14.23103120505942,0.3725675257235148,1.3412430926046535,0.724211659202397
2023-12-01 17:05:51.475337,4.715407848358154,0.26649594305473756,12.72424399532932,0.33311992881842195,1.1992317437463191,0.6475318424344013
2023-12-01 17:05:56.151766,4.674346446990967,0.2688369541467891,12.83601904146921,0.33604619268348646,1.2097662936605513,0.6532200311858684
2023-12-01 17:06:03.283223,7.129324674606323,0.1762631271250538,8.415944390036236,0.22032890890631732,0.7931840720627423,0.42828414628845585
2023-12-01 17:06:21.242213,17.956847190856934,0.06998094086782437,3.3413437984007643,0.08747617608478048,0.31491423390520973,0.17003969012063969
2023-12-01 17:06:39.401856,18.157570600509644,0.06920733445478913,3.3044068130081197,0.08650916806848644,0.3114330050465512,0.1681599812582467
2023-12-01 17:06:44.311782,4.9076478481292725,0.2560568933068272,12.22581608476068,0.32007111663353405,1.1522560198807226,0.6221670393569289
2023-12-01 17:06:47.274192,2.9605441093444824,0.4244615229577374,20.266544859311377,0.5305769036971718,1.9100768533098185,1.0313566084827104
2023-12-01 17:06:50.162949,2.887448787689209,0.43520670108285764,20.779589323216115,0.5440083763535721,1.9584301548728598,1.0574652422911277
2023-12-01 17:06:53.908590,3.74411678314209,0.33562977177793535,16.025141168178937,0.4195372147224192,1.5103339730007093,0.8155132194660274
2023-12-01 17:07:05.527007,11.61618161201477,0.10817987385253697,5.165208500006681,0.13522484231567122,0.48680943233641644,0.2628554574868944
2023-12-01 17:07:30.801556,25.272461891174316,0.04972357132625697,2.374125649426868,0.06215446415782123,0.22375607096815642,0.12081833360853922
2023-12-01 17:07:36.312961,5.509135007858276,0.22810061101124576,10.891001929416413,0.28512576376405724,1.0264527495506062,0.5542388646351251
2023-12-01 17:07:42.295768,5.980553865432739,0.21012051554275063,10.032515608093856,0.26265064442843833,0.945542319942378,0.5105508286657756
2023-12-01 17:07:46.671744,4.37410831451416,0.2872898819780356,13.717081445127475,0.3591123524725445,1.2928044689011604,0.6980569552302309
2023-12-01 17:07:49.498111,2.825031042098999,0.4448223905186668,21.23870467469978,0.5560279881483337,2.0017007573340013,1.0808294444822568
2023-12-01 17:07:52.231663,2.7320024967193604,0.45996922145748786,21.961912579526967,0.5749615268218599,2.0698614965586954,1.1176332142974041
2023-12-01 17:07:55.031937,2.798110008239746,0.44910209310407023,21.443045421128815,0.5613776163800879,2.0209594189683164,1.09122826582427
2023-12-01 17:07:57.872539,2.8325002193450928,0.4436494136358678,21.182699153990782,0.5545617670448348,1.9964223613614054,1.0779793452524318
2023-12-01 17:08:01.338079,3.463426351547241,0.3628306000716691,17.323885051921422,0.4535382500895865,1.6327377003225114,0.8816057920541418
2023-12-01 17:08:06.376909,5.036705493927002,0.24949583868882247,11.912548802455273,0.3118697983610282,1.1227312740997015,0.606224988846101
2023-12-01 17:08:13.149490,6.770139932632446,0.18561463632071437,8.862446064193843,0.23201829540089297,0.8352658634432147,0.4510064433320718
2023-12-01 17:08:20.070146,6.918393850326538,0.1816371095115676,8.672533148306972,0.22704638688945955,0.8173669928020544,0.4413418486912071
2023-12-01 17:08:24.523817,4.451595067977905,0.28228916652267133,13.478314870012296,0.3528614581533392,1.2703012493520212,0.6859062168167869
2023-12-01 17:08:29.890183,5.364241600036621,0.23426183142596305,11.185178534760698,0.29282728928245383,1.054178241416834,0.5692093979988051
2023-12-01 17:08:38.153187,8.26091718673706,0.15211834630825904,7.263116024977259,0.1901479328853238,0.6845325583871658,0.3696171578598078
2023-12-01 17:08:50.010815,11.855416774749756,0.10599686922119549,5.060977706645533,0.1324960865264944,0.47698591149537983,0.25755119283366085
2023-12-01 17:09:07.339371,17.326415300369263,0.07252723888068963,3.4629205730005372,0.09065904860086205,0.3263725749631034,0.17622668503229968
2023-12-01 17:09:11.619791,4.278233528137207,0.29372801956023,14.024479871281057,0.36716002445028756,1.3217760880210352,0.713700341927447
2023-12-01 17:09:15.978612,4.35672926902771,0.2884358847747179,13.771799048094211,0.36054485596839736,1.2979614814862306,0.7008415128256096
2023-12-01 17:09:21.107588,5.126901388168335,0.24510654024591455,11.702975239286966,0.30638317530739323,1.1029794311066157,0.5955598714895233
2023-12-01 17:09:27.988022,6.873591423034668,0.18282102966212035,8.729061171562943,0.22852628707765046,0.8226946334795416,0.44421853787302007
2023-12-01 17:09:32.565636,4.575501441955566,0.2746446651536474,13.113316815906419,0.34330583144205923,1.2359009931914133,0.6673316073903324
2023-12-01 17:09:36.111722,3.5439558029174805,0.35458598563825755,16.93023370963215,0.443232482047822,1.5956369353721593,0.8615730279038384
2023-12-01 17:09:39.335827,3.221966505050659,0.3900217644926011,18.622167519726162,0.48752720561575147,1.7550979402167053,0.9476748833641223
2023-12-01 17:09:43.082563,3.744615316390991,0.3355850882560206,16.02300768716269,0.41948136032002575,1.5101328971520926,0.8154046474444788
2023-12-01 17:09:49.934414,6.849970817565918,0.18345144744462621,8.759161403452595,0.2293143093057828,0.8255315135008181,0.44575032700095285
2023-12-01 17:10:00.198471,10.262454748153687,0.1224499490886426,5.846554403642518,0.15306243636080324,0.5510247708988917,0.29752888629558377
2023-12-01 17:10:05.094385,4.89375376701355,0.2567838761946516,12.260526960802823,0.3209798452433146,1.1555274428759326,0.6239334623777646
2023-12-01 17:10:07.387775,2.291314125061035,0.5484350869623533,26.185846516527604,0.6855438587029418,2.4679578913305904,1.3325875743011264
2023-12-01 17:10:09.683359,2.293504476547241,0.5479113183714918,26.16083840844604,0.6848891479643648,2.4656009326717134,1.331314921379051
2023-12-01 17:10:11.907265,2.221773862838745,0.565600794236692,27.005448665841453,0.707000992795865,2.545203574065114,1.3742968098363142
2023-12-01 17:10:14.438093,2.5287418365478516,0.49694161866338776,23.72721451150975,0.6211770233292347,2.236237283985245,1.2074687450282997
2023-12-01 17:10:17.817123,3.376940965652466,0.3721228988653995,17.767559637634136,0.4651536235817495,1.6745530448942982,0.904184219663148
2023-12-01 17:10:23.229772,5.410466909408569,0.23226037280639855,11.089615924951428,0.29032546600799825,1.0451716776287938,0.5643462538449873
2023-12-01 17:10:27.849661,4.617730617523193,0.2721330379618242,12.993395451071619,0.34016629745228033,1.2245986708282093,0.6612288556396406
2023-12-01 17:10:32.538214,4.686306476593018,0.2681508492268953,12.80325994462498,0.3351885615336192,1.2066788215210291,0.6515529334515103
2023-12-01 17:10:35.753473,3.2131752967834473,0.3910888592645023,18.67311754203484,0.488861074080628,1.7598998666902608,0.950267710240888
2023-12-01 17:10:39.033833,3.2781097888946533,0.38334196911069385,18.303230783564274,0.4791774613883673,1.7250388609981224,0.9314443165451639
2023-12-01 17:10:43.704073,4.6680731773376465,0.2691982352668726,12.853268944301329,0.3364977940835908,1.211392058700927,0.6540978720514472
2023-12-01 17:10:48.601830,4.8959033489227295,0.2566711333695796,12.255143887430316,0.32083891671197456,1.1550201001631084,0.6236595198614047
2023-12-01 17:10:54.995010,6.3916261196136475,0.19660678486492525,9.387282496997306,0.24575848108115658,0.8847305318921637,0.4777151658647954
2023-12-01 17:11:02.591403,7.58850359916687,0.1655974784770322,7.906697178952028,0.2069968480962903,0.7451886531466451,0.4023687532034929
2023-12-01 17:11:08.001848,5.408378839492798,0.2323500440205416,11.093897410046603,0.2904375550256771,1.0455751980924375,0.5645641369611122
2023-12-01 17:11:12.216524,4.208094120025635,0.2986238010827244,14.258236220161942,0.3732797513534055,1.34380710487226,0.7255961118708038
2023-12-01 17:11:20.511111,8.292526483535767,0.151538504451072,7.235430615642388,0.18942313056384003,0.6819232700298241,0.3682082581152148
2023-12-01 17:11:28.271585,7.758395433425903,0.1619712571006476,7.733557861912895,0.20246407137580952,0.7288706569529143,0.39355776050315355
2023-12-01 17:11:34.744063,6.470227241516113,0.1942183812915758,9.273244626558233,0.24277297661446975,0.8739827158120911,0.4719118228622709
2023-12-01 17:11:48.257831,13.511919736862183,0.09300211116616215,4.440523713022999,0.1162526389577027,0.4185095002477297,0.2259765297115408
2023-12-01 17:11:59.643976,11.384541511535645,0.11038099866934485,5.270304468493847,0.1379762483366811,0.496714494012052,0.2682037505667742
2023-12-01 17:12:04.549382,4.903285980224609,0.2562846765422304,12.236691933121046,0.320355845677788,1.153281044440037,0.6227205070623115
2023-12-01 17:12:09.839079,5.287447929382324,0.23766419607705083,11.347629480487225,0.2970802450963136,1.069488882346729,0.5774764636280182
2023-12-01 17:12:18.805085,8.963868856430054,0.14018913948462036,6.69353835503296,0.1752364243557755,0.6308511276807918,0.34063157111973064
2023-12-01 17:12:24.519825,5.712414264678955,0.21998353116754246,10.503439915237323,0.27497941395942815,0.9899258902539414,0.5345159840308948
2023-12-01 17:12:29.106986,4.585041761398315,0.27407319863814644,13.086031299680377,0.3425914982976831,1.2333293938716592,0.6659430580509683
2023-12-01 17:12:34.877142,5.767988204956055,0.21786401372252653,10.402240411734185,0.27233001715315824,0.9803880617513697,0.5293659805429951
2023-12-01 17:12:38.725338,3.845954179763794,0.32674259824725627,15.600809888922027,0.40842824780907033,1.4703416921126533,0.7939191652211833
2023-12-01 17:12:42.275034,3.5474066734313965,0.3542410490591922,16.913764201148712,0.4428013113239903,1.594084720766365,0.8607349010040253
2023-12-01 17:12:48.356981,6.080074310302734,0.20668120113376504,9.868300441382685,0.2583515014172063,0.9300654051019427,0.5021939825148223
2023-12-01 17:12:52.925624,4.567076921463013,0.2751512801394568,13.137505899677219,0.34393910017432106,1.2381807606275559,0.6685625804828522
2023-12-01 17:12:56.988246,4.060468912124634,0.3094807739282466,14.776618488775744,0.3868509674103083,1.3926634826771098,0.7519763844908537
2023-12-01 17:13:00.200730,3.2103750705718994,0.39142998366607007,18.689405032450473,0.48928747958258767,1.7614349264973157,0.9510965743118173
2023-12-01 17:13:02.936298,2.733328104019165,0.459746145948641,21.95126150855225,0.5746826824358013,2.068857656768885,1.1170911854260082
2023-12-01 17:13:06.059672,3.1213219165802,0.40259771180946335,19.222624773588727,0.5032471397618292,1.8116897031425852,0.9782319201546341
2023-12-01 17:13:08.960146,2.898357629776001,0.4335686695547769,20.701379078825788,0.5419608369434712,1.9510590129964964,1.0534851532841971
2023-12-01 17:13:12.790715,3.828542470932007,0.3282285807136432,15.671760325384039,0.4102857258920541,1.4770286132113948,0.7975298054180104
2023-12-01 17:13:18.097418,5.304553985595703,0.23689777969048162,11.31103579357049,0.29612222461310206,1.0660400086071675,0.5756142250919323
2023-12-01 17:13:22.520855,4.4211602210998535,0.28423241832283186,13.571098308912628,0.35529052290353985,1.2790458824527435,0.6906279300408169
2023-12-01 17:13:26.784038,4.260937213897705,0.2949203422517472,14.081409086315736,0.368650427814684,1.3271415401328623,0.7165974476032954
2023-12-01 17:13:30.271303,3.479886054992676,0.3611144277649523,17.241943860177997,0.45139303470619035,1.6250149249422854,0.8774358365832811
2023-12-01 17:13:32.988433,2.7150728702545166,0.4628373238903593,22.098854383372583,0.5785466548629492,2.082767957506617,1.1246021295887951
2023-12-01 17:13:35.497287,2.50675630569458,0.5013000500213061,23.935314279931575,0.6266250625266326,2.2558502250958776,1.2180588615417696
2023-12-01 17:13:37.954257,2.4546878337860107,0.5119335518511661,24.443026593511256,0.6399169398139576,2.3037009833302475,1.2438961442879632
2023-12-01 17:13:40.418668,2.462303400039673,0.5103502116821469,24.36742766916265,0.6379377646026838,2.2965759525696616,1.240048944345281
2023-12-01 17:13:43.322499,2.9017839431762695,0.4330567285655363,20.67693569712309,0.5413209107069205,1.9487552785449136,1.0522412390685403
2023-12-01 17:13:46.070799,2.746591091156006,0.45752608223418306,21.84526127431177,0.5719076027927289,2.0588673700538243,1.1116968746126181
2023-12-01 17:13:49.225425,3.153298854827881,0.39851505337400356,19.02769219230095,0.49814381671750446,1.793317740183016,0.9683118766881539
2023-12-01 17:13:53.788861,4.56174898147583,0.27547264580730313,13.152849980050553,0.34434080725912897,1.2396269061328644,0.6693434347825853
2023-12-01 17:14:05.505589,11.71445894241333,0.10727230917051929,5.12187547841106,0.13409038646314914,0.4827253912673369,0.2606502568225278
2023-12-01 17:14:14.128827,8.62099003791809,0.1457648200390899,6.959757491436515,0.18220602504886238,0.6559416901759045,0.35417935973098064
2023-12-01 17:14:20.641676,6.510439395904541,0.19301877876728532,9.21596782511233,0.24127347345910669,0.8685845044527841,0.4689970286487499
2023-12-01 17:14:32.213069,11.569180250167847,0.1086193692433555,5.186192859181143,0.1357742115541944,0.48878716159509983,0.2639233433875052
2023-12-01 17:14:35.889360,3.6740047931671143,0.34203468209214133,16.33095310914878,0.4275433526151767,1.539156069414636,0.831075870547485
2023-12-01 17:14:39.266588,3.374976634979248,0.3723394847868759,17.777900853636257,0.4654243559835949,1.6755276815409417,0.9047104801351511
2023-12-01 17:14:42.930456,3.6616628170013428,0.3431875419007092,16.385998110316446,0.4289844273758866,1.5443439385531919,0.8338770893103434
2023-12-01 17:14:46.642127,3.7098076343536377,0.3387337526073268,16.173345335856975,0.42341719075915857,1.524301886732971,0.8230552720852828
2023-12-01 17:14:51.963040,5.319364547729492,0.23623819164119858,11.279542784036167,0.29529773955149824,1.0630718623853936,0.5740115580497843
2023-12-01 17:15:08.020134,16.050519227981567,0.0782926111975971,3.7381968239008363,0.09786576399699638,0.352316750389187,0.19023538668792145
2023-12-01 17:15:16.784339,8.762061357498169,0.14341797097329673,6.847703702583042,0.17927246371662095,0.6453808693798354,0.34847698587091647
2023-12-01 17:15:25.436468,8.65000319480896,0.1452759072031384,6.936413623061688,0.181594884003923,0.6537415824141228,0.3529913993221857
2023-12-01 17:15:30.706056,5.267387390136719,0.23856932637781564,11.390846268939915,0.29821165797226956,1.0735619687001705,0.5796757492328165
2023-12-01 17:15:36.364890,5.65237021446228,0.2223203742424121,10.615015953215991,0.27790046780301514,1.0004416840908545,0.540194045334213
2023-12-01 17:15:44.543514,8.176339387893677,0.15369189093306976,7.338247246541551,0.1921148636663372,0.6916135091988139,0.3734405565891729
2023-12-01 17:16:36.360592,51.81499242782593,0.024252383384718437,1.1579660092313073,0.03031547923089805,0.10913572523123298,0.05892844114818887
2023-12-01 17:16:47.871375,11.50874376296997,0.10918976799876434,5.213427393618178,0.13648720999845546,0.49135395599443965,0.26530929828339767
2023-12-01 17:16:54.806094,6.933084011077881,0.18125224783487787,8.65415735683143,0.22656530979359737,0.8156351152569505,0.44040671178918633
2023-12-01 17:17:01.095497,6.287351608276367,0.1998674703959201,9.542968763035121,0.24983433799490012,0.8994036167816405,0.48563797956800664
2023-12-01 17:17:07.069815,5.9723801612854,0.21040808312601766,10.046245948798838,0.2630101039075221,0.9468363740670797,0.5112495603795978
2023-12-01 17:17:13.688105,6.610037803649902,0.1901104197531265,9.077103911095556,0.23763802469140816,0.8554968888890694,0.4619302979161468
2023-12-01 17:17:18.014889,4.324667692184448,0.2905742477524725,13.873898359504517,0.3632178096905907,1.3075841148861265,0.7060373071889579
2023-12-01 17:17:22.570467,4.553493976593018,0.2759720486939458,13.176694711451615,0.3449650608674323,1.2418742191227563,0.6705568839165496
2023-12-01 17:17:29.536074,6.963473320007324,0.18046124450931272,8.616389730051683,0.22557655563664095,0.8120756002919074,0.43848473190872816
2023-12-01 17:17:37.652208,8.114035844802856,0.15487201258062094,7.394593904638808,0.19359001572577622,0.6969240566127944,0.3763080161683929
2023-12-01 17:17:43.758527,6.104118824005127,0.20586707068906523,9.829428576004013,0.25733383836133156,0.9264018181007936,0.5002158083602908
2023-12-01 17:17:52.278497,8.517654418945312,0.14753322917643313,7.044192808121631,0.18441653647054146,0.6638995312939493,0.3584762402528973
2023-12-01 17:17:56.968126,4.687519311904907,0.268081468644712,12.799947265842258,0.33510183580589004,1.2063666089012042,0.6513843525129213
2023-12-01 17:18:01.816810,4.846538543701172,0.259285477687805,12.379969633787253,0.3241068471097563,1.1667846495951226,0.6300118536858287
2023-12-01 17:18:09.755192,7.936006784439087,0.15834626854149492,7.560477407560681,0.19793283567686867,0.7125582084367272,0.3847497633021244
2023-12-01 17:18:26.162970,16.40565586090088,0.07659779481482504,3.6572753024154463,0.0957472435185313,0.3446900766667127,0.1861173218410619
2023-12-01 17:18:30.909048,4.7439351081848145,0.26489339183156485,12.647727810711553,0.33111673978945616,1.1920202632420422,0.6436379634723365
2023-12-01 17:18:34.905209,3.9939043521881104,0.31463874710656325,15.022893567075098,0.3932984338832041,1.4158743619795349,0.7645092277195276
2023-12-01 17:18:38.893848,3.986351728439331,0.3152348681303881,15.051356249361916,0.3940435851629852,1.4185569065867467,0.7659576825832172
2023-12-01 17:18:42.960029,4.064037084579468,0.3092090537766216,14.763644807195107,0.3865113172207771,1.3914407419947976,0.7513161588664353
2023-12-01 17:18:47.673390,4.711493968963623,0.2667173235737659,12.734814136501605,0.33339665446720745,1.2002279560819469,0.6480697528195365
2023-12-01 17:18:56.431115,8.756061792373657,0.14351623951882356,6.8523956800143555,0.17939529939852947,0.645823077834706,0.3487157587828375
2023-12-01 17:19:03.351793,6.918578386306763,0.1816322647905603,8.672301829918107,0.2270403309882004,0.8173451915575214,0.44133007698810345
2023-12-01 17:19:07.657573,4.303649425506592,0.2919933612594376,13.941656038337108,0.364991701574297,1.3139701256674692,0.7094854691881815
2023-12-01 17:19:11.051152,3.3914198875427246,0.3705342019287449,17.691704946471077,0.4631677524109312,1.6674039086793524,0.9003240038464646
2023-12-01 17:19:14.686954,3.633737564086914,0.345824936246238,16.511924414408504,0.4322811703077976,1.5562122131080713,0.8402854300911093
2023-12-01 17:19:18.211719,3.5226709842681885,0.35672847877303965,17.032530221514456,0.4459105984662996,1.6052781544786785,0.8667788577227318
2023-12-01 17:19:22.633941,4.42012882232666,0.28429874149560436,13.574265007149112,0.35537342686950546,1.2793443367302197,0.6907890820860195
2023-12-01 17:19:28.901127,6.264958143234253,0.20058187663919244,9.577079148532874,0.2507273457989906,0.9026184448763661,0.4873738438579099
2023-12-01 17:19:39.464069,10.560552597045898,0.1189934948846745,5.681520872002833,0.14874186860584315,0.5354707269810354,0.28913039387078215
2023-12-01 17:19:49.439693,9.973734140396118,0.12599464190109327,6.01580101849567,0.15749330237636663,0.5669758885549199,0.3061417808912765
2023-12-01 17:20:15.357601,25.916364669799805,0.04848816867051841,2.3151395176159744,0.06061021083814802,0.21819675901733288,0.11781655223562565
2023-12-01 17:20:23.779938,8.42008352279663,0.14924282615887166,7.125820051256654,0.1865535326985896,0.6715927177149226,0.3626302190008264
2023-12-01 17:20:29.754966,5.972886562347412,0.21039024403337148,10.045394194866363,0.2629878050417144,0.9467560981501718,0.511206214952286
2023-12-01 17:20:46.969114,17.21224284172058,0.07300832744411248,3.4858908598806546,0.09126040930514061,0.3285374734985062,0.1773956340237045
2023-12-01 17:20:50.466520,3.495992660522461,0.3594507149932397,17.16250742672705,0.4493133937415497,1.617528217469579,0.873393347290574
2023-12-01 17:20:55.135672,4.666812419891357,0.2692709602125323,12.856741304677678,0.33658870026566545,1.2117193209563957,0.6542745791244111
2023-12-01 17:21:04.666111,9.528267621994019,0.1318851559684609,6.297052347847841,0.16485644496057617,0.5934832018580742,0.3204545519721664
2023-12-01 17:21:10.885463,6.217196464538574,0.20212278453857452,9.650652081243674,0.25265348067321813,0.9095525304235853,0.49111794187182833
2023-12-01 17:21:16.599635,5.7118470668792725,0.2200053759707005,10.504482927758364,0.27500671996337567,0.9900241918681524,0.5345690625336081
2023-12-01 17:21:20.632061,4.030304908752441,0.31179702029663614,14.887211106460098,0.38974627537079526,1.403086591334863,0.7576043999167666
2023-12-01 17:21:25.583844,4.949761629104614,0.25387829871379813,12.121795855218524,0.3173478733922477,1.1424523442120917,0.6168734902147868
2023-12-01 17:21:36.326145,10.739940881729126,0.11700595704150647,5.586622930306114,0.14625744630188312,0.5265268066867792,0.28430107441945246
2023-12-01 17:21:42.995727,6.6674463748931885,0.18847351606274423,8.998947516988645,0.23559189507843037,0.8481308222823494,0.45795294932925606
2023-12-01 17:21:47.807003,4.809389114379883,0.261288290789078,12.475596915334295,0.3266103634863476,1.1757973085508513,0.6348782889593019
2023-12-01 17:21:56.767636,8.95909833908081,0.1402637870324846,6.697102512902644,0.17532973379060576,0.6311870416461808,0.3408129497315311
2023-12-01 17:22:13.551236,16.78150224685669,0.07488227471836113,3.575365251417732,0.09360284339795144,0.3369702362326252,0.18194895111067394
2023-12-01 17:22:21.155569,7.6022117137908936,0.1652988773196487,7.892440023888864,0.20662359664956093,0.7438449479384194,0.4016432121112825
2023-12-01 17:22:28.222199,7.064459323883057,0.17788156231398514,8.493218978153921,0.22235195289248144,0.8004670304129332,0.43221662011052114
2023-12-01 17:22:33.268901,5.044559478759766,0.24910739316822744,11.89400189503789,0.3113842414602843,1.1209832692570236,0.6052811439201591
2023-12-01 17:22:37.295617,4.024364948272705,0.31225723252939014,14.909184621974346,0.3903215406617377,1.4051575463822557,0.7587226235999122
2023-12-01 17:22:41.328712,4.0309998989105225,0.3117432629496107,14.884644382208117,0.38967907868701346,1.4028446832732484,0.7574737803149643
2023-12-01 17:22:46.112422,4.781482458114624,0.2628132744277429,12.548409520602627,0.3285165930346786,1.182659734924843,0.6385836942045297
2023-12-01 17:22:50.552331,4.437807083129883,0.28316622104033423,13.520191138566435,0.3539577763004178,1.2742479946815042,0.6880372838838041
2023-12-01 17:22:54.827563,4.273156642913818,0.29407699423324446,14.041142184548297,0.3675962427915556,1.3233464740496002,0.7145482805879375
2023-12-01 17:23:00.593449,5.763795614242554,0.21802248822472473,10.409807011847846,0.27252811028090596,0.9811011970112614,0.5297510418884362
2023-12-01 17:23:13.806252,13.210448026657104,0.09512448471847236,4.541859585604302,0.11890560589809049,0.4280601812331258,0.2311334729689442
2023-12-01 17:23:41.071633,27.263253211975098,0.04609270403885449,2.2007645064766383,0.05761588004856812,0.20741716817484523,0.11199605227360866
2023-12-01 17:23:46.295755,5.222211599349976,0.2406331182735557,11.489385073455924,0.3007913978419447,1.082849032231001,0.5846903507810858
2023-12-01 17:23:51.488412,5.177599668502808,0.24270649372150002,11.588381458883637,0.30338311715187505,1.0921792217467503,0.5897282384445008
2023-12-01 17:23:57.004393,5.513965606689453,0.2279007797784204,10.881460690869922,0.28487597472302556,1.025553509002892,0.553753314705606
2023-12-01 17:24:35.906818,38.90024781227112,0.03230408884540602,1.5424066265478378,0.04038011105675753,0.14536839980432711,0.07849247507656756
2023-12-01 17:24:49.633891,13.72518801689148,0.09155700161552498,4.371524814535034,0.11444625201940622,0.41200650726986243,0.2224652025254026
2023-12-01 17:25:22.692534,33.056997776031494,0.03801425253284985,1.815046859563997,0.04751781566606232,0.17106413639782436,0.09236703080431859
2023-12-01 17:25:28.804752,6.109894514083862,0.2056724643182062,9.820136806240196,0.25709058039775784,0.9255260894319283,0.4997429538003776
2023-12-01 17:25:34.349476,5.542468070983887,0.226728786768246,10.8255021466184,0.2834109834603075,1.020279540457107,0.5509056060894841
2023-12-01 17:25:44.040019,9.688355684280396,0.12970591732865908,6.1930013673374456,0.16213239666082388,0.583676627978966,0.31515943792517587
2023-12-01 17:25:50.588535,6.546660900115967,0.19195084037629892,9.164977522959402,0.23993855047037368,0.8637787816933453,0.46640215194633117
2023-12-01 17:25:55.695006,5.104950666427612,0.2461604711873343,11.7532967349883,0.3077005889841679,1.1077221203430045,0.598120712890985
2023-12-01 17:26:01.049002,5.346003770828247,0.2350610129182959,11.2233366402404,0.29382626614786994,1.057774558132332,0.5711512491888755
2023-12-01 17:26:06.419539,5.362282752990723,0.234347407498243,11.189264491234821,0.29293425937280376,1.0545633337420937,0.5694173307392308
2023-12-01 17:26:13.902278,7.475635766983032,0.16809768434492128,8.0260732157386,0.21012210543115165,0.7564395795521459,0.4084437534212898
2023-12-01 17:26:21.572105,7.667765140533447,0.1638857005143604,7.824965801681531,0.20485712564295055,0.737485652314622,0.398209475109793
2023-12-01 17:26:25.822320,4.2480058670043945,0.2958181087264062,14.124274277970985,0.36977263590800774,1.3311814892688278,0.7187788405834218
2023-12-01 17:26:31.347925,5.523555040359497,0.22750512165696277,10.862569407128591,0.2843814020712035,1.0237730474563327,0.5527919446020882
2023-12-01 17:26:37.321798,5.971748113632202,0.21043035264117854,10.047309239824273,0.2630379408014732,0.9469365868853035,0.5113036708475357
2023-12-01 17:26:41.375856,4.051801919937134,0.3101427676542033,14.808226360910293,0.38767845956775415,1.395642454443915,0.7535848968461832
2023-12-01 17:26:44.623769,3.2458889484405518,0.38714727502912677,18.484920757632906,0.4839340937864085,1.7421627376310707,0.9406904488657724
2023-12-01 17:26:47.931636,3.3060085773468018,0.38010701788451395,18.148773240071957,0.4751337723556424,1.7104815804803126,0.923584032055792
2023-12-01 17:26:51.930573,3.997349500656128,0.31436757312055197,15.00994596298161,0.39295946640069,1.4146540790424842,0.7638503291683173
2023-12-01 17:26:57.147294,5.214643955230713,0.24098233210637668,11.50605880576278,0.30122791513297087,1.0844204944786953,0.5855388705520741
2023-12-01 17:27:16.109435,18.95380210876465,0.06629999903052808,3.165591771808924,0.08287499878816011,0.2983499956373764,0.16109573764437715
2023-12-01 17:27:45.083009,28.971312522888184,0.043375220243927065,2.0710142128561917,0.054219025304908845,0.19518849109767183,0.10539311014869401
2023-12-01 17:27:57.352570,12.26731562614441,0.10243781930235339,4.891045590457174,0.12804727412794176,0.4609701868605903,0.2489034133408583
2023-12-01 17:28:05.556590,8.20173978805542,0.15321591441684326,7.315521041935618,0.19151989302105407,0.6894716148757947,0.37228402885004575
2023-12-01 17:29:01.279321,55.72051692008972,0.022552501859200155,1.0768026449942594,0.028190627324000198,0.10148625836640071,0.054798069017484546
2023-12-01 17:30:33.338836,92.0573742389679,0.013650585537817594,0.6517674493327227,0.017063231922271997,0.06142763492017919,0.0331681927397892
2023-12-01 17:30:49.906745,16.56598162651062,0.07585648045298535,3.621880148893906,0.09482060056623169,0.3413541620384341,0.1843160762046638
2023-12-01 17:31:01.925875,12.017603874206543,0.1045663573695456,4.992675796943047,0.13070794671193203,0.47054860816295535,0.254075335136522
2023-12-01 17:31:24.049122,22.121086597442627,0.056807203204077436,2.712344157946404,0.0710090040050968,0.2556324144183485,0.13803014234526736
2023-12-01 17:31:34.257172,10.205836057662964,0.12312926195717029,5.878989203922154,0.1539115774464629,0.5540816788072664,0.2991794807035324
2023-12-01 17:31:50.636965,16.37781834602356,0.07672798872757199,3.663491603847692,0.09590998590946499,0.34527594927407396,0.18643366701025443
2023-12-01 17:32:43.316000,52.677512407302856,0.023855284807672607,1.139005948801827,0.029819106009590767,0.10734878163452677,0.05796357102568292
2023-12-01 17:33:06.111790,22.79365611076355,0.05513100028049085,2.6323113636722364,0.06891375035061358,0.24808950126220888,0.1339573044815367
2023-12-01 17:33:20.798027,14.684051752090454,0.08557835961433598,4.086065686295219,0.10697294951791998,0.3851026182645119,0.20793829819091358
2023-12-01 17:33:44.677236,23.877097368240356,0.052629389663896416,2.5128682550755856,0.06578673707987052,0.2368322534875339,0.12787889100533553
2023-12-01 17:33:54.308175,9.62867259979248,0.13050989618890985,6.231388530262534,0.1631373702361373,0.5872945328500944,0.31711294575981314
2023-12-01 17:34:10.431529,16.121220350265503,0.07794925161575758,3.7218026114885188,0.097436564519697,0.3507716322709092,0.18940109157596782
2023-12-01 17:34:38.424184,27.990537643432617,0.044895066948839414,2.1435815476048106,0.05611883368604927,0.20202780126977737,0.10908603367229001
2023-12-01 17:34:47.499929,9.073858499526978,0.13848982343083993,6.6124019900825886,0.17311227928854991,0.6232042054387797,0.3365025729722549
2023-12-01 17:35:10.741853,23.240302085876465,0.05407145986280434,2.5817220352080983,0.06758932482850544,0.2433215693826196,0.131382833174642
2023-12-01 17:35:31.753313,21.00926637649536,0.059813467015764586,2.8558826817068916,0.07476683376970575,0.2691606015709407,0.14533476215490482
2023-12-01 17:35:40.769611,9.013934135437012,0.13941049962808422,6.656361040416132,0.1742631245351053,0.6273472483263791,0.3387396319963191
2023-12-01 17:35:47.784067,7.012230396270752,0.17920647075490026,8.556478696408668,0.22400808844362538,0.8064291183970513,0.4354358826402568
2023-12-01 17:36:00.170448,12.384196996688843,0.10147101679437946,4.844884171015866,0.12683877099297436,0.4566195755747077,0.24655427660698329
2023-12-01 17:36:13.412374,13.23986005783081,0.09491316796000952,4.531769953604046,0.11864145995001192,0.42710925582004294,0.23062001550923117
2023-12-01 17:36:21.340504,7.926070690155029,0.15854477086569338,7.569955195394105,0.19818096358211673,0.7134514688956203,0.3852320842494618
2023-12-01 17:36:28.146787,6.804228782653809,0.1846847161634973,8.818045647283276,0.2308558952043716,0.8310812227357378,0.4487469233340657
2023-12-01 17:36:36.074417,7.925402641296387,0.15855813493790702,7.570593282839897,0.1981976686723838,0.7135116072205817,0.3852645562721265
2023-12-01 17:36:45.381831,9.305304050445557,0.13504524458561318,6.4479354650563065,0.1688065557320165,0.6077036006352594,0.32813293529412296
2023-12-01 17:36:53.264673,7.8805992603302,0.15945958167948557,7.61363419429679,0.199324477099357,0.7175681175576852,0.3874548915648141
2023-12-01 17:37:08.689488,15.422552347183228,0.08148048605362193,3.8904066362892515,0.10185060756702743,0.3666621872412988,0.19798128501309062
2023-12-01 17:37:15.027724,6.335955381393433,0.1983342662301943,9.469763656511818,0.2479178327877429,0.8925041980358744,0.4819126000861262
2023-12-01 17:40:33.538259,198.50834894180298,0.006330399039308556,0.30225428965504264,0.007912998799135696,0.028486795676888506,0.015381603585711931
2023-12-01 17:40:46.734798,13.194622039794922,0.09523857960053007,4.547307214942593,0.1190482245006626,0.4285736082023854,0.231410700713368
2023-12-01 17:41:08.903794,22.167442798614502,0.05668840889100925,2.7066721473056012,0.07086051111376157,0.25509784000954167,0.13774149592337429
2023-12-01 17:41:18.474782,9.568885087966919,0.13132533726590215,6.2703229737235855,0.1641566715823777,0.5909640176965597,0.3190943044886891
2023-12-01 17:41:27.826591,9.34966778755188,0.13440446120545588,6.417340312335356,0.16800557650681988,0.6048200754245516,0.32657595983701676
2023-12-01 17:41:42.499901,14.671177625656128,0.08565345560525293,4.0896512557434646,0.10706681950656619,0.38544055022363827,0.2081207664296436
2023-12-01 17:41:52.453917,9.951878070831299,0.12627134823115332,6.029012772559832,0.15783918528894167,0.56822106704019,0.30681412193205637
2023-12-01 17:42:08.650414,16.194278955459595,0.0775975926370137,3.7050121320635974,0.09699699079626713,0.34918916686656165,0.1885466305894159
2023-12-01 17:42:24.592195,15.939656257629395,0.07883714937920556,3.7641966068924138,0.09854643672400695,0.35476717220642506,0.19155850556159368
2023-12-01 17:42:46.505287,21.911243438720703,0.05735124366402852,2.7383201764793648,0.07168905458003566,0.25808059648812837,0.13935205185485652
2023-12-01 17:44:26.400209,99.89327478408813,0.012579796429259573,0.6006410354419307,0.015724745536574467,0.05660908393166808,0.03056638936381491
2023-12-01 17:44:33.770797,7.3684470653533936,0.17054299912727247,8.142828396246662,0.2131787489090906,0.7674434960727262,0.4143853792794467
2023-12-01 17:44:38.046535,4.2735443115234375,0.29405031744901927,14.039868461925726,0.36756289681127413,1.3232264285205868,0.7144834613376271
2023-12-01 17:44:43.565588,5.5170392990112305,0.22777381006895006,10.875398333804377,0.2847172625861876,1.0249821453102754,0.553444803705535
2023-12-01 17:44:53.787979,10.22018313407898,0.1229564133000404,5.870736288465448,0.15369551662505052,0.5533038598501818,0.2987594930364382
2023-12-01 17:46:07.925780,74.13567042350769,0.016950505124688937,0.8093270035496245,0.021188131405861177,0.07627727306110024,0.04118633735196919
2023-12-01 17:46:17.486465,9.558300733566284,0.13147075996708624,6.277266396242953,0.16433844995885782,0.5916184198518882,0.3194476525680262
2023-12-01 17:46:27.237280,9.748726844787598,0.1289026845703252,6.154649828154793,0.1611283557129065,0.5800620805664635,0.3132077429689762
2023-12-01 17:46:34.680776,7.441282749176025,0.1688737148947962,8.063125945139474,0.21109214361849524,0.7599317170265829,0.4103293524513758
2023-12-01 17:46:39.830619,5.147383689880371,0.24413122027534775,11.656407140963381,0.30516402534418474,1.0985904912390652,0.5931900390250401
2023-12-01 17:46:44.484532,4.646600723266602,0.2704422299819405,12.912665316726303,0.3380527874774256,1.2169900349187324,0.657120530410119
2023-12-01 17:46:49.005178,4.518808364868164,0.2780903636466955,13.27783680017829,0.34761295455836944,1.25140663641013,0.6757039655887408
2023-12-01 17:46:56.532771,7.525977849960327,0.16697326068300103,7.97238594056137,0.2087165758537513,0.7513796730735047,0.40571162880755596
2023-12-01 17:47:04.096054,7.561092853546143,0.16619780840894663,7.9353608217970875,0.2077472605111833,0.7478901378402599,0.4038274348720586
2023-12-01 17:47:13.873696,9.775535583496094,0.1285491777614191,6.137771121338579,0.16068647220177393,0.5784712999263861,0.31234879212469624
2023-12-01 17:47:23.895812,10.019926309585571,0.12541380271766614,5.988067990340503,0.1567672533970827,0.5643621122294977,0.3047304578433852
2023-12-01 17:48:25.046831,61.148900747299194,0.020550444015813647,0.9812114243550005,0.025688055019767057,0.09247699807116141,0.049933468869624
2023-12-01 17:49:08.466599,43.4175820350647,0.028943045709478667,1.3819286378394608,0.03617880713684834,0.13024370569265403,0.07032581246489128
2023-12-01 17:49:32.826631,24.357852697372437,0.05159063391377988,2.463271321386733,0.06448829239222487,0.23215785261200952,0.12535492228370237
2023-12-01 17:49:39.881904,7.053189516067505,0.17816578706317726,8.506789710288816,0.22270723382897162,0.8017460417842979,0.4329072294061082
2023-12-01 17:49:49.604828,9.720957040786743,0.12927092015357927,6.172231782143957,0.16158865019197413,0.5817191406911069,0.314102481789167
2023-12-01 17:50:05.337753,15.731389999389648,0.07988086631153844,3.81403041958326,0.09985108288942306,0.359463898401923,0.1940945289637761
2023-12-01 17:50:15.387726,10.047813415527344,0.12506572419965312,5.971448465322741,0.1563321552495664,0.562795758898439,0.30388469666031714
2023-12-01 17:50:25.360257,9.970378398895264,0.12603704805979632,6.017825763428208,0.1575463100747454,0.5671667162690834,0.3062448193756931
2023-12-01 17:50:34.710045,9.347639799118042,0.1344336205118304,6.4187325666593456,0.16804202563978798,0.6049512923032367,0.3266468111196455
2023-12-01 17:50:41.284593,6.572433710098267,0.1911981340344517,9.129038442458922,0.23899766754306467,0.8603916031550328,0.4645732260769108
2023-12-01 17:50:48.451341,7.1645348072052,0.17539688134003448,8.374584200450732,0.21924610167504313,0.7892859660301553,0.42617934228001586
2023-12-01 17:50:54.299541,5.8460681438446045,0.2149542274424299,10.263308350788678,0.26869278430303745,0.9672940234909349,0.5222957818396163
2023-12-01 17:50:58.914677,4.613048791885376,0.2724092282844299,13.006582567594673,0.3405115353555375,1.225841527279935,0.661899942885508
2023-12-01 17:51:04.822254,5.905474424362183,0.2127918895477461,10.160064321416524,0.26598986193468266,0.9575635029648576,0.5170417332231135
2023-12-01 17:51:14.026826,9.202494621276855,0.13655395772038578,6.5199712109883246,0.17069244715048223,0.614492809741736,0.3317988064689934
2023-12-01 17:51:34.237250,20.20832633972168,0.062184123529609635,2.9690731924723237,0.07773015441201206,0.2798285558832434,0.15109498335224553
2023-12-01 17:52:04.375527,30.135929107666016,0.04169896527650951,1.990978933672137,0.052123706595636886,0.1876453437442928,0.1013201458288628
2023-12-01 17:52:25.543586,21.165831565856934,0.05937102246731595,2.834757510627993,0.07421377808414495,0.2671696011029218,0.14425971039108432
2023-12-01 17:52:37.775518,12.229805707931519,0.1027520053422384,4.906046868846624,0.12844000667779804,0.46238402404007295,0.24966682258057094
2023-12-01 17:54:02.994996,85.21726655960083,0.014746272817340686,0.7040826633184261,0.01843284102167586,0.06635822767803311,0.03583049369157441
2023-12-01 17:54:42.554788,39.55766677856445,0.03176721894317753,1.51677297692676,0.03970902367897192,0.14295248524429893,0.07718798858813278
2023-12-01 17:54:48.613355,6.056668996810913,0.2074798972995864,9.906435374228389,0.25934987162448303,0.9336595378481389,0.5041346544585351
2023-12-01 17:54:54.834164,6.219084024429321,0.20206143806703586,9.647723002987687,0.25257679758379487,0.9092764713016616,0.49096888221528384
2023-12-01 17:55:01.381450,6.545185565948486,0.19199410754274215,9.167043377983308,0.2399926344284277,0.8639734839423397,0.4665072825073549
2023-12-01 17:55:08.522392,7.1386144161224365,0.1760337494343194,8.40499241204162,0.22004218679289927,0.7921518724544374,0.4277268043755093
2023-12-01 17:55:20.251924,11.727432250976562,0.10715364067281437,5.1162094750113525,0.13394205084101798,0.48219138302766473,0.2603619161068044
2023-12-01 17:55:32.055988,11.801949262619019,0.10647707708896316,5.083905943405586,0.133096346361204,0.4791468469003344,0.2587180019107628
2023-12-01 17:55:39.474874,7.416783571243286,0.1694315398804694,8.089760126294491,0.2117894248505868,0.7624419294621125,0.41168475560156464
2023-12-01 17:55:47.214547,7.737788200378418,0.16240261802131795,7.7541538287473015,0.20300327252664743,0.7308117810959308,0.39460588126819834
2023-12-01 17:55:57.860497,10.644421815872192,0.11805592480017196,5.636755197969733,0.14756990600021497,0.5312516616007739,0.28685228607945784
2023-12-01 17:56:08.671839,10.808696508407593,0.11626166582237152,5.551085642318547,0.1453270822779644,0.5231774962006719,0.2824925956151983
2023-12-01 17:56:22.533210,13.859230518341064,0.09067148856301262,4.329244680691113,0.11333936070376578,0.4080216985335568,0.2203135829104081
2023-12-01 17:56:36.364322,13.828776359558105,0.09087116811802087,4.338778677155299,0.11358896014752609,0.40892025653109393,0.2207987642931671
2023-12-01 17:56:43.390341,7.023837566375732,0.1789103249556405,8.54233877606024,0.22363790619455062,0.8050964623003822,0.4347163075772153
2023-12-01 17:56:51.093352,7.700908422470093,0.1631803668472721,7.791288599787659,0.20397545855909016,0.7343116508127246,0.3964956553655018
2023-12-01 17:57:00.479662,9.384072065353394,0.1339117019439251,6.393812790667275,0.1673896274299064,0.6026026587476631,0.32537865338334926
2023-12-01 17:57:18.553080,18.071350574493408,0.0695375288225321,3.320172432750338,0.08692191102816513,0.3129188797013945,0.1689622875329885
2023-12-01 17:57:33.954604,15.39918851852417,0.0816041091986288,3.896309206671774,0.102005136498286,0.3672184913938296,0.19828166453082827
2023-12-01 17:57:43.149101,9.19243597984314,0.13670337919039394,6.527105560655081,0.17087922398799246,0.6151652063567729,0.33216187075681924
2023-12-01 17:57:51.224622,8.073237180709839,0.15565466903889816,7.431962997862092,0.19456833629862272,0.7004460106750418,0.3782097148307148
2023-12-01 17:58:01.512082,10.285216808319092,0.12217895692966815,5.83361548115054,0.1527236961620852,0.5498053061835068,0.2968704295477077
2023-12-01 17:58:11.177820,9.663672685623169,0.1300372127985502,6.208819560834583,0.16254651599818778,0.585167457593476,0.31596441965791733
2023-12-01 17:58:17.049507,5.869403123855591,0.21409963413970393,10.222504526250058,0.26762454267462993,0.9634483536286678,0.5202192910326526
2023-12-01 17:58:28.098975,11.041464567184448,0.11381072264368615,5.434061725681006,0.1422634033046077,0.5121482518965877,0.27653729387962867
2023-12-01 17:58:38.644183,10.543083906173706,0.11919065357149147,5.690934505876961,0.14898831696436435,0.5363579410717116,0.28960945004801
2023-12-01 17:58:46.775668,8.129595279693604,0.1545755991783245,7.380441207186558,0.19321949897290563,0.6955901963024603,0.37558779088349287
2023-12-01 17:58:54.020716,7.243499994277954,0.1734847880760137,8.283288472064244,0.21685598509501716,0.7806815463420618,0.42153333806709814
2023-12-01 18:00:28.395803,94.37272953987122,0.013315679938080045,0.6357768848325066,0.01664459992260006,0.05992055972136021,0.0323544391135469
2023-12-01 18:00:37.222807,8.824768781661987,0.14239886534446428,6.799044993074603,0.17799858168058036,0.6407948940500893,0.3460007630139793
2023-12-01 18:01:15.549127,38.32420778274536,0.03278964221673202,1.5655900923022783,0.040987052770915036,0.14755338997529413,0.07967227265821548
2023-12-01 18:01:24.830188,9.27868366241455,0.13543268713063425,6.466434483917568,0.16929085891329282,0.6094470920878542,0.3290743431900151
2023-12-01 18:01:31.752448,6.920125961303711,0.18159164565252714,8.670362408937475,0.22698955706565896,0.8171624054363723,0.4412313806065105
2023-12-01 18:01:59.160507,27.40593147277832,0.04585274040709421,2.1893070870295586,0.05731592550886777,0.206337331831924,0.11141298864115753
2023-12-01 18:02:26.004578,26.841813564300537,0.04681639928783492,2.235318409326845,0.05852049910979366,0.21067379679525716,0.11375448698958131
2023-12-01 18:03:02.657170,36.65034103393555,0.03428718603934307,1.6370925428618623,0.042858982549178845,0.15429233717704385,0.0833110046383958
2023-12-01 18:04:24.454100,81.79455614089966,0.015363333707334129,0.7335451505677681,0.01920416713416766,0.06913500168300359,0.03732982824208047
2023-12-01 18:04:34.241474,9.785219192504883,0.12842196344446274,6.13169708512588,0.16052745430557844,0.5778988355000824,0.3120396867773556
2023-12-01 18:04:40.046225,5.8023459911346436,0.2165739622138912,10.340644989401444,0.27071745276736403,0.9745828299625106,0.5262314133873129
2023-12-01 18:04:56.193457,16.145126342773438,0.07783383262270897,3.7162917605074064,0.09729229077838623,0.35025224680219047,0.1891206465066583
2023-12-01 18:06:20.552034,84.35621690750122,0.014896792524655917,0.7112694499540153,0.0186209906558199,0.06703556636095163,0.03619622647640895
2023-12-01 18:06:47.232415,26.67847442626953,0.04710303300546086,2.2490041612319374,0.05887879125682608,0.2119636485245739,0.11445094959666881
2023-12-01 18:07:13.020485,25.786522388458252,0.0487323200277046,2.3267968862236073,0.06091540003463076,0.21929544012467073,0.11840979120331666
2023-12-01 18:07:20.888295,7.865684747695923,0.1597619408537853,7.628070781450485,0.19970242606723165,0.7189287338420339,0.3881895638865276
2023-12-01 18:07:25.650730,4.760352849960327,0.2639798143211989,12.604107697709853,0.32997476790149866,1.1879091644453952,0.6414181528376491
2023-12-01 18:07:53.974077,28.321208477020264,0.04437088418933636,2.118553664427272,0.05546360523667047,0.19966897885201368,0.10781237440324952
2023-12-01 18:08:22.283841,28.307619333267212,0.04439218454372505,2.119570681434443,0.055490230679656326,0.19976483044676277,0.10786413000434315
2023-12-01 18:08:28.246735,5.960700988769531,0.21082034878171688,10.065930183890304,0.26352543597714617,0.9486915695177263,0.5122512834698159
2023-12-01 18:08:43.644285,15.395457983016968,0.0816238830194034,3.8972533370678013,0.10202985377425428,0.3673074735873154,0.19832971096054644
2023-12-01 18:08:50.046782,6.4006571769714355,0.1963293809824874,9.374037437260446,0.24541172622810928,0.8834822144211935,0.4770411299112479
2023-12-01 18:08:53.763990,3.715679168701172,0.3381984838791071,16.147788136663372,0.422748104848884,1.5218931774559823,0.8217546761294546
2023-12-01 18:08:57.550941,3.7848801612854004,0.332015019732922,15.852549471374314,0.4150187746661526,1.4940675887981494,0.806730094947054
2023-12-01 18:09:01.997083,4.4440765380859375,0.2827667459519386,13.501117608078367,0.35345843243992336,1.2724503567837242,0.6870666393140207
2023-12-01 18:09:07.796874,5.7975547313690186,0.21675294493324748,10.349190784755518,0.27094118116655935,0.9753882521996137,0.5266663055988048
2023-12-01 18:09:11.222999,3.4238991737365723,0.367019295157726,17.523880510336628,0.45877411894715764,1.6515868282097674,0.891783483374243
2023-12-01 18:09:14.304454,3.079409122467041,0.40807733284532643,19.48425740582711,0.510096666056658,1.836347997803969,0.9915463033475742
2023-12-01 18:09:19.398541,5.0919506549835205,0.24678893150821085,11.783303504969686,0.3084861643852636,1.110550191786949,0.5996477457786508
2023-12-01 18:09:26.270076,6.8640358448028564,0.18307553891744127,8.74121309337703,0.22884442364680163,0.8238399251284859,0.4448369444615989
2023-12-01 18:09:30.691984,4.419816255569458,0.2843188469322487,13.575224971036603,0.3553985586653109,1.2794348111951193,0.690837934275978
2023-12-01 18:09:36.202832,5.508784532546997,0.22811512303874928,10.891694827689854,0.2851439037984366,1.0265180536743719,0.554274125959553
2023-12-01 18:09:44.973042,8.768104791641235,0.14331911984376466,6.8429839088144675,0.17914889980470583,0.644936039296941,0.34823679739637936
2023-12-01 18:10:06.455478,21.48008680343628,0.05850242007564358,2.793284801363163,0.07312802509455449,0.2632608903403962,0.1421491802997988
2023-12-01 18:10:24.857350,18.39973473548889,0.06829647706888681,3.2609165763826846,0.08537059633610852,0.3073341468099907,0.16594677998198118
2023-12-01 18:10:32.958364,8.098646640777588,0.1551663033559965,7.4086452541210175,0.19395787919499566,0.6982483651019844,0.37702308389440037
2023-12-01 18:10:38.598305,5.637716054916382,0.2228982533343559,10.642607647413685,0.2786228166679449,1.0030421400046017,0.541598175951818
2023-12-01 18:10:49.323230,10.723063230514526,0.11719011950427712,5.595416040190692,0.14648764938034642,0.5273555377692472,0.2847485523714926
2023-12-01 18:11:03.279599,13.954819679260254,0.09005039766322022,4.299589774647708,0.11256299707902528,0.40522678948449103,0.21880445624209252
2023-12-01 18:11:11.310777,8.029048204421997,0.1565113360191093,7.472865833207354,0.19563917002388662,0.7043010120859918,0.3802912442592318
2023-12-01 18:11:18.922820,7.609888792037964,0.16513211898059604,7.884477899700255,0.20641514872574507,0.7430945354126822,0.4012380226990523
2023-12-01 18:11:38.090824,19.16590666770935,0.06556627261224718,3.130558915904969,0.08195784076530899,0.2950482267551124,0.15931292919323822
2023-12-01 18:11:43.940746,5.847780704498291,0.21489127669737576,10.260302674114673,0.26861409587171975,0.9670107451381911,0.5221428241192837
2023-12-01 18:11:56.066932,12.123673677444458,0.1036515081871457,4.94899496607429,0.12956438523393216,0.46643178684215575,0.2518524345931267
2023-12-01 18:12:02.591004,6.521979331970215,0.19267725294313404,9.199661168180166,0.24084656617891753,0.8670476382441031,0.4681671892012271
2023-12-01 18:12:07.242711,4.649593830108643,0.2702681368205778,12.904352980569495,0.33783517102572236,1.2162066156926006,0.6566975188466402
2023-12-01 18:12:10.974695,3.729918956756592,0.3369073365949605,16.086140394903893,0.42113417074370074,1.5160830146773228,0.8186174464584353
2023-12-01 18:12:15.104096,4.12728476524353,0.30447064666296886,14.537402532839215,0.38058830832871116,1.3701179099833602,0.7398027772616819
2023-12-01 18:12:19.367713,4.261532306671143,0.29487915871686254,14.07944271737047,0.36859894839607826,1.3269562142258817,0.7164973798502328
2023-12-01 18:12:24.776207,5.406384706497192,0.2324357458184094,11.097989369475359,0.2905446822730118,1.0459608561828424,0.5647723751895712
2023-12-01 18:12:29.672549,4.888752698898315,0.2570465594872699,12.273069164149181,0.32130819935908744,1.156709517692715,0.6245717302421685
2023-12-01 18:12:33.307451,3.632587194442749,0.3459344522709219,16.51715341941137,0.43241806533865246,1.556705035219149,0.8405515321278862
2023-12-01 18:12:37.792919,4.483400821685791,0.28028657517250766,13.382698176300812,0.3503582189656346,1.2612895882762847,0.6810403203541592
2023-12-01 18:12:41.227615,3.4324307441711426,0.36610704049015497,17.48032355842585,0.4576338006126938,1.6474816822056977,0.8895668869829788
2023-12-01 18:12:43.898560,2.6687631607055664,0.4708687079986851,22.482324727585503,0.5885858849983565,2.1189091859940836,1.1441167866952053
2023-12-01 18:12:47.777674,3.8772687911987305,0.3241036742896033,15.4748105512308,0.4051295928620042,1.458466534303215,0.7875071077888782
2023-12-01 18:12:51.346728,3.5674402713775635,0.3522517451849777,16.818781937680786,0.44031468148122227,1.5851328533324003,0.8559012904504592
2023-12-01 18:12:53.854445,2.5055723190307617,0.5015369350512405,23.94662470696914,0.6269211688140507,2.2569162077305824,1.2186344447875044
2023-12-01 18:12:56.372765,2.516153573989868,0.49942780696142736,23.845921258636817,0.6242847587017842,2.2474251313264233,1.2135096853548764
2023-12-01 18:12:59.123084,2.743396759033203,0.45805881241864815,21.870697266969334,0.5725735155233103,2.061264655883917,1.1129913024148315
2023-12-01 18:13:01.996528,2.871422290802002,0.4376357547481922,20.89556809257816,0.5470446934352403,1.9693608963668652,1.0633673568871576
2023-12-01 18:13:05.258186,3.254565954208374,0.38611510078970757,18.435638067932203,0.48264387598713454,1.7375179535536844,0.9381824718988316
2023-12-01 18:13:09.209321,3.949052095413208,0.31821232819275563,15.193519495397267,0.3977654102409447,1.431955476867401,0.773192315042758
2023-12-01 18:13:13.414504,4.202848196029663,0.298996538257802,14.276033109328255,0.3737456728222525,1.345484422160109,0.7265017886588073
2023-12-01 18:13:17.275398,3.8588316440582275,0.325652212210623,15.54874779063946,0.40706526526327885,1.4654349549478038,0.791269745229372
2023-12-01 18:13:21.199247,3.921797275543213,0.32042376827391184,15.29910798147753,0.4005297103423899,1.4419069572326035,0.7785656721519512
2023-12-01 18:13:25.624515,4.423227548599243,0.2840995738132151,13.564755450802192,0.355124467266519,1.2784480821594684,0.6903051444513503
2023-12-01 18:13:31.057640,5.431046962738037,0.23138026057546546,11.047593661342836,0.28922532571933185,1.0412111725895947,0.562207757146266
2023-12-01 18:13:34.716001,3.6560537815093994,0.3437140525096749,16.411137140118612,0.42964256563709374,1.5467132362935374,0.8351564047880083
2023-12-01 18:13:37.830832,3.1127431392669678,0.4037072785041453,19.275602680833355,0.5046340981301817,1.816682753268654,0.9809279453093723
2023-12-01 18:13:40.617136,2.7842631340026855,0.45133559615443486,21.54968733639172,0.5641694951930436,2.031010182694957,1.0966552315360458
2023-12-01 18:13:43.967350,3.3480160236358643,0.37533782770586616,17.921061182628826,0.46917228463233285,1.6890202246763983,0.9119958537597139
2023-12-01 18:13:46.766401,2.797203540802002,0.4492476300368259,21.449994297803965,0.5615595375460325,2.021614335165717,1.0915818914634798
2023-12-01 18:13:49.166452,2.3987607955932617,0.5238692677254322,25.012915047730214,0.6548365846567904,2.3574117047644454,1.2728975467192554
2023-12-01 18:13:51.978824,2.810856342315674,0.4470655588185127,21.34580807163203,0.5588319485231409,2.0117950146833072,1.086279894817222
2023-12-01 18:13:56.031534,4.045822620391846,0.3106011259866379,14.830111359204592,0.38825140748329745,1.397705066939871,0.7546986159223329
2023-12-01 18:14:00.916112,4.882503986358643,0.2573755320931368,12.288776449058842,0.32171941511642105,1.1581898944191158,0.6253710678799039
2023-12-01 18:14:04.028460,3.11030650138855,0.40402354587077205,19.29070333525455,0.5050294323384651,1.8181059564184743,0.981696411756802
2023-12-01 18:14:07.055725,3.0251762866973877,0.415393002702596,19.833554911770957,0.519241253378245,1.869268512161682,1.0093219179667678
2023-12-01 18:14:10.700098,3.6423330307006836,0.3450088311101457,16.47295826446097,0.4312610388876822,1.552539739995656,0.8383024578314322
2023-12-01 18:14:14.895780,4.193594932556152,0.29965628098228125,14.307533504059192,0.37457035122785165,1.348453264420266,0.7281048315307471
2023-12-01 18:14:19.814108,4.916193723678589,0.2556117866924956,12.20456380939855,0.3195147333656196,1.1502530401162305,0.621085519305426
2023-12-01 18:14:26.466747,6.650434255599976,0.18895564005880824,9.021967242135686,0.23619455007351034,0.8503003802646373,0.45912441421489236
2023-12-01 18:14:30.338805,3.869987726211548,0.32471344881139425,15.503925140025155,0.4058918110142428,1.4612105196512741,0.7889887379219258
2023-12-01 18:14:32.704784,2.3639235496520996,0.5315895523020859,25.38153148346538,0.6644869403776075,2.392152985359387,1.2916562941836085
2023-12-01 18:14:34.963444,2.2563583850860596,0.5569315006614022,26.5915203881548,0.6961643758267528,2.5061917529763105,1.3532321603070752
2023-12-01 18:14:37.331347,2.365830659866333,0.5311610347914402,25.36107127945917,0.6639512934893004,2.3902246565614815,1.2906150823362417
2023-12-01 18:14:39.583190,2.2497928142547607,0.5585567939740157,26.66912242755779,0.6981959924675196,2.5135055728830706,1.3571812979980633
2023-12-01 18:14:41.666307,2.0808699131011963,0.6038998658801814,28.834094636209052,0.7548748323502269,2.717549396460817,1.467355894115665
2023-12-01 18:14:43.643511,1.9751660823822021,0.6362184287410991,30.377192346091416,0.7952730359263742,2.8629829293349474,1.5458835381551232
2023-12-01 18:14:45.807250,2.1619324684143066,0.5812563897324747,27.752948288901766,0.7265704871655936,2.615653753796137,1.4123367757719674
2023-12-01 18:14:48.244610,2.4360694885253906,0.5158461478028645,24.629839289321502,0.6448076847535807,2.3213076651128906,1.2534029699314004
2023-12-01 18:14:51.517170,3.270998477935791,0.38417537333399665,18.343022904083963,0.4802192166674958,1.7287891800029849,0.933469322126945
2023-12-01 18:14:54.810921,3.2915432453155518,0.38177747268681156,18.228531581771136,0.4772218408585145,1.7179986270906522,0.9276429031344148
2023-12-01 18:14:57.757713,2.944734573364258,0.42674034964049495,20.37535081861455,0.5334254370506188,1.920331573382228,1.036893701556475
2023-12-01 18:15:00.963297,3.203448534011841,0.39227633848144494,18.72981549819343,0.4903454231018062,1.7652435231665022,0.953153047242215
2023-12-01 18:15:03.776426,2.8110995292663574,0.44702688337893015,21.343961455416288,0.5587836042236627,2.0116209752051857,1.0861859212341245
2023-12-01 18:15:06.659545,2.8810293674468994,0.43617641515036676,20.82588975938506,0.5452205189379585,1.9627938681766508,1.0598214535323613
2023-12-01 18:15:09.253417,2.5917885303497314,0.4848532381098039,23.15003685578611,0.606066547637255,2.181839571494118,1.1780963979592016
2023-12-01 18:15:11.810824,2.55521297454834,0.4917934723848374,23.48140863311232,0.6147418404810469,2.2130706257317687,1.194959779200678
2023-12-01 18:15:14.549614,2.73433256149292,0.4595772581334456,21.94319770936735,0.574471572666807,2.0680976616005053,1.1166808218126463
2023-12-01 18:15:17.132003,2.5637738704681396,0.4901512867070675,23.40300004268478,0.6126891083838344,2.205680790181804,1.1909695964408327
2023-12-01 18:15:20.856032,3.7219769954681396,0.33762623008309617,16.120465030561903,0.42203278760387036,1.5193180353739333,0.8203642138559074
2023-12-01 18:15:25.300409,4.442268371582031,0.28288184241070274,13.50661305918177,0.35360230301337847,1.2729682908481625,0.6873463006895256
2023-12-01 18:15:29.643937,4.341469764709473,0.28944968629074636,13.820204504871208,0.361812107863433,1.3025235883083588,0.7033048477492556
2023-12-01 18:15:33.085040,3.4390010833740234,0.3654075794018138,17.446926751512873,0.4567594742522674,1.6443341073081625,0.8878673364305274
2023-12-01 18:15:37.327765,4.240525245666504,0.2963399552260903,14.149190612958964,0.3704249440326129,1.3335297985174064,0.7200468232083542
2023-12-01 18:15:43.420139,6.090272665023804,0.20633510690789503,9.851775659335852,0.2579188836348688,0.9285079810855278,0.5013530427648034
2023-12-01 18:15:50.623869,7.201829671859741,0.1744885839699974,8.3312161955791,0.21811072996249678,0.7851986278649884,0.42397236133029975
2023-12-01 18:15:57.952582,7.327171087265015,0.1715037149357703,8.18869919719535,0.2143796436697129,0.7717667172109665,0.41671972655093475
2023-12-01 18:16:08.434172,10.479224681854248,0.1199169880966386,5.725614424881602,0.14989623512079828,0.5396264464348738,0.2913742976772125
2023-12-01 18:16:22.316637,13.880378007888794,0.09053334575771052,4.322648847596191,0.11316668219713817,0.4074000559096974,0.21997792352208506
2023-12-01 18:16:26.470861,4.15197229385376,0.3026602714319987,14.450963482781205,0.37832533928999845,1.3619712214439945,0.7354039275254706
2023-12-01 18:16:30.598742,4.125808477401733,0.30457959168945625,14.54260427468644,0.38072448961182037,1.3706081626025535,0.7400674918870409
2023-12-01 18:16:34.338634,3.7377912998199463,0.33619775975626326,16.052260596489234,0.4202471996953291,1.5128899189031848,0.8168933166557685
2023-12-01 18:16:38.310352,3.969578742980957,0.3165668557798264,15.114953974925553,0.395708569724783,1.4245508510092189,0.7691941461738222
2023-12-01 18:16:43.197299,4.884933710098267,0.2572475157315161,12.28266411803427,0.3215593946643952,1.1576138207918227,0.625060013724438
2023-12-01 18:16:46.819730,3.6202316284179688,0.34711509936867335,16.57352516590764,0.4338938742108417,1.56201794715903,0.8434202684460025
2023-12-01 18:16:50.520185,3.6991710662841797,0.33970774503764983,16.219850048802975,0.42463468129706233,1.5286848526694243,0.8254218788924816
2023-12-01 18:16:53.929526,3.407805919647217,0.36875253200041597,17.606636473655556,0.46094066500052,1.659386394001872,0.8959949022546108
2023-12-01 18:16:57.162321,3.2305257320404053,0.38898840797724377,18.57282838050756,0.4862355099715548,1.7504478358975972,0.9451640337031071
2023-12-01 18:17:00.782688,3.6182682514190674,0.347303454060674,16.582518439993578,0.43412931757584255,1.5628655432730332,0.8438779326766258
2023-12-01 18:17:04.850046,4.065185070037842,0.3091217348744763,14.759475636724572,0.38640216859309545,1.3910478069351437,0.7511039913980027
2023-12-01 18:17:09.277100,4.424952507019043,0.2839888246128264,13.559467565996588,0.35498603076603297,1.2779497107577187,0.6900360460442455
2023-12-01 18:17:12.694844,3.4155399799346924,0.36791753831555063,17.566768461936505,0.4598969228944383,1.6556289224199778,0.8939660345991249
2023-12-01 18:17:15.401053,2.704148054122925,0.4647071966048473,22.188134229011606,0.5808839957560591,2.091182384721813,1.1291455463104578
2023-12-01 18:17:18.043222,2.639944076538086,0.4760089702672109,22.727754172232896,0.5950112128340137,2.1420403662024494,1.1566065959552692
2023-12-01 18:17:21.009322,2.959061861038208,0.4246741435121661,20.276696742983457,0.5308426793902077,1.9110336458047477,1.0318732339058614
2023-12-01 18:17:24.580167,3.5686275959014893,0.3521345468715045,16.813186130407395,0.4401681835893807,1.5846054609217706,0.8556165219883818
2023-12-01 18:17:27.542922,2.9606964588165283,0.4244396813100623,20.265501997453548,0.5305496016375779,1.9099785658952806,1.0313035376471895
2023-12-01 18:17:31.095951,3.550942897796631,0.3538882763267367,16.896920543901214,0.44236034540842095,1.5924972434703155,0.859877733818705
2023-12-01 18:17:35.563095,4.4650537967681885,0.2814382801715565,13.43768803937549,0.3517978502144456,1.2664722607720043,0.683838733160848
2023-12-01 18:17:39.089511,3.5243568420410156,0.3565578395597924,17.024382799232374,0.44569729944974057,1.604510278019066,0.8663642385623838
2023-12-01 18:17:45.563602,6.471880674362183,0.19416876247641282,9.270875502647169,0.2427109530955161,0.873759431143858,0.47179125906518804
2023-12-01 18:17:50.479150,4.913642406463623,0.2557445083473883,12.210900801628002,0.3196806354342354,1.1508502875632476,0.6214080063824842
2023-12-01 18:17:59.115446,8.634793758392334,0.1455317980483976,6.948631510936178,0.18191474756049703,0.6548930912177893,0.35361316289799655
2023-12-01 18:18:07.913508,8.795969009399414,0.14286510787987872,6.821306434331876,0.17858138484984842,0.6428929854594544,0.34713363912652934
2023-12-01 18:18:13.940373,6.02461576461792,0.20858376874688753,9.959141353441183,0.26072971093360947,0.9386269593609942,0.5068168413011874
2023-12-01 18:18:19.537036,5.594540596008301,0.2246184543432443,10.724741195516561,0.2807730679290554,1.0107830445445993,0.545777920363215
2023-12-01 18:18:26.776353,7.237030982971191,0.17363986203635126,8.290692708264013,0.21704982754543908,0.7813793791635807,0.4219101367759263
2023-12-01 18:18:34.233633,7.455066204071045,0.1685614891990759,8.048218266289217,0.2107018614988449,0.7585267013958417,0.40957070645591465
2023-12-01 18:18:41.124108,6.888171434402466,0.1824340571954606,8.710584597290133,0.22804257149432577,0.8209532573795728,0.4432782721735302
2023-12-01 18:18:46.481460,5.355451583862305,0.2346463303342277,11.203537005319825,0.29330791291778463,1.0559084865040247,0.5701436534461065
2023-12-01 18:18:52.487452,5.999687194824219,0.20945042976906977,10.000521369140797,0.26181303721133725,0.9425269339608141,0.5089226542528859
2023-12-01 18:18:57.423504,4.933946847915649,0.25469205489450797,12.16064985080799,0.318365068618135,1.146114247025286,0.6188507549826756
2023-12-01 18:19:01.854081,4.428452730178833,0.2837643615053718,13.54875024206864,0.3547054518817148,1.2769396267741733,0.6894906455857526
2023-12-01 18:19:14.408264,12.551987171173096,0.10011459096468095,4.780119608295653,0.12514323870585123,0.4505156593410644,0.24325843312598186
2023-12-01 18:19:19.554583,5.144105434417725,0.2442868011662672,11.663835581315523,0.30535850145783405,1.0992906052482025,0.5935680694737961
2023-12-01 18:19:27.783662,8.22695255279541,0.15274636062036465,7.293101499608477,0.19093295077545583,0.687358622791641,0.3711431070353621
2023-12-01 18:19:37.483422,9.697674751281738,0.1295812752711497,6.187050147466517,0.16197659408893716,0.5831157387201739,0.31485658265383965
2023-12-01 18:19:44.104506,6.6189610958099365,0.18985412412099203,9.064866696071437,0.23731765515124012,0.8543435585444644,0.4613075507891866
2023-12-01 18:19:53.422394,9.315521717071533,0.1348971211277428,6.4408630909039255,0.16862140140967852,0.6070370450748427,0.3277730249161895
2023-12-01 18:19:58.666620,5.242084264755249,0.2397208816128386,11.445828981309093,0.2996511020160483,1.0787439672577739,0.5824737981428753
2023-12-01 18:20:02.401124,3.7324371337890625,0.3366800340881336,16.075287499642286,0.4208500426101671,1.5150601533966017,0.8180651468273472
2023-12-01 18:20:07.018204,4.614704608917236,0.27231148425137575,13.00191563378918,0.34038935531421977,1.2254016791311912,0.6616624444339929
2023-12-01 18:20:16.732225,9.711908340454102,0.12939136340501753,6.177982523792494,0.16173920425627192,0.582261135322579,0.3143951348015116
2023-12-01 18:20:25.702102,8.967723846435547,0.1401288758390347,6.69066097790785,0.17516109479879338,0.6305799412756562,0.34048514251368656
2023-12-01 18:20:28.315520,2.611276626586914,0.4812347526268838,22.977266900452207,0.6015434407836049,2.1655563868209775,1.1693042019328026
2023-12-01 18:20:30.803634,2.4860804080963135,0.5054691945375058,24.134376267396874,0.6318364931718823,2.2746113754187762,1.2281890488872316
2023-12-01 18:20:33.371346,2.557373285293579,0.49137803568306954,23.461572991723877,0.6142225446038371,2.2112011605738133,1.1939503511027227
2023-12-01 18:20:36.887002,3.5135719776153564,0.35765228930610676,17.076638925359855,0.4470653616326336,1.609435301877481,0.8690235325559785
2023-12-01 18:20:41.589290,4.700169086456299,0.2673599690396162,12.765498197265305,0.3341999612995203,1.2031198606782731,0.6496312527724595
2023-12-01 18:20:48.902934,7.306521415710449,0.17198841828259098,8.211842077269257,0.21498552285323871,0.7739478822716593,0.4178974587430395
2023-12-01 18:21:01.390036,12.485499382019043,0.10064772124739035,4.805574704237207,0.12580965155923796,0.4529147456132567,0.24455383308690912
2023-12-01 18:21:06.167515,4.7753376960754395,0.26315145470626533,12.564556439497538,0.3289393183828317,1.1841815461781942,0.6394054046452835
2023-12-01 18:21:09.546298,3.3765649795532227,0.37216433536611276,17.76953808480802,0.465205419207641,1.6747395091475077,0.9042849020725809
2023-12-01 18:21:15.222630,5.674198627471924,0.22146511673945363,10.574180415452311,0.27683139592431705,0.9965930253275413,0.5381159406535244
2023-12-01 18:21:22.986477,7.761688232421875,0.16190254282396108,7.730276996874202,0.20237817852995135,0.7285614427078249,0.39339079855366066
2023-12-01 18:21:28.029373,5.040799856185913,0.24929318705121992,11.902872899500238,0.31161648381402496,1.1218193417304898,0.6057325858970543
2023-12-01 18:21:31.252680,3.2160861492156982,0.39073488803848466,18.656216660934938,0.48841861004810594,1.7583069961731814,0.9494076309559103
2023-12-01 18:21:35.030719,3.775850296020508,0.33280902655497974,15.890460504548065,0.4160112831937247,1.497640619497409,0.8086593727232898
2023-12-01 18:21:38.155893,3.1230432987213135,0.4023758050201961,19.212029504863466,0.5029697562752452,1.8106911225908828,0.9776927310380726
2023-12-01 18:21:40.991039,2.8331046104431152,0.4435547691404771,21.178180212207423,0.5544434614255965,1.9959964611321475,1.0777493780575316
2023-12-01 18:21:44.199672,3.2065083980560303,0.3919020022519707,18.71194225980367,0.48987750281496345,1.7635590101338685,0.9522434850718385
2023-12-01 18:21:48.052930,3.8514156341552734,0.32627926477001334,15.578687344961077,0.4078490809625167,1.46825669146506,0.7927933575381785
2023-12-01 18:21:54.372041,6.317528247833252,0.1989127728660194,9.497385313722727,0.24864096608252428,0.8951074778970874,0.483318255509854
2023-12-01 18:22:02.130610,7.756366014480591,0.16201363616542386,7.735581313205722,0.20251704520677985,0.7290613627444075,0.3936607331547469
2023-12-01 18:22:08.596037,6.463281154632568,0.19442710774468172,9.283210580587987,0.24303388468085219,0.8749219848510679,0.4724189863980277
2023-12-01 18:22:20.086782,11.488641023635864,0.10938082744953097,5.2225498104223576,0.13672603431191374,0.4922137235228895,0.2657735345368704
2023-12-01 18:22:33.037463,12.948534488677979,0.0970485936099335,4.633729017941233,0.12131074201241689,0.4367186712447008,0.23580867275341644
2023-12-01 18:22:38.603707,5.563971281051636,0.22585254271808583,10.783664575037044,0.28231567839760735,1.0163364422313865,0.5487765082964051
2023-12-01 18:22:43.625183,5.014908075332642,0.2505802783538687,11.96432698240838,0.3132253479423359,1.1276112525924094,0.6088599603442303
2023-12-01 18:22:48.161680,4.530036449432373,0.27740109278665465,13.24492654082688,0.34675136598331835,1.248304917539946,0.6740291752530135
2023-12-01 18:22:52.398197,4.234789848327637,0.2967413039237771,14.168353601701071,0.37092662990472147,1.3353358676569973,0.7210220202739938
2023-12-01 18:22:56.180411,3.780128240585327,0.33243238891846044,15.87247738206612,0.41554048614807565,1.4959457501330724,0.8077442185940754
2023-12-01 18:22:59.543391,3.3608896732330322,0.3739001227693041,17.852415828420384,0.4673751534616302,1.682550552461869,0.9085025183048553
2023-12-01 18:23:02.201807,2.6563663482666016,0.4730661726143043,22.5872459343391,0.5913327157678804,2.1287977767643693,1.1494561862182366
2023-12-01 18:23:04.782021,2.5779528617858887,0.4874554069873009,23.274281267670165,0.6093192587341261,2.193549331442854,1.1844191478977437
2023-12-01 18:23:07.662325,2.8729007244110107,0.43741054146364466,20.884814950332448,0.5467631768295559,1.9683474365864013,1.062820133648364
2023-12-01 18:23:10.621125,2.9566829204559326,0.42501583539507126,20.29301132863708,0.5312697942438392,1.9125712592778212,1.0327034768429444
2023-12-01 18:23:14.050252,3.426762580871582,0.36671261337174316,17.509237533678,0.458390766714679,1.6502067601728443,0.8910383079706616
2023-12-01 18:23:17.789316,3.7370078563690186,0.336268241795162,16.055625865956216,0.42033530224395266,1.5132070880782296,0.817064573913885
2023-12-01 18:23:21.473931,3.682415008544922,0.34125351393580916,16.293655077108905,0.42656689241976153,1.5356408127111416,0.8291777881612292
2023-12-01 18:23:25.284777,3.8086700439453125,0.32994117288621727,15.753530578313736,0.41242646610777167,1.484735277987978,0.8016910618789309
2023-12-01 18:23:31.068694,5.7816994190216064,0.21734735245862513,10.37757165351798,0.27168419057328147,0.9780630860638133,0.5281105970039675
2023-12-01 18:23:39.043201,7.97221302986145,0.15762713022456154,7.526141082188661,0.19703391278070198,0.7093220860105272,0.3830024010196397
2023-12-01 18:23:47.794148,8.749022722244263,0.143631706229421,6.857908809340599,0.1795396327867763,0.6463426780323946,0.34899631979624723
2023-12-01 18:23:52.314753,4.518900394439697,0.278084700203207,13.277566390670458,0.3476058752540089,1.251381150914432,0.6756902045537526
2023-12-01 18:23:55.789933,3.473129987716675,0.36181688156798963,17.275483558692127,0.45227110195998704,1.6281759670559535,0.8791426588339012
2023-12-01 18:23:59.740326,3.9482414722442627,0.31827766114862743,15.196638914259402,0.3978470764357843,1.4322494751688235,0.773351061058935
2023-12-01 18:24:04.535175,4.792794704437256,0.2621929665112716,12.518791999258996,0.3277412081390895,1.1798683493007223,0.6370764700290877
2023-12-01 18:24:32.395476,27.8581862449646,0.04510835882802872,2.153765484673112,0.05638544853503591,0.20298761472612928,0.1096042902803442
2023-12-01 18:24:58.859511,26.4619083404541,0.04748852748139905,2.267410166645992,0.05936065935174882,0.21369837366629577,0.11538762407430343
2023-12-01 18:25:04.671047,5.809399366378784,0.21631101292649227,10.328090085739834,0.27038876615811536,0.9733995581692153,0.5255924992087909
2023-12-01 18:25:12.122713,7.449432373046875,0.16868896830080804,8.054304945043691,0.21086121037601005,0.7591003573536362,0.40988045517730337
2023-12-01 18:25:18.652360,6.527534008026123,0.1925132921392339,9.191832616455958,0.24064161517404242,0.8663098146265528,0.4677687972399106
2023-12-01 18:25:24.940173,6.28568696975708,0.19992040129934785,9.545496027511977,0.24990050162418487,0.8996418058470655,0.48576659107715553
2023-12-01 18:25:40.059841,15.117542266845703,0.08312442851189172,3.9688991068069353,0.10390553563986467,0.3740599283035128,0.20197573639819455
2023-12-01 18:26:36.077464,56.0154983997345,0.022433738828286018,1.0711321279662913,0.02804217353535753,0.1009518247272871,0.05450949860496938
2023-12-01 18:28:11.657365,95.57759261131287,0.013147820813465202,0.6277622020048474,0.016434776016831507,0.059165193660593425,0.03194657501255776
2023-12-01 18:29:30.697900,79.03827834129333,0.015899094562885876,0.7591258471106292,0.019873868203607346,0.07154592553298644,0.038631619968900105
2023-12-01 18:36:13.571459,402.87136363983154,0.003119201747382957,0.14893091297906252,0.003899002184228697,0.01403640786322331,0.00757903640579111
2023-12-01 18:37:41.782240,88.20858192443848,0.014246199564940085,0.680205924310147,0.01780774945617511,0.0641078980422304,0.03461541570289142
2023-12-01 18:37:59.478376,17.693941593170166,0.07102075333632711,3.3909911866760036,0.0887759416704089,0.3195933900134721,0.17256622645660766
2023-12-01 18:38:28.567687,29.08710265159607,0.04320255188314409,2.0627699059159363,0.05400318985393013,0.19441148347414847,0.10497356056566354
2023-12-01 18:38:36.892494,8.322673320770264,0.15098959348792695,7.209222047711828,0.18873699185990872,0.6794531706956715,0.366874514256965
2023-12-01 18:38:43.225213,6.330453634262085,0.1985066369706376,9.477993753127608,0.24813329621329705,0.8932798663678694,0.4823314265112553
2023-12-01 18:38:49.392901,6.1656270027160645,0.20381334467400428,9.731370381888,0.25476668084250537,0.9171600510330193,0.49522566488889563
2023-12-01 18:38:56.966789,7.572339296340942,0.16595097132574887,7.923575219218296,0.20743871415718615,0.7467793709658701,0.4032276701273047
2023-12-01 18:39:04.018521,7.049550771713257,0.17825775033470906,8.511180633062972,0.22282218791838634,0.8021598765061908,0.4331306817632761
2023-12-01 18:39:15.930759,11.910192489624023,0.105509383037317,5.037701955889553,0.13188672879664629,0.4747922236679266,0.25636669890407293
2023-12-01 18:39:23.421704,7.488821268081665,0.1678017162449675,8.011941779907051,0.2097521453062094,0.7551077231023539,0.40772461013202205
2023-12-01 18:39:32.442620,9.018662214279175,0.13933741297531843,6.652871409797618,0.1741717662191481,0.6270183583889332,0.33856204604742884
2023-12-01 18:40:02.227908,29.783166646957397,0.04219286271106747,2.014560799099229,0.05274107838883434,0.18986788219980363,0.10252021781535176
2023-12-01 18:40:34.856091,32.62604880332947,0.038516372883855864,1.8390213403308904,0.04814546610481984,0.17332367797735143,0.09358708283319299
2023-12-01 18:40:42.097112,7.238888740539551,0.17359529984187239,8.288565020206113,0.21699412480234048,0.7811788492884257,0.42180185955578153
2023-12-01 18:40:51.660676,9.561219215393066,0.1314306296222972,6.275350313420606,0.16428828702787154,0.5914378333003376,0.3193501438562578
2023-12-01 18:41:01.957090,10.294155836105347,0.12207286167443028,5.828549805857629,0.15259107709303787,0.5493278775349364,0.29661263929653076
2023-12-01 18:41:07.996237,6.0368499755859375,0.20816105527186765,9.938958271722893,0.26020131908983457,0.9367247487234045,0.505789732099584
2023-12-01 18:41:14.493111,6.494748115539551,0.19348511121305004,9.238233559272606,0.24185638901631257,0.8706830004587253,0.47013012322546904
2023-12-01 18:41:21.715658,7.220250129699707,0.1740434249316209,8.309961417153206,0.21755428116452616,0.7831954121922942,0.4228907138988525
2023-12-01 18:41:28.889228,7.171415567398071,0.17522859324297244,8.366549035697448,0.21903574155371558,0.7885286695933761,0.4257704358617745
2023-12-01 18:41:34.420827,5.529329776763916,0.22726751924197477,10.851224727477817,0.2840843990524685,1.0227038365888867,0.5522146182541504
2023-12-01 18:41:42.411190,7.987971305847168,0.15731617119306165,7.511293882099977,0.1966452139913271,0.7079227703687775,0.38224683276490123
2023-12-01 18:42:00.557799,18.144482612609863,0.06925725512628246,3.3067903494973083,0.08657156890785309,0.3116576480682711,0.16828127850584115
2023-12-01 18:42:13.009015,12.448999166488647,0.10094281834467847,4.819664552754849,0.1261785229308481,0.4542426825510532,0.24527086001389978
2023-12-01 18:42:19.431291,6.419997215270996,0.19573794493972735,9.345798446342055,0.24467243117465923,0.8808207522287732,0.4756040586145496
2023-12-01 18:42:44.665554,25.23213768005371,0.04980303600789651,2.377919808492115,0.06225379500987064,0.22411366203553432,0.12101141689198694
2023-12-01 18:42:53.064398,8.396517753601074,0.14966169289607878,7.14581946477364,0.18707711612009847,0.6734776180323545,0.3636479813988922
2023-12-01 18:43:12.831278,19.764764070510864,0.06357966414134064,3.0357053484650662,0.0794745801766758,0.2861084886360329,0.1544858679306295
2023-12-01 18:43:22.451011,9.617564678192139,0.13066063015779308,6.238585547134423,0.16332578769724138,0.587972835710069,0.3174791991574057
2023-12-01 18:43:34.435843,11.982618808746338,0.10487165464353038,5.0072526680231935,0.13108956830441298,0.4719224458958868,0.25481714645285014
2023-12-01 18:43:44.648832,10.210865020751953,0.12306861944428832,5.8760937372161495,0.1538357743053604,0.5538087874992975,0.29903213152573177
2023-12-01 18:43:58.027071,13.37597131729126,0.09394735018693177,4.485655551790647,0.11743418773366474,0.42276307584119305,0.22827327148420687
2023-12-01 18:44:20.289721,22.26048445701599,0.05645146959233649,2.6953591291266523,0.07056433699042063,0.25403161316551426,0.13716578081545924
2023-12-01 18:44:37.648716,17.356767177581787,0.07240041008667818,3.4568649441525454,0.09050051260834774,0.32580184539005186,0.17591851642861067
2023-12-01 18:44:54.068184,16.417176961898804,0.07654404069300932,3.654708732155886,0.09568005086626168,0.34444818311854203,0.18598671007587408
2023-12-01 18:45:23.598731,29.528424978256226,0.042556860461107016,2.0319404114571658,0.05319607557638378,0.19150587207498163,0.10340465954839785
2023-12-01 18:45:32.808099,9.207217931747437,0.13648390542629638,6.516626460324548,0.17060488178287048,0.6141775744183338,0.33162859340481493
2023-12-01 18:46:13.335061,40.52484726905823,0.031009051140715643,1.4805731308902812,0.03876131392589456,0.13954073013322044,0.07534579246171089
2023-12-01 18:47:23.926300,70.58903217315674,0.01780215739965599,0.8499904043565639,0.022252696749569995,0.08010970829845199,0.04325568204968414
2023-12-01 18:47:51.842861,27.91439437866211,0.04501752910664959,2.1494286849319675,0.056271911383312,0.20257888097992321,0.1093835922233372
2023-12-01 18:48:30.275488,38.43048167228699,0.032698967245630546,1.5612606813426237,0.04087370905703819,0.14714535260533748,0.07945195061343312
2023-12-01 18:48:58.645385,28.367777585983276,0.04429804406168323,2.11507580451584,0.055372555077104056,0.1993411982775746,0.10763538746107795
2023-12-01 18:49:09.610260,10.962554454803467,0.1146299493075992,5.47317691760334,0.14328743663449903,0.5158347718841965,0.2785278508276046
2023-12-01 18:49:25.698726,16.08633327484131,0.07811830328054135,3.7298742339149937,0.0976478791006767,0.3515323647624361,0.1898118533110594
2023-12-01 18:49:44.444546,18.74373698234558,0.06704303750204792,3.2010692455038723,0.0838037968775599,0.30169366875921566,0.16290117252247605
2023-12-01 18:49:53.331360,8.88456106185913,0.1414405340552593,6.7532880445356245,0.17680066756907417,0.636482403248667,0.34367220964746914
2023-12-01 18:49:59.663532,6.33009672164917,0.19851782945719787,9.478528154996074,0.2481472868214974,0.8933302325573906,0.4823586220150995
2023-12-01 18:50:07.609410,7.943819522857666,0.15819053514748802,7.553041685722478,0.19773816893436005,0.7118574081636962,0.3843713623013664
2023-12-01 18:50:15.201118,7.589414596557617,0.1655776009398536,7.905748096462488,0.20697200117481704,0.7450992042293414,0.40232045476365635
2023-12-01 18:50:29.844190,14.640878915786743,0.08583071198553045,4.098114624478187,0.10728838998191308,0.38623820393488706,0.20855146398244193
2023-12-01 18:50:36.910537,7.0640575885772705,0.17789167849762802,8.493701990343519,0.22236459812203505,0.8005125532393261,0.4322412004135366
2023-12-01 18:50:43.436860,6.524163246154785,0.19261275569346836,9.19658165135013,0.2407659446168355,0.8667574006206078,0.4680104737839895
2023-12-01 18:50:52.108750,8.669620990753174,0.14494717390485912,6.920717764247673,0.18118396738107392,0.6522622825718661,0.35219264315402676
2023-12-01 18:51:11.116099,19.005062580108643,0.06612117461539734,3.157053534924851,0.08265146826924667,0.297545285769288,0.16066123008049246
2023-12-01 18:52:09.331111,58.21288347244263,0.021586923486289697,1.0306996736968608,0.026983654357862128,0.09714115568830366,0.05245190668698672
2023-12-01 18:52:17.317208,7.9839582443237305,0.15739524468697405,7.515069363327089,0.19674405585871757,0.7082786010913833,0.38243896554040957
2023-12-01 18:52:25.633480,8.31401014328003,0.15114692426152743,7.216734038807523,0.18893365532690928,0.6801611591768735,0.36725679657065935
2023-12-01 18:52:41.183892,15.548113584518433,0.08082247756970182,3.8589890454455644,0.10102809696212729,0.36370114906365825,0.1963824559988615
2023-12-01 18:52:47.878482,6.692686557769775,0.18776272436919117,8.965009713527357,0.23470340546148902,0.8449322596613604,0.4562258676722608
2023-12-01 18:52:53.023319,5.143292427062988,0.24432541591913795,11.665679299954219,0.3054067698989225,1.099464371636121,0.5936618956003216
2023-12-01 18:52:57.829477,4.7992637157440186,0.261839552036599,12.501917701077684,0.32729944004574874,1.1782779841646955,0.6362177435385282
2023-12-01 18:53:02.919598,5.087936639785767,0.2469836301831049,11.792599681926536,0.3087295377288812,1.1114263358239722,0.6001208246189084
2023-12-01 18:53:13.091353,10.169642448425293,0.12356747720570056,5.899912440804704,0.15445934650712573,0.5560536474256527,0.3002442561144113
2023-12-01 18:53:37.176438,24.082959413528442,0.052179511656279653,2.4913881624654235,0.06522438957034958,0.2348078024532585,0.12678577742242833
2023-12-01 18:53:43.529109,6.350501537322998,0.19787997121966563,9.448072667547532,0.24734996402458206,0.8904598704884954,0.4808087540695436
2023-12-01 18:53:48.091949,4.5608580112457275,0.2755264597883604,13.155419408378366,0.3444080747354505,1.2398690690476217,0.6694741919937581
2023-12-01 18:54:00.096836,12.003386497497559,0.10469021069161594,4.9985893574708005,0.13086276336451996,0.47110594811227186,0.2543762739384885
2023-12-01 18:54:17.076267,16.977163314819336,0.07401925976284866,3.534159322578119,0.09252407470356083,0.333086668932819,0.17985199737176968
2023-12-01 18:54:40.822716,23.74433135986328,0.05292366596433622,2.5269189134305226,0.06615458245542027,0.23815649683951298,0.12859392356014415
2023-12-01 18:54:44.119941,3.2951509952545166,0.3813594773792316,18.208573775953965,0.4766993467240396,1.7161176482065426,0.9266272581360571
2023-12-01 18:54:46.689514,2.5677192211151123,0.4893981596983892,23.36704087682263,0.6117476996229866,2.2022917186427517,1.1891396484351462
2023-12-01 18:54:49.317816,2.626905679702759,0.4783715955793697,22.840561221364126,0.5979644944742122,2.1526721801071638,1.1623473029387525
2023-12-01 18:54:52.221114,2.901733160018921,0.43306430748019686,20.67729756364254,0.5413303843502462,1.9487893836608863,1.0522596543153826
2023-12-01 18:54:54.990646,2.7672278881073,0.4541140492391536,21.682348699166294,0.5676425615489421,2.0435132215761915,1.1034063168412955
2023-12-01 18:54:57.827038,2.8343496322631836,0.4433599324274304,21.168877444414274,0.554199915534288,1.995119695923437,1.0772759638121705
2023-12-01 18:55:00.843614,3.009343147277832,0.4175785212705424,19.937905736763295,0.521973151588178,1.8791033457174409,1.014632290983164
2023-12-01 18:55:04.396137,3.5504446029663086,0.3539379435426279,16.899291978776823,0.4424224294282849,1.5927207459418258,0.8599984152198773
2023-12-01 18:55:09.053171,4.654961585998535,0.269956483683067,12.88947263936001,0.33744560460383377,1.2148041765738016,0.6559402640531162
2023-12-01 18:55:19.751433,10.695981740951538,0.1174868368206586,5.609583248471614,0.14685854602582327,0.5286907656929638,0.2854695161068363
2023-12-01 18:56:26.555155,66.80153608322144,0.018811499482143605,0.8981829388661352,0.023514374352679508,0.08465174766964623,0.045708181441712535
2023-12-01 18:56:56.234636,29.677265167236328,0.04234342532421901,2.0217496343375987,0.05292928165527377,0.19054541395898555,0.10288605485278736
2023-12-01 18:57:27.282882,31.046175718307495,0.04047638823015795,1.9326051796008756,0.05059548528769745,0.18214374703571082,0.09834952812163782
2023-12-01 18:57:32.415942,5.130938291549683,0.2449136960983366,11.693767609486953,0.3061421201229208,1.1021116324425149,0.5950912987797384
2023-12-01 18:57:37.311094,4.892949819564819,0.25682606766396043,12.262541455071865,0.32103258457995054,1.155717304487822,0.6240359792098911
2023-12-01 18:57:42.210719,4.897535085678101,0.25658561693834736,12.251060778606458,0.3207320211729342,1.1546352762225631,0.6234517320367964
2023-12-01 18:57:48.333918,6.121096611022949,0.20529606723947946,9.802165169546782,0.2566200840493494,0.9238323025776578,0.4988283841784873
2023-12-01 18:57:54.138327,5.802167177200317,0.21658063669276661,10.34096367229312,0.27072579586595835,0.97461286511745,0.5262476310360845
2023-12-01 18:57:59.361017,5.215338230133057,0.24095025211890372,11.504527099188588,0.3011878151486297,1.0842761345350669,0.5854609225985123
2023-12-01 18:58:05.557438,6.1893110275268555,0.20303343229109758,9.694132308612545,0.25379179036387195,0.913650445309939,0.49333063378090886
2023-12-01 18:58:11.945003,6.385309219360352,0.1968012853043632,9.396569208908335,0.24600160663045403,0.8856057838696345,0.4781877630325418
2023-12-01 18:58:22.150075,10.202741146087646,0.12316661213322937,5.8807725434657,0.15395826516653674,0.5542497545995323,0.29927023416132076
2023-12-01 18:59:12.185344,50.03316402435303,0.025116082221469434,1.1992045909947997,0.0313951027768368,0.11302236999661247,0.06102705658172644
2023-12-01 18:59:21.664179,9.476516485214233,0.132605379138694,6.331440471149414,0.16575672392336752,0.596724206124123,0.3222045502311987
2023-12-01 18:59:40.078223,18.411887645721436,0.06825139744582003,3.258764182929545,0.08531424680727503,0.30713128850619015,0.1658372455138535
2023-12-01 19:00:37.684426,57.60409951210022,0.021815063026407525,1.0415925343541999,0.027268828783009406,0.09816778361883387,0.053006240141565006
2023-12-01 19:00:50.710298,13.023934364318848,0.09648674711373513,4.606902823802583,0.12060843389216892,0.4341903620118081,0.23444349813695364
2023-12-01 19:00:58.801023,8.088900089263916,0.15535326775809766,7.417572146754004,0.19419158469762213,0.6990897049114396,0.3774773699986258
2023-12-01 19:01:06.793640,7.99039363861084,0.15726847991113344,7.509016791121598,0.1965855998889168,0.7077081596001005,0.38213095248807205
2023-12-01 19:01:13.611466,6.815671920776367,0.1843746406873374,8.80324063385455,0.23046830085917178,0.8296858830930184,0.4479935019420925
2023-12-01 19:01:42.205590,28.591989517211914,0.043950668794119484,2.0984898572336483,0.05493833599264936,0.19777800957353772,0.10679133503595153
2023-12-01 19:01:47.403181,5.1955406665802,0.2418683910067552,11.548365001922523,0.302335488758444,1.0884077595303985,0.5876918164682138
2023-12-01 19:01:51.590327,4.180532455444336,0.3005925859514355,14.352238773283913,0.3757407324392944,1.35266663678146,0.730379865344798
2023-12-01 19:01:55.785316,4.192943096160889,0.29970286565217397,14.309757758204912,0.37462858206521754,1.3486628954347832,0.7282180229616525
2023-12-01 19:01:59.783493,3.995818614959717,0.31448801422849015,15.015696602285557,0.3931100177856128,1.415196064028206,0.7641429769723855
2023-12-01 19:02:03.859247,4.073710203170776,0.3084748297652132,14.728588192969383,0.38559353720651657,1.3881367339434596,0.7495321413635152
2023-12-01 19:02:06.329876,2.4685449600219727,0.5090598234130327,24.305816167701455,0.636324779266291,2.290769205358648,1.2369135589289872
2023-12-01 19:02:08.746913,2.4149045944213867,0.5203671666114034,24.845702036678617,0.6504589582642543,2.3416522497513155,1.264388141432388
2023-12-01 19:02:28.756498,20.007542371749878,0.06280816694459464,2.9988690707319665,0.07851020868074331,0.2826367512506759,0.15261128404197608
2023-12-01 19:02:59.194696,30.435858726501465,0.04128804357807469,1.9713588678132516,0.05161005447259336,0.1857961961013361,0.10032168828600588
2023-12-01 19:03:13.511894,14.315134048461914,0.08778381377231574,4.191368365596736,0.1097297672153947,0.3950271619754209,0.21329711070397284
2023-12-01 19:03:28.238776,14.72479796409607,0.08534154862430127,4.074758794402467,0.10667693578037661,0.3840369688093558,0.20736289484732728
2023-12-01 19:03:40.983807,12.742872953414917,0.09861489367663794,4.708514337335586,0.12326861709579744,0.4437670215448708,0.23961446865549488
2023-12-01 19:03:51.476876,10.490979194641113,0.11978262830583238,5.719199217423721,0.1497282853822905,0.5390218273762458,0.2910478302575116
2023-12-01 19:03:56.342343,4.8631227016448975,0.25840126571572497,12.33775162195798,0.32300158214465624,1.1628056957207624,0.6278633954360686
2023-12-01 19:04:01.199527,4.855189800262451,0.25882346790397126,12.357910291531065,0.32352933487996416,1.164705605567871,0.6288892623130695
2023-12-01 19:04:12.732367,11.52944827079773,0.10899368572725031,5.2040651547889345,0.1362421071590629,0.49047158577262645,0.26483285758007286
2023-12-01 19:04:55.557333,42.82287549972534,0.029344994860141447,1.401120296099332,0.03668124357517682,0.13205247687063654,0.07130246851117171
2023-12-01 19:05:09.175146,13.61551022529602,0.09229452592244637,4.406739006264123,0.11536815740305797,0.4153253666510087,0.22425723908636022
2023-12-01 19:06:00.878814,51.70153260231018,0.02430560562105594,1.160507183829963,0.030382007026319935,0.10937522529475177,0.059057760538041744
2023-12-01 19:06:04.846837,3.9658491611480713,0.3168645630163438,15.129168448411345,0.3960807037704298,1.4258905335735474,0.7699175152171123
2023-12-01 19:06:08.193701,3.3448095321655273,0.37569764417118656,17.938241153347303,0.4696220552139832,1.6906393987703396,0.9128701358071492
2023-12-01 19:06:11.545825,3.3499269485473633,0.37512372082646034,17.9108383321666,0.46890465103307544,1.6880567437190717,0.9114756168641334
2023-12-01 19:06:15.150434,3.602383613586426,0.3488348816312894,16.655638720348772,0.43604360203911174,1.5697569673408023,0.847598995387707
2023-12-01 19:06:19.315060,4.16258430480957,0.3018886752597329,14.414122479315138,0.37736084407466614,1.358499038668798,0.733529103146099
2023-12-01 19:06:24.209170,4.89194655418396,0.2568787388654414,12.26505631969415,0.32109842358180174,1.1559543248944864,0.6241639596952495
2023-12-01 19:06:29.773173,5.561826229095459,0.22593964817924364,10.787823554451112,0.2824245602240546,1.0167284168065966,0.5489881571459263
2023-12-01 19:06:59.567866,29.792465686798096,0.04217969316963145,2.0139319998138903,0.052724616462039325,0.18980861926334158,0.10248821846357052
2023-12-01 19:07:04.751455,5.181461572647095,0.24252559703804363,11.579744278475333,0.3031569962975546,1.0913651866711966,0.5892886956830385
2023-12-01 19:07:08.880910,4.122693061828613,0.30480975483499567,14.553593755385492,0.3810121935437446,1.3716438967574807,0.7406267422980725
2023-12-01 19:07:14.058304,5.175067901611328,0.24282523153843955,11.594050772032997,0.30353153942304945,1.092713541922978,0.5900167475921004
2023-12-01 19:07:20.876668,6.816263675689697,0.18435863417633494,8.802476379250242,0.23044829272041875,0.8296138537935075,0.4479546093216588
2023-12-01 19:08:06.043279,45.16432785987854,0.027823663519019028,1.3284820751932553,0.03477957939877379,0.12520648583558563,0.06760593761851244
2023-12-01 19:08:14.007512,7.962109804153442,0.15782714536044093,7.535691101459181,0.1972839317005512,0.7102221541219843,0.38348839779679944
2023-12-01 19:09:11.720556,57.71096682548523,0.021774666593888787,1.0396637467786094,0.027218333242360986,0.09798599967249955,0.05290808488983098
2023-12-01 19:09:20.198190,8.475298881530762,0.14827053051478348,7.07939635388565,0.1853381631434794,0.6672173873165258,0.360267735044821
2023-12-01 19:10:05.205063,45.004786014556885,0.027922298331325375,1.3331915405751043,0.034902872914156724,0.1256503424909642,0.0678456004854544
2023-12-01 19:10:11.425392,6.218044281005859,0.20209522554777268,9.649336236359854,0.2526190319347159,0.9094285149649773,0.49105097903597816
2023-12-01 19:10:21.376550,9.948837995529175,0.12630993307968497,6.0308550633715114,0.15788741634960624,0.5683946988585825,0.3069078753970186
2023-12-01 19:11:30.348923,68.97030091285706,0.018219973594484667,0.8699396581698129,0.022774966993105834,0.08198988117518101,0.04427089183987885
2023-12-01 19:11:42.617394,12.266171216964722,0.10244737654549663,4.891501915203746,0.12805922068187078,0.4610131944547348,0.24892663553024771
2023-12-01 19:11:55.055613,12.435996055603027,0.10104836442672725,4.824704006959463,0.12631045553340906,0.4547176399202726,0.24552731588406185
2023-12-01 19:13:21.341710,86.28400206565857,0.014563963554676896,0.6953780372211117,0.018204954443346123,0.06553783599604604,0.03538751864515393
2023-12-01 19:14:41.636079,80.29213786125183,0.015650810837886,0.7472711724737297,0.019563513547357504,0.07042864877048702,0.03802834017389541
2023-12-01 19:14:58.658475,17.020174503326416,0.07383220784195371,3.5252282512305397,0.09229025980244215,0.3322449352887918,0.17939749861437915
2023-12-01 19:15:09.608454,10.947886943817139,0.11478352561410109,5.480509646099811,0.14347940701762635,0.5165258652634549,0.2789010105371428
2023-12-01 19:15:17.933191,8.322651624679565,0.15098998709852882,7.209240841233709,0.18873748387316103,0.6794549419433797,0.3668754706520053
2023-12-01 19:15:33.898115,15.962568759918213,0.07872398736920809,3.758793518914021,0.09840498421151013,0.3542579431614365,0.19128354450970186
2023-12-01 19:15:42.332811,8.4326012134552,0.14902128413600374,7.115242198844052,0.1862766051700047,0.6705957786120169,0.36209191619366193
2023-12-01 19:15:50.110581,7.77557897567749,0.16161331077296734,7.716467183689324,0.20201663846620918,0.727259898478353,0.39268802251615603
2023-12-01 19:16:00.403970,10.291859149932861,0.12210010291912271,5.829850479482262,0.15262512864890343,0.5494504631360524,0.2966788300728844
2023-12-01 19:18:28.341361,147.93532133102417,0.00849450320673608,0.405582652338601,0.010618129008420102,0.03822526443031237,0.020639943891727332
2023-12-01 19:18:38.588855,10.245198249816895,0.12265619764443078,5.856402046790294,0.15332024705553848,0.5519528893999386,0.29803002903643794
2023-12-01 19:18:45.988122,7.397280216217041,0.1698782558866696,8.111089244458002,0.21234781985833706,0.7644521514900134,0.4127701861534299
2023-12-01 19:18:56.970754,10.9811110496521,0.11443624017223007,5.463927987678524,0.1430453002152876,0.5149630807750354,0.27805717637048466
2023-12-01 19:19:10.446804,13.473961114883423,0.09326411518642636,4.453033483503497,0.11658014398303294,0.4196885183389186,0.22661314707997876
2023-12-01 19:19:37.257450,26.808523416519165,0.04687453471091172,2.238094171312268,0.058593168388639656,0.21093540619910275,0.11389574444057331
2023-12-01 19:19:47.384781,10.125310182571411,0.12410850026095528,5.925744388875845,0.15513562532619413,0.5584882511742989,0.3015588339340692
2023-12-01 19:19:56.495061,9.10873031616211,0.13795962969791725,6.587087104065292,0.17244953712239658,0.6208183336406277,0.33521430823999937
2023-12-01 19:20:07.964816,11.467688083648682,0.10958068027920169,5.232092080142257,0.13697585034900214,0.49311306125640775,0.26625913694240433
2023-12-01 19:21:09.168566,61.20150947570801,0.020532778884068202,0.9803679764437034,0.025665973605085254,0.09239750497830691,0.04989054613250892
2023-12-01 19:21:37.170946,28.000128030776978,0.044879689837655605,2.1428473446281973,0.05609961229706951,0.20195860426945023,0.1090486703675356
2023-12-01 19:21:46.532497,9.359692335128784,0.1342605094741746,6.410467123455339,0.16782563684271823,0.6041722926337857,0.3262261859203494
2023-12-01 19:21:57.853628,11.319565296173096,0.11101460423226318,5.300556905686539,0.138768255290329,0.4995657190451844,0.26974328536355313
2023-12-01 19:22:05.548963,7.693164110183716,0.16334463212249195,7.799131688946536,0.20418079015311497,0.7350508445512139,0.396894787131231
2023-12-01 19:22:10.926101,5.374823093414307,0.2338006367085191,11.163158109057978,0.29225079588564895,1.0521028651883362,0.5680887870743598
2023-12-01 19:22:16.942631,6.00975775718689,0.20909945329046628,9.983763476697176,0.26137431661308286,0.9409475398070983,0.508069851605175
2023-12-01 19:22:37.083941,20.139228582382202,0.06239747745527966,2.9792600920418573,0.07799684681909959,0.2807886485487585,0.15161339072083854
2023-12-01 19:23:08.480888,31.39479923248291,0.040026918220764617,1.9111445674709224,0.05003364777595577,0.1801211319934408,0.09725740589281387
2023-12-01 19:23:46.416351,37.93336844444275,0.03312748413778199,1.5817208558179077,0.0414093551722275,0.149073678620019,0.0804931609579827
2023-12-01 19:23:53.241661,6.8237364292144775,0.18415674088112113,8.792836684477125,0.23019592610140144,0.8287053339650452,0.44746404899294817
2023-12-01 19:24:01.072349,7.828582763671875,0.16051910024727276,7.6642224795050815,0.20064887530909095,0.7223359511127274,0.39002930978082334
2023-12-01 19:24:09.514537,8.440199613571167,0.14888712577547872,7.108836608973654,0.18610890721934842,0.6699920659896543,0.36176593820925823
2023-12-01 19:24:24.049161,14.532522916793823,0.08647067468125195,4.128670592403735,0.10808834335156495,0.38911803606563383,0.21010644534050602
2023-12-01 19:24:59.000104,34.9485878944397,0.03595673350899101,1.716807562618173,0.04494591688623876,0.16180530079045954,0.08736767108014634
2023-12-01 19:25:15.105157,16.102961778640747,0.07803763548037124,3.7260226301713675,0.09754704435046407,0.3511693596616707,0.1896158466902061
2023-12-01 19:26:31.617577,76.51006722450256,0.01642446683190831,0.7842105251841268,0.020530583539885388,0.07391010074358739,0.03990816950817081
2023-12-01 19:26:43.898144,12.278289556503296,0.10234626375709875,4.886674135178748,0.12793282969637343,0.46055818690694433,0.24868095167699852
2023-12-01 19:26:57.852717,13.95249080657959,0.09006542837808741,4.300307438418503,0.11258178547260927,0.4052944277013934,0.21884097787307683
2023-12-01 19:27:14.071143,16.216196298599243,0.07749271396921026,3.7000045445418546,0.09686589246151284,0.34871721286144625,0.1882917964023871
2023-12-01 19:27:31.383283,17.31002974510193,0.07259589266687985,3.4661985498307817,0.09074486583359984,0.32668151700095943,0.1763935000019847
2023-12-01 19:27:53.409488,22.02411723136902,0.057057318040701535,2.724286261723208,0.07132164755087694,0.256757931183157,0.13863787137529665
2023-12-01 19:28:37.720783,44.30902123451233,0.028360749716970092,1.3541260521743586,0.03545093714621262,0.12762337372636542,0.06891094966229394
2023-12-01 19:29:47.023859,69.30079221725464,0.01813308363772265,0.8657909683326981,0.022666354547153315,0.08159887636975194,0.0440597666229385
2023-12-01 19:30:13.754710,26.72868275642395,0.04701455260206933,2.2447795331619793,0.05876819075258667,0.21156548670931202,0.11423595991250808
2023-12-01 19:30:18.057639,4.3008270263671875,0.29218498064019344,13.950805189828957,0.3652312258002418,1.3148324128808706,0.709951065959542
2023-12-01 19:30:21.811435,3.751582622528076,0.33496185153696767,15.993250325796595,0.4187023144212096,1.5073283319163546,0.813890306864524
2023-12-01 19:30:26.375493,4.561965465545654,0.27545957349451605,13.15222582309124,0.3443244668681451,1.2395680807253224,0.6693116716769751
2023-12-01 19:30:35.782690,9.405147075653076,0.1336116332182566,6.379485564380046,0.16701454152282075,0.6012523494821547,0.3246495463937199
2023-12-01 19:30:44.268679,8.48391580581665,0.14811993543999522,7.072205968718295,0.18514991929999403,0.6665397094799785,0.3599018191321004
2023-12-01 19:30:53.009633,8.738719701766968,0.1438010491607627,6.865994338720809,0.1797513114509534,0.6471047212234323,0.3494077892508213
2023-12-01 19:31:18.867708,25.855875253677368,0.0486016059834289,2.320555750340204,0.060752007479286135,0.2187072269254301,0.11809218221853557
2023-12-01 19:32:28.705357,69.83558964729309,0.017994221396033218,0.8591607846805898,0.022492776745041528,0.0809739962821495,0.04372235914808152
2023-12-01 19:32:37.228820,8.521188974380493,0.1474720329773319,7.041270904846012,0.18434004122166492,0.6636241483979938,0.35832754572832115
2023-12-01 19:32:48.387659,11.156817197799683,0.11263401014437593,5.377877842422034,0.14079251268046994,0.5068530456496918,0.2736781178488047
2023-12-01 19:35:12.913630,144.52438306808472,0.008694983052402457,0.41515485986703227,0.010868728815503074,0.039127423735811066,0.021127069820727495
2023-12-01 19:36:09.354421,56.438493967056274,0.022265602306281048,1.0631042003888802,0.027832002882851314,0.10019521037826473,0.0541009604838017
2023-12-01 19:36:42.661631,33.305073976516724,0.03773109954122807,1.8015273000836378,0.0471638744265351,0.16978994793552638,0.09167902566527598
2023-12-01 19:36:50.466649,7.802922964096069,0.161046964992239,7.689426164538677,0.20130870624029876,0.7247113424650755,0.3913119155381423
2023-12-01 19:37:26.003413,35.535234451293945,0.03536312847909631,1.688465010192587,0.0442039105988704,0.15913407815593344,0.08592532957850824
2023-12-01 19:39:08.836244,102.83069562911987,0.012220446956502541,0.5834833619759063,0.015275558695628182,0.05499201130426146,0.029693242014909884
2023-12-01 19:40:15.701830,66.86343264579773,0.018794085372386204,0.8973514763719047,0.023492606715482756,0.08457338417573793,0.045665868637824
2023-12-01 19:40:23.456808,7.752772569656372,0.16208873021172804,7.739166789805546,0.2026109127646601,0.7293992859527764,0.39384319666845685
2023-12-01 19:40:29.295072,5.83582067489624,0.2153316785146521,10.281330311964528,0.26916459814331517,0.9689925533159346,0.5232129124549018
2023-12-01 19:40:39.934785,10.637630701065063,0.11813129227263924,5.640353729707186,0.1476641153407991,0.5315908152268768,0.2870354139640589
2023-12-01 19:40:44.362965,4.42606258392334,0.2839175989061619,13.556066789009328,0.3548969986327024,1.2776291950777288,0.6898629818221923
2023-12-01 19:40:49.059609,4.694836616516113,0.267663640735687,12.779997452717335,0.3345795509196088,1.2044863833105917,0.6503691142595723
2023-12-01 19:40:55.760423,6.699260473251343,0.18757847473663544,8.956212441592122,0.2344730934207943,0.8441031363148596,0.4557781779150768
2023-12-01 19:41:07.809424,12.046924591064453,0.10431185585472999,4.980524244710862,0.1303898198184125,0.46940335134628497,0.25345694735582297
2023-12-01 19:41:16.797873,8.986179828643799,0.13984107656407427,6.676919574739386,0.17480134570509284,0.6292848445383342,0.3397858478353877
2023-12-01 19:41:22.292402,5.4923131465911865,0.2287992377521029,10.92435889917149,0.28599904719012864,1.0295965698844631,0.5559363878900596
2023-12-01 19:41:27.108915,4.81437349319458,0.2610177758772253,12.462680779713866,0.3262722198465317,1.1745799914475141,0.6342209918264822
2023-12-01 19:41:31.285640,4.174349784851074,0.3010377965920145,14.37349601553349,0.37629724574001816,1.3546700846640654,0.7314616381592769
2023-12-01 19:41:35.932792,4.645008563995361,0.2705349288645945,12.917091362344348,0.33816866108074317,1.2174071798906754,0.6573457701551918
2023-12-01 19:41:41.651993,5.716820240020752,0.21981398901417193,10.495344873705912,0.2747674862677149,0.9891629505637737,0.5341040305066349
2023-12-01 19:41:47.926638,6.2728049755096436,0.20033096299695174,9.565098904597335,0.25041370374618976,0.9014893334862831,0.4867641738899935
2023-12-01 19:41:59.479587,11.551401853561401,0.10878654187313938,5.194174764295076,0.13598317734142423,0.4895394384291272,0.2643295394433541
2023-12-01 19:42:12.101808,12.6200852394104,0.09957437193147091,4.754326049449342,0.12446796491433865,0.44808467369161914,0.24194580891908804
2023-12-01 19:42:31.884054,19.780017614364624,0.06353063409424486,3.0333643361584706,0.0794132926178061,0.28588785342410195,0.1543667347221962
2023-12-01 19:42:40.657065,8.770843744277954,0.14327436425437856,6.8408469868299315,0.17909295531797323,0.6447346391447036,0.3481280502652891
2023-12-01 19:43:08.985379,28.325700283050537,0.04436384798535274,2.1182177104338935,0.05545480998169094,0.19963731593408737,0.10779527783481012
2023-12-01 19:43:17.391126,8.403442859649658,0.14953835974417595,7.139930740541909,0.18692294968021997,0.6729226188487919,0.36334830650639877
2023-12-01 19:43:29.462447,12.069021224975586,0.10412087591953499,4.971405624495566,0.13015109489941876,0.4685439416379075,0.25299290430928617
2023-12-01 19:43:56.251561,26.78703212738037,0.04691214224331502,2.2398897987161104,0.05864017780414378,0.2111046400949176,0.11398712322280685
2023-12-01 19:44:04.995078,8.741265058517456,0.14375917593431797,6.863995039429244,0.17969896991789747,0.6469162917044309,0.3493060456852058
2023-12-01 19:44:13.271849,8.274628639221191,0.1518662789867742,7.251080696915385,0.18983284873346778,0.683398255440484,0.36900468468206404
2023-12-01 19:44:23.112167,9.838191509246826,0.12773049398914582,6.098681850582655,0.1596631174864323,0.5747872229511564,0.3103595542948266
2023-12-01 19:44:29.012168,5.89787745475769,0.21306598366539733,10.173151351525505,0.2663324795817467,0.9587969264942882,0.5177077271101825
2023-12-01 19:44:33.768813,4.754495859146118,0.2643050070216283,12.619634505429074,0.3303812587770354,1.1893725315973274,0.6422083060611525
2023-12-01 19:44:38.744444,4.9734039306640625,0.25267142563828066,12.064171910522585,0.31583928204785083,1.137021415372263,0.6139410300158944
2023-12-01 19:44:46.329067,7.582757234573364,0.16572297154738339,7.912689031693079,0.20715371443422928,0.7457533719632254,0.4026736762658322
2023-12-01 19:45:16.475346,30.144630432128906,0.04168692876382262,1.9904042325246254,0.052108660954778285,0.18759117943720183,0.10129089951033622
2023-12-01 19:45:35.742988,19.2655189037323,0.06522726264032627,3.1143723820683715,0.08153407830040785,0.29352268188146824,0.1584892027634648
2023-12-01 19:45:48.822198,13.077274322509766,0.09609319422724673,4.58811205762677,0.12011649278405842,0.4324193740226103,0.23348724333336413
2023-12-01 19:46:56.356551,67.53278017044067,0.018607808804322726,0.8884574253950558,0.02325976100540341,0.08373513961945228,0.04521325383274337
2023-12-01 19:47:06.549578,10.190783739089966,0.12331113029272611,5.887672777300835,0.15413891286590764,0.5549000863172675,0.2996213843852659
2023-12-01 19:47:18.430123,11.87808871269226,0.10579455094430683,5.051317720492133,0.13224318868038357,0.4760754792493809,0.2570595998844768
2023-12-01 19:47:24.347735,5.9154675006866455,0.21243241743616234,10.142900792377851,0.26554052179520293,0.9559458784627306,0.5161682878863872
2023-12-01 19:47:29.164273,4.814433813095093,0.2610145055931412,12.462524635150677,0.32626813199142657,1.1745652751691358,0.6342130456902146
2023-12-01 19:47:34.987375,5.82105827331543,0.21587776696834024,10.30740411499549,0.26984720871042533,0.9714499513575312,0.5245397981796732
2023-12-01 19:47:41.899840,6.910118818283081,0.18185462428099708,8.682918713532029,0.22731828035124635,0.8183458092644869,0.4418703660779667
2023-12-01 19:48:14.209564,32.30760741233826,0.03889601125201268,1.8571477371947398,0.048620014065015864,0.1750320506340571,0.09450952814014044
2023-12-01 19:48:31.399974,17.18814468383789,0.07311068672918143,3.4907781557376776,0.0913883584114768,0.3289980902813165,0.17764434661456507
2023-12-01 19:48:56.975013,25.572906017303467,0.04913939231566547,2.3462331562710173,0.06142424039458185,0.22112726542049466,0.11939889544860399
2023-12-01 19:49:39.829090,42.851958990097046,0.029325078504026436,1.4001693601421072,0.03665634813003305,0.131962853268119,0.07125407574908345
2023-12-01 19:50:16.050921,36.21954393386841,0.0346949995762054,1.656564204937291,0.043368749470256755,0.1561274980929243,0.08430190997026389
2023-12-01 19:50:21.563519,5.510432004928589,0.22804692269353247,10.888438501071306,0.28505865336691566,1.0262111521208963,0.5541084127607453
2023-12-01 19:51:11.135479,49.56976532936096,0.02535087775958445,1.2104152521468776,0.03168859719948057,0.11407894991813006,0.06159756278023831
2023-12-01 19:51:22.743726,11.606119632720947,0.10827366089636889,5.169686501493829,0.13534207612046112,0.48723147403366,0.26308334124599714
2023-12-01 19:51:27.085387,4.339540004730225,0.28957840233438253,13.826350243251188,0.3619730029179782,1.3031028105047215,0.7036176019920827
2023-12-01 19:51:31.184875,4.0973005294799805,0.30669877701048365,14.643787920437228,0.3833734712631046,1.3801444965471767,0.7452166883800733
2023-12-01 19:51:35.511266,4.324065923690796,0.29061468618020464,13.875829152203847,0.36326835772525584,1.307766087810921,0.7061355644806613
2023-12-01 19:51:39.593542,4.080186367034912,0.30798521155520664,14.705210645464277,0.3849815144440083,1.3859334519984299,0.7483424670368412
2023-12-01 19:51:43.297790,3.701979637145996,0.33945001988306694,16.207544579109676,0.4243125248538337,1.5275250894738013,0.8247956583118761
2023-12-01 19:51:46.882457,3.582695484161377,0.3507518478730173,16.74716711628216,0.4384398098412717,1.578383315428578,0.8522568399618575
2023-12-01 19:51:50.998774,4.11479640007019,0.30539471197517365,14.58152340149236,0.3817433899689671,1.3742762038882816,0.742048071157277
2023-12-01 19:51:57.568234,6.567363739013672,0.19134573801216725,9.13608601326096,0.23918217251520912,0.8610558210547529,0.4649318742219641
2023-12-01 19:52:11.282923,13.712584018707275,0.09164115674489658,4.375542925982843,0.11455144593112074,0.41238520535203466,0.22266968265874973
2023-12-01 19:53:20.467278,69.18223690986633,0.01816415770240444,0.8672746456315173,0.022705197128005554,0.08173870966082,0.044135270385302315
2023-12-01 19:53:48.572106,28.102699041366577,0.04471588510363983,2.1350262446920585,0.0558948563795498,0.2012214829663793,0.10865065762482408
2023-12-01 19:53:54.958422,6.384136199951172,0.19683744551777083,9.39829573192046,0.24604680689721353,0.8857685048299687,0.47827562511907956
2023-12-01 19:53:59.612783,4.65222954750061,0.27011501659694326,12.897042028425862,0.33764377074617913,1.215517574686245,0.6563254673272528
2023-12-01 19:54:06.434545,6.819529294967651,0.1842703516741588,8.798261200267286,0.23033793959269852,0.8292165825337147,0.4477401004978711
2023-12-01 19:54:13.541428,7.104761123657227,0.17687252809269038,8.445041142933539,0.22109066011586298,0.7959263764171067,0.4297648687596191
2023-12-01 19:54:19.476964,5.933311939239502,0.2117935268370511,10.112396013294804,0.26474190854631396,0.9530708707667302,0.5146159115086669
2023-12-01 19:54:32.139434,12.660194873809814,0.09925890351305149,4.739263541995092,0.12407362939131436,0.4466650658087317,0.2411792837560125
2023-12-01 19:54:43.361788,11.220263719558716,0.1119971056692186,5.347467893772443,0.13999638208652326,0.5039869755114837,0.27213056735506735
2023-12-01 19:54:50.439969,7.07618522644043,0.17758679588268067,8.479144917774024,0.2219834948533509,0.7991405814720632,0.4315003966357376
2023-12-01 19:54:55.742301,5.300701141357422,0.23706997016513806,11.319257283128962,0.29633746270642264,1.0668148657431216,0.5760326135072525
2023-12-01 19:55:00.969069,5.217808246612549,0.2408361906077591,11.499081063194028,0.3010452382596989,1.083762857734916,0.5851837759387332
2023-12-01 19:55:06.076460,5.10075306892395,0.24636304570239,11.762968955612967,0.30795380712798753,1.1086337056607551,0.5986129284476673
2023-12-01 19:55:12.564056,6.48057746887207,0.1939081922053826,9.258434188649991,0.24238524025672828,0.8725868649242218,0.4711581254206387
2023-12-01 19:55:19.037519,6.4713592529296875,0.194184407374234,9.271622491493892,0.24273050921779254,0.8738298331840532,0.4718292730379139
2023-12-01 19:55:24.860424,5.820662975311279,0.21589242784989013,10.308104120526115,0.2698655348123627,0.9715159253245057,0.524575421189663
2023-12-01 19:55:31.829642,6.9670937061309814,0.18036746948445484,8.611912302428275,0.22545933685556863,0.8116536126800471,0.4382568773533285
2023-12-01 19:55:41.860573,10.028748750686646,0.12530347430928293,5.982800196873208,0.15662934288660366,0.5638656343917732,0.30446238187669566
2023-12-01 19:55:50.050216,8.187657117843628,0.1534794439177585,7.328103648751979,0.19184930489719815,0.6906574976299134,0.37292435283136965
2023-12-01 19:55:56.243058,6.191308498382568,0.20296792863159765,9.691004739252541,0.2537099107894971,0.9133556788421896,0.49317147298905606
2023-12-01 19:56:00.864296,4.614665508270264,0.27231379158116886,13.002025800671754,0.34039223947646113,1.2254120621152602,0.6616680507839242
2023-12-01 19:56:09.920361,9.053960800170898,0.13879417960504065,6.626933926957964,0.17349272450630085,0.624573808222683,0.33724209760432783
2023-12-01 19:56:16.578487,6.6559648513793945,0.18879863242899933,9.014470680019516,0.23599829053624918,0.849593845930497,0.45874291707598264
2023-12-01 19:56:22.592297,6.011718511581421,0.20903125437677064,9.98050721842873,0.26128906797096335,0.940640644695468,0.5079041418846774
2023-12-01 19:56:48.622988,26.02874517440796,0.04827881839926231,2.305143778463563,0.0603485229990779,0.21725468279668045,0.11730787294652759
2023-12-01 19:57:12.167286,23.542686223983765,0.053376961723073754,2.5485621916362238,0.0667212021538422,0.2401963277538319,0.12969534159472462
2023-12-01 19:57:20.847989,8.67855429649353,0.14479797193221997,6.913593894808298,0.18099746491527496,0.6515908736949899,0.3518301122009081
2023-12-01 19:57:43.845487,22.995391368865967,0.05464734395159326,2.6092184750217164,0.06830917993949157,0.24591304778216963,0.13278211633358128
2023-12-01 19:58:00.638389,16.79052448272705,0.0748420374079833,3.573444061364725,0.09355254675997914,0.33678916833592487,0.18185118249391785
2023-12-01 19:58:36.626338,35.985695362091064,0.034920460721726526,1.6673291816727454,0.04365057590215816,0.15714207324776938,0.08484973546165112
2023-12-01 19:59:23.903661,47.275187969207764,0.026581323426030912,1.2691647051531645,0.03322665428253865,0.11961595541713912,0.06458729966056992
2023-12-01 19:59:34.356337,10.450514316558838,0.12024643222054401,5.74134422311924,0.15030804027568004,0.5411089449924481,0.2921747810094779
2023-12-01 19:59:43.946423,9.587801218032837,0.13106624061754857,6.257952020026382,0.16383280077193574,0.5897980827789687,0.31846475145251957
2023-12-01 19:59:54.841168,10.89262866973877,0.11536582211115201,5.508312255855036,0.14420727763894003,0.5191461995001841,0.2803158745656772
2023-12-01 20:00:35.495086,40.65159893035889,0.03091236493769135,1.4759567047482502,0.038640456172114195,0.1391056422196111,0.07511086432560246
2023-12-01 20:01:36.822513,61.32523822784424,0.020491352300452233,0.9783900027763361,0.025614190375565293,0.09221108535203505,0.04978988781963884
2023-12-01 20:02:33.276013,56.451356172561646,0.022260529181878354,1.0628619765411975,0.027825661477347947,0.10017238131845262,0.054088633806128036
2023-12-01 20:02:42.453112,9.174929141998291,0.1369642252258553,6.539560041433961,0.17120528153231915,0.6163390135163489,0.3327956744537833
2023-12-01 20:02:52.789809,10.3343026638031,0.1215986315010311,5.805906982979687,0.1519982893762889,0.54719384175464,0.2954603548212054
2023-12-01 20:03:14.988696,22.196643114089966,0.05661383367641886,2.7031114430953416,0.07076729209552358,0.25476225154388493,0.13756029306696257
2023-12-01 20:03:26.509133,11.51815676689148,0.10910053464874471,5.209166814994896,0.1363756683109309,0.49095240591935124,0.26509247908951994
2023-12-01 20:03:33.258734,6.747339248657227,0.1862418673680885,8.892394140688934,0.23280233421011068,0.8380884031563984,0.45253048933098156
2023-12-01 20:03:40.139135,6.878285884857178,0.18269625346664553,8.723103547075937,0.2283703168333069,0.8221331405999049,0.4439153566732553
2023-12-01 20:03:51.823540,11.682249069213867,0.10756807648858663,5.135997327613695,0.1344600956107333,0.4840563441986399,0.26136891225196784
2023-12-01 20:03:58.544973,6.719321250915527,0.18701845238679382,8.929473344026352,0.23377306548349228,0.8415830357405722,0.45441743560943165
2023-12-01 20:04:04.080342,5.5330421924591064,0.22711503323588741,10.843944056991473,0.2838937915448593,1.0220176495614934,0.5518441077565592
2023-12-01 20:04:09.808346,5.725904703140259,0.2194652420161201,10.47869343111739,0.2743315525201502,0.9875935890725407,0.5332566450507688
2023-12-01 20:04:17.868794,8.058324813842773,0.1559427164411687,7.445716248236933,0.1949283955514609,0.7017422239852593,0.37890961240875176
2023-12-01 20:04:26.796768,8.925696849822998,0.14078867819276622,6.722164219725863,0.17598584774095782,0.6335490518674481,0.34208833027278346
2023-12-01 20:04:47.177018,20.378218412399292,0.061665697952835094,2.9443201945216426,0.07708212244104387,0.27749564078775796,0.1498353128857987
2023-12-01 20:04:53.125290,5.946708679199219,0.21131639857043333,10.089614816658477,0.2641454982130417,0.95092379356695,0.5134565852464389
2023-12-01 20:04:59.856917,6.7293736934661865,0.1867390813287774,8.916134358574315,0.23342385166097177,0.8403258659794983,0.45373861981266334
2023-12-01 20:05:21.903329,22.044121503829956,0.05700554051190421,2.7218140668284545,0.07125692563988026,0.25652493230356893,0.13851206233582483
2023-12-01 20:06:38.040110,76.13456463813782,0.01650547379378373,0.7880783227063258,0.020631842242229664,0.0742746320720268,0.04010500022413571
2023-12-01 20:07:16.573673,38.53142237663269,0.03261330581447734,1.5571706492825161,0.04076663226809668,0.14675987616514805,0.07924381046801705
2023-12-01 20:08:39.058314,82.48231530189514,0.015235230204638114,0.7274286588633312,0.019044037755797643,0.06855853592087152,0.03701856235122969
2023-12-01 20:08:55.555719,16.495242595672607,0.07618178721212537,3.6374124025154084,0.09522723401515673,0.34281804245456426,0.18510650656802227
2023-12-01 20:14:49.144587,353.5867443084717,0.003553971074038957,0.16968961921167372,0.004442463842548697,0.01599286983317531,0.00863543891569986
2023-12-01 20:18:54.685345,245.53847217559814,0.005117882547290701,0.2443608916695168,0.006397353184113378,0.02303047146280816,0.01243543101340695
2023-12-01 20:19:40.435304,45.74766302108765,0.027468879904459013,1.3115424053976845,0.03433609988057377,0.12360995957006557,0.06674388439185451
2023-12-01 20:22:03.741874,143.3044068813324,0.00876900500677913,0.41868914784794325,0.010961256258473911,0.03946052253050608,0.02130692836547193
2023-12-01 20:22:35.187993,31.443900108337402,0.03996441462752001,1.908160240723157,0.049955518284400015,0.17983986582384007,0.09710553466194813
2023-12-01 20:23:58.436883,83.24668169021606,0.015095341170621208,0.720749449488889,0.018869176463276512,0.06792903526779545,0.03667865997637541
2023-12-01 20:24:50.885075,52.44587588310242,0.023960645909258126,1.1440365708399096,0.029950807386572662,0.10782290659166159,0.0582195774303154
2023-12-01 20:25:01.598027,10.710585594177246,0.11732664385027476,5.601934597546066,0.14665830481284348,0.5279698973262366,0.28508027922739765
2023-12-01 20:25:08.989639,7.389549255371094,0.170055982849364,8.119575081848057,0.212569978561705,0.765251922822138,0.4132020271273847
2023-12-01 20:25:13.745404,4.753631830215454,0.26435304758950195,12.621928273582887,0.3304413094868775,1.189588714152759,0.642325035032972
2023-12-01 20:25:18.354247,4.6065380573272705,0.2727942428342864,13.024965658226257,0.340992803542858,1.2275740927542889,0.6628354512387491
2023-12-01 20:25:23.351112,4.994796991348267,0.25158921646116955,12.012500228523592,0.3144865205764619,1.132151474075263,0.6113114781573498
2023-12-01 20:25:28.593147,5.239981412887573,0.239817083767751,11.450422295856212,0.2997713547096888,1.0791768769548797,0.5827075501388814
2023-12-01 20:25:33.647068,5.051589250564575,0.24876073629610188,11.877450248611224,0.3109509203701274,1.1194233133324587,0.6044388370522684
2023-12-01 20:25:39.700853,6.04688835144043,0.207815489289888,9.922458711463953,0.25976936161236003,0.9351697018044961,0.5049500758765699
2023-12-01 20:25:49.811817,10.10896611213684,0.124309157583108,5.9353250702823015,0.155386446978885,0.5593912091239861,0.30204639109543585
2023-12-01 20:26:03.128503,13.315145254135132,0.09437651917808842,4.50614686169995,0.11797064897261053,0.4246943363013979,0.22931606629891926
2023-12-01 20:26:16.540243,13.40962266921997,0.09371158998532916,4.474398831349828,0.11713948748166148,0.42170215493398133,0.22770042134635285
2023-12-01 20:26:31.624086,15.081754684448242,0.08332167494619945,3.9783169303151324,0.10415209368274932,0.37494753725789753,0.20245500578427544
2023-12-01 20:26:42.850084,11.223844766616821,0.11196137220050867,5.345761746318741,0.13995171525063585,0.5038261749022891,0.272043742172796
2023-12-01 20:27:28.501303,45.64910626411438,0.027528185418687665,1.3143740351203135,0.034410231773359584,0.12387683438409451,0.0668879849303273
2023-12-01 20:27:43.466047,14.962449312210083,0.08398605303280397,4.010038647284646,0.10498256629100498,0.37793723864761797,0.20406931165910713
2023-12-01 20:28:33.864973,50.39684462547302,0.024934836114734682,1.1905507268539006,0.03116854514341836,0.1122067625163061,0.06058666479158235
2023-12-01 20:30:52.824260,138.95699834823608,0.009043352090023531,0.4317882561743004,0.011304190112529417,0.0406950844051059,0.02197353690833918
2023-12-01 20:34:48.698205,235.87164902687073,0.0053276307967506506,0.25437563288144366,0.006659538495938314,0.02397433858537793,0.012945077309944732
2023-12-01 20:36:03.438269,74.73783206939697,0.0168139351469157,0.8028062674374562,0.021017418933644626,0.07566270816112065,0.04085449961997577
2023-12-01 20:36:10.378579,6.938095808029175,0.1811213186162207,8.647905947128095,0.2264016482702759,0.8150459337729933,0.4400885799736931
2023-12-01 20:36:17.488879,7.1081862449646,0.1767873010257873,8.440971850238684,0.22098412628223413,0.7955428546160429,0.429557784032458
2023-12-01 20:36:22.100644,4.609523057937622,0.2726175887702702,13.016531047974626,0.3407719859628378,1.2267791494662161,0.6624062171940026
2023-12-01 20:36:28.485339,6.3824193477630615,0.19689039421647356,9.400823846059106,0.24611299277059195,0.8860067739741311,0.4784042798671875
2023-12-01 20:36:40.225551,11.737979412078857,0.10705735777171212,5.1116123051176565,0.13382169721464016,0.4817581099727046,0.2601279679137061
2023-12-01 20:36:46.065651,5.837902069091797,0.21525490605419023,10.277664696991776,0.2690686325677378,0.968647077243856,0.5230263707304714
2023-12-01 20:36:53.918745,7.8470988273620605,0.16014033836991418,7.646137931994168,0.2001754229623928,0.720631522664614,0.38910899417121764
2023-12-01 20:36:59.432581,5.511732339859009,0.22799312157238433,10.885869686758921,0.28499140196548045,1.0259690470757297,0.5539776867965795
2023-12-01 20:37:06.320575,6.885792970657349,0.1824970728557866,8.713593373440057,0.22812134106973322,0.8212368278510396,0.44343138762499024
2023-12-01 20:37:22.939452,16.61662530899048,0.07562528720895029,3.610841484614617,0.09453160901118787,0.3403137924402764,0.18375432286030743
2023-12-01 20:37:30.581229,7.639708995819092,0.16448755602126008,7.853702285366578,0.2056094450265751,0.7401940020956704,0.39967186362045776
2023-12-01 20:37:42.986945,12.403431177139282,0.10131366421833504,4.837371138930152,0.12664208027291882,0.4559114889825078,0.2461719413177105
2023-12-01 20:37:50.899284,7.910239219665527,0.1588620807208726,7.585105624977168,0.19857760090109075,0.7148793632439268,0.38600308373557624
2023-12-01 20:38:02.434901,11.533546686172485,0.1089549551086912,5.202215903971128,0.13619369388586403,0.4902972979891105,0.2647387499230979
2023-12-01 20:38:11.060555,8.623569250106812,0.1457212234273358,6.957675906557698,0.18215152928416978,0.6557455054230112,0.3540734286837406
2023-12-01 20:38:35.654674,24.59189748764038,0.05109963808475899,2.4398279974188792,0.06387454760594874,0.22994837138141547,0.12416190061834739
2023-12-01 20:38:54.920842,19.264042377471924,0.06523226209808772,3.1146110885930254,0.08154032762260965,0.29354517944139474,0.15850135044593355
2023-12-01 20:39:29.504741,34.58163571357727,0.03633827710881075,1.7350249275930893,0.04542284638601344,0.16352224698964837,0.08829474571898836
2023-12-01 20:39:51.070874,21.56390070915222,0.058275034669519284,2.782427947951671,0.07284379333689912,0.26223765601283683,0.141596679239998
2023-12-01 20:39:57.036308,5.963271856307983,0.2107294605572341,10.061590590831718,0.26341182569654265,0.9482825725075535,0.5120304432619674
2023-12-01 20:40:03.789130,6.750648260116577,0.1861505759173144,8.888035294993115,0.232688219896643,0.8376775916279149,0.4523086693638906
2023-12-01 20:40:11.259861,7.468501806259155,0.16825825232883557,8.033739772241278,0.2103228154110445,0.7571621354797602,0.40883390150860477
2023-12-01 20:40:19.944276,8.682286262512207,0.14473573243740423,6.910622177831659,0.18091966554675531,0.6513107959683192,0.35167888267640485
2023-12-01 20:40:44.992607,25.04624104499817,0.05017268096950111,2.395569055340631,0.0627158512118764,0.22577706436275502,0.12190958021969381
2023-12-01 20:43:46.631834,181.6369330883026,0.006918400570136275,0.3303292947080925,0.008648000712670344,0.031132802565613238,0.016810329705317123
2023-12-01 20:44:00.207420,13.573462724685669,0.09258043337390298,4.420390081513961,0.11572554171737873,0.4166119501825634,0.22495193701190946
2023-12-01 20:44:11.276766,11.067279815673828,0.11354525071790708,5.421386374909047,0.14193156339738386,0.5109536282305819,0.27589225019437064
2023-12-01 20:44:25.166392,13.887205123901367,0.09048883848292197,4.320523781760347,0.11311104810365248,0.4071997731731489,0.21986977974580385
2023-12-01 20:45:36.203464,71.03478121757507,0.01769044741035968,0.8446566452597886,0.0221130592629496,0.07960701334661856,0.04298424911769195
2023-12-01 20:45:47.639172,11.433578252792358,0.1099075926758988,5.247700997309966,0.13738449084487353,0.49458416704154473,0.26705346868389895
2023-12-01 20:46:01.220794,13.579621076583862,0.09253844819004635,4.41838543664974,0.11567306023755795,0.41642301685520866,0.22484992141217466
2023-12-01 20:47:44.731198,103.50836253166199,0.012140439967365213,0.5796633096349747,0.015175549959206518,0.05463197985314346,0.029498841032703997
2023-12-01 20:48:03.347594,18.61428213119507,0.06750929488330684,3.2233313955980045,0.08438661860413357,0.3037918269748809,0.164034084707459
2023-12-01 20:49:36.573378,93.22366714477539,0.013479807219816538,0.6436133852878864,0.016849759024770677,0.06065913248917444,0.03275323558271023
2023-12-01 20:49:54.013107,17.43738889694214,0.0720656669907892,3.440882138639561,0.09008208373848652,0.32429550145855146,0.17510515765421963
2023-12-01 20:50:27.361047,33.34569549560547,0.037685135750175784,1.7993326907188734,0.04710641968771974,0.16958311087579106,0.09156734284577714
2023-12-01 20:50:32.742773,5.379418134689331,0.233600926712214,11.15362265912893,0.2920011583902675,1.051204170204963,0.5676035317253376
2023-12-01 20:50:41.056063,8.304812669754028,0.15131431754175093,7.2247264792039045,0.18914289692718866,0.6809144289378792,0.3676635287629464
2023-12-01 20:51:40.199619,59.14145588874817,0.02124798996831926,1.0145167902675045,0.02655998746039908,0.0956159548574367,0.051628366025022146
2023-12-01 20:52:01.830842,21.629077434539795,0.05809942958681977,2.7740434228685644,0.07262428698352473,0.261447433140689,0.1411699940100547
2023-12-01 20:52:12.168630,10.335684776306152,0.12158237104102394,5.805130603203561,0.15197796380127995,0.5471206696846078,0.29542084515548
2023-12-01 20:52:20.008838,7.837936639785767,0.1603275350628842,7.655075915699157,0.20040941882860525,0.7214739077829789,0.389563844695796
2023-12-01 20:52:27.669562,7.6584999561309814,0.16408396796162694,7.834432374967534,0.20510495995203368,0.7383778558273213,0.39869122535316115
2023-12-01 20:52:34.446955,6.775217771530151,0.1854755232689903,8.855803905244699,0.23184440408623788,0.8346398547104564,0.45066842643899263
2023-12-01 20:52:40.750118,6.3009889125823975,0.19943489488238078,9.522314803663033,0.249293618602976,0.8974570269707136,0.4845869075852089
2023-12-01 20:52:49.131435,8.379443883895874,0.14996664204064888,7.160379713898634,0.18745830255081114,0.6748498891829201,0.3643889468303687
2023-12-01 20:52:58.462826,9.329825639724731,0.13469030504550708,6.430988350364311,0.16836288130688387,0.606106372704782,0.3272705031995731
2023-12-01 20:53:15.340066,16.87511706352234,0.07446686483451391,3.555530890490677,0.09308358104314239,0.3351008917553126,0.1809395881749019
2023-12-01 20:53:25.107615,9.765442609786987,0.12868203845430495,6.144114752143198,0.1608525480678812,0.5790691730443723,0.3126716170362702
2023-12-01 20:53:31.380024,6.2702248096466064,0.2004133981771448,9.569034894521053,0.25051674772143107,0.9018602917971519,0.48696447489082656
2023-12-01 20:53:39.667310,8.285162687301636,0.15167319084294129,7.24186141715235,0.1895914885536766,0.6825293587932358,0.36853551911017873
2023-12-01 20:53:46.901535,7.232285499572754,0.17375379629442908,8.29613266837219,0.21719224536803636,0.7818920833249309,0.42218697423620377
2023-12-01 20:53:55.126976,8.223742723464966,0.15280597942957652,7.295948088064675,0.19100747428697068,0.6876269074330945,0.3712879688179851
2023-12-01 20:54:01.874533,6.745429992675781,0.1862945820800719,8.894911082784681,0.2328682276000899,0.8383256193603237,0.45265857553815875
2023-12-01 20:54:08.097826,6.221118927001953,0.20199534459655616,9.644567272227805,0.25249418074569524,0.9089790506845029,0.4908082883007122
2023-12-01 20:54:18.562941,10.462954998016357,0.12010345659272735,5.734517639746633,0.15012932074090918,0.5404655546672731,0.2918273788290089
2023-12-01 20:54:46.143932,27.579015970230103,0.04556497094720065,2.175567107425675,0.05695621368400082,0.20504236926240296,0.11071376640750816
2023-12-01 20:54:53.443049,7.297546625137329,0.17219993594933275,8.221941301933223,0.21524991993666598,0.7748997117719976,0.4184114043696888
2023-12-01 20:55:02.702049,9.25682806968689,0.13575244694789093,6.481701890573137,0.1696905586848637,0.6108860112655093,0.32985129559398546
2023-12-01 21:01:50.180701,407.4765672683716,0.003083949268199938,0.147247731083596,0.003854936585249923,0.013877771706899723,0.00749337993187221
2023-12-01 21:02:21.601460,31.41850519180298,0.039996717022800034,1.9097025664879141,0.04999589627850004,0.17998522660260016,0.09718402302199952
2023-12-01 21:03:07.354788,45.751060962677,0.027466839784569413,1.3114449968482056,0.034333549730711774,0.1236007790305624,0.06673892730854677
2023-12-01 21:03:41.138054,33.78102946281433,0.03719948981481471,1.7761448053573126,0.04649936226851839,0.16739770416666622,0.09038732035203678
2023-12-01 21:04:00.313327,19.173128366470337,0.06554157659704112,3.129379768036553,0.0819269707463014,0.29493709468668505,0.1592529228154905
2023-12-01 21:04:10.350155,10.034441947937012,0.1252323814274764,5.979405761805761,0.15654047678434552,0.5635457164236439,0.3042896403924822
2023-12-01 21:04:20.270956,9.918717622756958,0.12669350103815422,6.049169084352125,0.15836687629769278,0.570120754671694,0.30783986882250713
2023-12-01 21:04:28.465398,8.19231104850769,0.15339225451709698,7.323940661521829,0.19174031814637127,0.6902651453269366,0.3727125000256423
2023-12-01 21:04:35.885809,7.418161392211914,0.16940007031327461,8.088257565141687,0.21175008789159327,0.7623003164097358,0.4116082908471947
2023-12-01 21:04:46.765849,10.877858877182007,0.11552246408269812,5.515791359075203,0.14440308010337266,0.5198510883721416,0.2806964832281399
2023-12-01 21:04:54.324126,7.556089878082275,0.16630784992129422,7.940614916987715,0.20788481240161777,0.748385324645824,0.40409481373876066
2023-12-01 21:05:02.593642,8.267367839813232,0.15199965524508532,7.25744894415578,0.1899995690563567,0.6839984486028842,0.3693287623145084
2023-12-01 21:05:10.728480,8.132437944412231,0.15452156782817483,7.377861400249083,0.19315195978521854,0.6953470552267867,0.3754565055088992
2023-12-01 21:05:20.610275,9.879635334014893,0.12719468066897205,6.073098649038614,0.15899335083621507,0.5723760630103742,0.3090576350894683
2023-12-01 21:05:30.816450,10.204063177108765,0.12315065475633155,5.88001063484208,0.15393831844541445,0.554177946403492,0.2992314609269344
2023-12-01 21:05:52.929842,22.111225366592407,0.05683253825156862,2.7135538173589104,0.07104067281446079,0.25574642213205884,0.13809170144366145
2023-12-01 21:06:02.577007,9.644963502883911,0.13028945740024564,6.220863353403005,0.16286182175030706,0.5863025583011054,0.31657732359111684
2023-12-01 21:09:21.628446,199.04902148246765,0.006313203913673107,0.3014332828824523,0.007891504892091386,0.02840941761152899,0.01533982286944292
2023-12-01 21:09:30.643953,9.013364553451538,0.1394193094025811,6.656781676163743,0.1742741367532264,0.627386892311615,0.3387610379863916
2023-12-01 21:09:41.201541,10.555468559265137,0.11905080806032955,5.684257374565772,0.14881351007541196,0.535728636271483,0.2892696534249888
2023-12-01 21:09:47.165610,5.9620537757873535,0.2107725137500902,10.0636462293694,0.26346564218761276,0.9484763118754059,0.5121350539099692
2023-12-01 21:09:53.202979,6.035736083984375,0.20819947127416025,9.940792500720502,0.26024933909270037,0.9368976207337214,0.5058830753019546
2023-12-01 21:10:00.304410,7.099357604980469,0.17700715069689388,8.451468898806805,0.22125893837111735,0.7965321781360225,0.43009197476331273
2023-12-01 21:10:10.547088,10.240556955337524,0.12271178871584129,5.859056324932322,0.15338973589480162,0.5522030492212858,0.2981651042217512
2023-12-01 21:10:17.444667,6.8954668045043945,0.18224104285659556,8.701368841454737,0.22780130357074446,0.8200846928546801,0.44280928593295593
2023-12-01 21:10:24.309156,6.862247705459595,0.18312324407003533,8.74349084663092,0.22890405508754416,0.824054598315159,0.44495285844137183
2023-12-01 21:10:33.258988,8.947418212890625,0.1404468899895021,6.705845035113868,0.17555861248687768,0.6320110049527596,0.34125785329649233
2023-12-01 21:10:42.005893,8.744784832000732,0.14370131290564978,6.861232283318801,0.17962664113206223,0.6466559080754241,0.3491654500981478
2023-12-01 21:10:49.829279,7.821444749832153,0.16066559333080813,7.671217009017111,0.2008319916635102,0.7229951699886368,0.3903852586751977
2023-12-01 21:10:56.373630,6.542701721191406,0.19206699540737848,9.170523517167794,0.24008374425922316,0.8643014793332033,0.46668438544084834
2023-12-01 21:11:02.960547,6.584779977798462,0.1908396431882084,9.111921765389075,0.23854955398526054,0.8587783943469379,0.46370216501870887
2023-12-01 21:11:09.612021,6.649222135543823,0.18899008573025214,9.02361190179921,0.2362376071628152,0.8504553857861347,0.4592081103073667
2023-12-01 21:11:16.106840,6.4927287101745605,0.19354529005141996,9.241106887151437,0.241931612564275,0.87095380523139,0.47027634576694033
2023-12-01 21:11:23.911287,7.802378416061401,0.1610582048736699,7.689962829345526,0.2013227560920874,0.7247619219315147,0.3913392262020432
2023-12-01 21:11:33.085750,9.172362089157104,0.13700255716261153,6.541390256597873,0.17125319645326445,0.6165115072317521,0.33288881339371357
2023-12-01 21:11:39.867626,6.779646158218384,0.18535437279607933,8.850019396258187,0.23169296599509917,0.834094677582357,0.45037405501991357
2023-12-01 21:11:52.006814,12.13709568977356,0.10353688341558773,4.94352203637602,0.12942110426948467,0.4659159753701448,0.25157391932319506
2023-12-01 21:12:08.926681,16.917782306671143,0.07427906558062229,3.5465641366209306,0.09284883197577787,0.33425579511280035,0.18048327354779606
2023-12-01 21:12:35.086835,26.158023595809937,0.048040214385203346,2.2937512759798473,0.0600502679815042,0.21618096473341514,0.11672811291316713
2023-12-01 21:12:53.772830,18.683913469314575,0.06725770077557619,3.211318661828566,0.08407212596947025,0.30265965349009294,0.16342276134449504
2023-12-01 21:13:39.117886,45.342793464660645,0.027714151807063176,1.3232532761079865,0.034642689758828976,0.12471368313178431,0.06733984606080212
2023-12-01 21:16:17.789778,158.66968894004822,0.00791983062316789,0.37814405763832065,0.009899788278959864,0.03563923780425551,0.01924360444817334
2023-12-01 21:16:30.461932,12.669830560684204,0.0991834149175911,4.735659227060716,0.12397926864698888,0.44632536712916,0.24099586156676286
2023-12-01 21:16:44.499694,14.035565376281738,0.08953234356768192,4.274854513619531,0.11191542945960242,0.40289554605456873,0.21754568840075358
2023-12-01 21:17:19.257607,34.75586199760437,0.03615611839874764,1.7263274898529533,0.045195147998434555,0.1627025327943644,0.08785213648527702
2023-12-01 21:17:30.948275,11.688441753387451,0.10751108556208776,5.13327621131459,0.13438885695260971,0.48379988502939497,0.26123043569876087
2023-12-01 21:17:39.394871,8.444533824920654,0.1488107084996755,7.105187952819144,0.1860133856245944,0.6696481882485399,0.3615802595125116
2023-12-01 21:17:52.454053,13.057017087936401,0.09624227746450187,4.595230257869159,0.12030284683062734,0.4330902485902584,0.23384948578324663
2023-12-01 21:19:36.970570,104.51430249214172,0.01202358941763403,0.5740841068571577,0.01502948677204254,0.054106152379353144,0.02921491756696717
2023-12-01 21:19:44.580330,7.607614040374756,0.1651814951135474,7.886835436389247,0.20647686889193426,0.7433167280109634,0.4013579968268975
2023-12-01 21:19:51.058005,6.475445032119751,0.19406188380917416,9.265772422186537,0.24257735476146775,0.8732784771412839,0.47153156527953144
2023-12-01 21:20:01.811570,10.751416683197021,0.11688106772011425,5.580659904454425,0.14610133465014286,0.5259648047405143,0.2839976183463337
2023-12-01 21:20:28.827613,27.01395010948181,0.046518078857147274,2.2210746579760725,0.0581475985714341,0.20933135485716278,0.11302962800709647
2023-12-01 21:23:14.074764,165.24501967430115,0.007604689472110905,0.363097176049604,0.009505861840138633,0.03422110262449908,0.01847787447933508
2023-12-01 21:24:13.378086,59.30109095573425,0.02119079162260174,1.0117857704302178,0.026488489528252182,0.09535856230170786,0.05148938548459772
2023-12-01 21:24:22.652676,9.272348880767822,0.13552521347016636,6.470852291208389,0.169406516837708,0.6098634606157488,0.3292991636898103
2023-12-01 21:24:28.440324,5.785340070724487,0.21721057812916966,10.371041160331705,0.2715132226614621,0.9774476015812636,0.5277782627382565
2023-12-01 21:24:37.640942,9.198508739471436,0.13661312904379824,6.52279643357144,0.17076641130474784,0.6147590806970923,0.33194258095062107
2023-12-01 21:24:48.429927,10.786623001098633,0.11649958113006517,5.56244526149555,0.14562447641258147,0.5242481150852933,0.2830706822298324
2023-12-01 21:24:54.011979,5.579853057861328,0.2252097050594316,10.752971337742911,0.28151213132428954,1.0134436727674423,0.547214541353407
2023-12-01 21:24:59.398148,5.383973836898804,0.23340326299946257,11.144184912042645,0.2917540787493283,1.0503146834975818,0.5671232484360943
2023-12-01 21:25:06.097349,6.697091817855835,0.18763921648579798,8.959112646481502,0.2345490206072475,0.844376474186091,0.455925768217192
2023-12-01 21:25:13.618376,7.518735647201538,0.16713409280503638,7.9800651087303365,0.20891761600629552,0.7521034176226639,0.4061024186976775
2023-12-01 21:25:22.085501,8.465019464492798,0.14845058144366732,7.0879931524876945,0.18556322680458417,0.668027616496503,0.3607052227918229
2023-12-01 21:25:30.611954,8.524150371551514,0.1474207993361797,7.0388246786734205,0.18427599917022464,0.6633935970128088,0.35820305822704945
2023-12-01 21:25:50.209415,19.595352172851562,0.06412934303762749,3.0619505825022717,0.08016167879703438,0.2885820436693238,0.1558214777128273
2023-12-01 21:26:04.510135,14.29829740524292,0.08788718165668676,4.1963038185231145,0.10985897707085845,0.39549231745509045,0.2135482739894175
2023-12-01 21:26:20.453037,15.940762281417847,0.0788316793921944,3.763935434250972,0.09853959924024303,0.3547425572648749,0.191545214587154
2023-12-01 21:26:25.432342,4.976969242095947,0.2524904214410436,12.055529596709391,0.3156130268013046,1.1362068964846965,0.6135012260174479
2023-12-01 21:26:30.683669,5.249266147613525,0.2393929029502957,11.430169153697381,0.2992411286878697,1.077268063276331,0.5816768755886286
2023-12-01 21:26:40.615890,9.930092573165894,0.1265483732580429,6.042239743276725,0.15818546657255367,0.5694676796611933,0.30748723734239275
2023-12-01 21:26:47.137938,6.51988959312439,0.19273900937848942,9.20260982076653,0.24092376172311178,0.8673255422032025,0.4683172449878536
2023-12-01 21:26:52.186418,5.046212434768677,0.24902579462917968,11.890105851786332,0.31128224328647464,1.1206160758313086,0.6050828757899809
2023-12-01 21:26:57.465587,5.27135705947876,0.23838966840166495,11.382268232448837,0.29798708550208125,1.0727535078074926,0.5792392162823656
2023-12-01 21:27:02.951600,5.47872257232666,0.22936679944030433,10.951457973627543,0.28670849930038045,1.0321505974813696,0.5573154492800515
2023-12-01 21:27:09.718269,6.759302377700806,0.1859122423020474,8.876655703100703,0.23239030287755924,0.8366050903592133,0.45172956634551475
2023-12-01 21:27:16.837549,7.117137908935547,0.17656494471720335,8.430355118547045,0.22070618089650423,0.7945422512274153,0.4290175026738608
2023-12-01 21:27:27.660051,10.820293188095093,0.11613706205470646,5.545136250653017,0.14517132756838308,0.5226167792461791,0.2821898333805258
2023-12-01 21:29:36.571782,128.90953540802002,0.009748208753203966,0.46544268280922796,0.012185260941504959,0.04386693938941785,0.023686197628535
2023-12-01 21:29:45.030909,8.456965923309326,0.14859195045026008,7.094743025347462,0.1857399380628251,0.6686637770261704,0.36104872120404197
2023-12-01 21:30:02.259967,17.226937770843506,0.0729460498523869,3.4829173239105593,0.09118256231548363,0.3282572243357411,0.1772443119313297
2023-12-01 21:30:23.704896,21.442769050598145,0.058604234297848924,2.798146072385474,0.07325529287231117,0.2637190543403202,0.14239656849691334
2023-12-01 21:30:51.489540,27.782339572906494,0.04523150608458466,2.159645333055837,0.05653938260573084,0.20354177738063103,0.10990351348432384
2023-12-01 21:31:03.030054,11.538182258605957,0.10891118143836151,5.200125865168054,0.1361389767979519,0.4901003164726268,0.2646323886589308
2023-12-01 21:31:21.845643,18.813358068466187,0.06679493670735032,3.189223305145527,0.08349367088418791,0.3005772151830765,0.16229833721151982
2023-12-01 21:31:44.756555,22.908621072769165,0.054854330055231756,2.6191013334853364,0.0685679125690397,0.2468444852485429,0.13328505116820213
2023-12-01 21:31:57.008170,12.249357223510742,0.1025880002114721,4.898216200670457,0.12823500026434015,0.46164600095162456,0.24926832291383497
2023-12-01 21:32:55.919970,58.90966987609863,0.021331592318866,1.018508508470589,0.0266644903985825,0.095992165434897,0.051831503016380606
2023-12-01 21:34:11.875578,75.9534502029419,0.01654483184211221,0.7899575310889041,0.02068103980264027,0.07445174328950496,0.04020063240996426
2023-12-01 21:34:20.721649,8.843928813934326,0.14209036366914032,6.7843151231006225,0.17761295458642543,0.6394066365111315,0.3452511656432772
2023-12-01 21:34:29.614997,8.891057968139648,0.14133718011275706,6.748353257284443,0.17667147514094633,0.6360173105074068,0.3434210802379771
2023-12-01 21:34:38.456905,8.839679956436157,0.1421586604525158,6.787576054302067,0.17769832556564477,0.6397139720363212,0.34541711316752294
2023-12-01 21:35:00.463162,22.00402045249939,0.0571094298039147,2.726774415135791,0.07138678725489339,0.25699243411761624,0.13876449253755196
2023-12-01 21:39:29.101850,268.63658022880554,0.00467783300533979,0.22335007372747326,0.00584729125667474,0.021050248524029064,0.011366198636374626
2023-12-01 21:39:37.980070,8.875982761383057,0.1415772309634486,6.759814841128735,0.17697153870431076,0.6370975393355187,0.34400435579498745
2023-12-01 21:39:51.170164,13.187944412231445,0.09528680301915905,4.549609713576871,0.11910850377394885,0.4287906135862159,0.23152787397595273
2023-12-01 21:40:03.423892,12.251647472381592,0.1025688230312458,4.897300557762183,0.12821102878905724,0.46155970364060606,0.24922172620132102
2023-12-01 21:40:10.606540,7.180400848388672,0.1750093188346044,8.35607945390185,0.21876164854325555,0.78754193475572,0.42523764290432187
2023-12-01 21:40:16.765550,6.156915664672852,0.20410171746321765,9.745139168344952,0.2551271468290221,0.9184577285844796,0.49592635309212635
2023-12-01 21:40:23.110512,6.342690467834473,0.19812366184486996,9.459708037823459,0.2476545773060875,0.891556478301915,0.48140087355066513
2023-12-01 21:40:30.033442,6.920813322067261,0.1815736103485244,8.669501286602813,0.22696701293565552,0.8170812465683599,0.44118755842484464
2023-12-01 21:40:36.923839,6.888095855712891,0.18243605892819856,8.710680172988132,0.22804507366024823,0.8209622651768936,0.4432831359837369
2023-12-01 21:40:43.593769,6.66780686378479,0.1884633264141402,8.998460997105534,0.23557915801767526,0.8480849688636309,0.45792819052107786
2023-12-01 21:40:51.017077,7.4211037158966064,0.1693329064710548,8.085050727895789,0.21166613308881851,0.7619980791197467,0.411445096143369
2023-12-01 21:40:59.402908,8.383567333221436,0.14989288109564775,7.156857888197416,0.18736610136955972,0.674517964930415,0.364209722486205
2023-12-01 21:41:08.098512,8.693466901779175,0.14454958828666367,6.901734449316257,0.1806869853583296,0.6504731472899866,0.35122658961893544
2023-12-01 21:41:53.372230,45.271629095077515,0.02775771684285499,1.3253333533456593,0.03469714605356874,0.12490972579284745,0.06744570038476906
2023-12-01 21:42:56.627947,63.25357508659363,0.019866656702258984,0.948562985062275,0.024833320877823733,0.08939995516016544,0.048272002455148885
2023-12-01 21:44:45.731774,109.10168957710266,0.01151803483802005,0.5499456537526647,0.014397543547525064,0.05183115677109023,0.02798652104942112
2023-12-01 21:44:54.347944,8.614038228988647,0.14588245698828942,6.965374242023122,0.18235307123536182,0.6564710564473025,0.3544651939901457
2023-12-01 21:45:12.008692,17.658669471740723,0.07116261298434298,3.3977644859381035,0.08895326623042873,0.32023175842954343,0.1729109170293566
2023-12-01 21:45:22.663520,10.652566194534302,0.11796566559527055,5.632445638383852,0.1474570819940882,0.5308454951787175,0.2866329742633884
2023-12-01 21:45:29.610808,6.945167064666748,0.18093690903837384,8.63910103836775,0.22617113629796734,0.8142160906726824,0.43964050158144086
2023-12-01 21:45:35.964792,6.351761341094971,0.1978407238486211,9.446198743616002,0.24730090481077638,0.890283257318795,0.48071339080737957
2023-12-01 21:45:42.876486,6.909429311752319,0.1818727719376896,8.683785200312474,0.22734096492211203,0.8184274737196033,0.44191446125419825
2023-12-01 21:45:50.766461,7.887899875640869,0.1593119944786088,7.606587424529799,0.19913999309826105,0.7169039751537398,0.3870962841841238
2023-12-01 21:46:00.958440,10.190369844436646,0.12331613872895582,5.88791191251577,0.1541451734111948,0.5549226242803013,0.2996335538836169
2023-12-01 21:46:31.857729,30.8971266746521,0.04067164803602459,1.9419281485881275,0.05083956004503075,0.1830224161621107,0.09882397039793257
2023-12-01 21:51:08.805582,276.94562888145447,0.004537486533047308,0.21664902328421573,0.005671858166309135,0.020418689398712886,0.011025184777998348
2023-12-01 21:51:29.873729,21.0659019947052,0.05965265867807446,2.8482046491567594,0.07456582334759308,0.2684369640513351,0.14494403005598533
2023-12-01 21:51:41.396143,11.52018141746521,0.10908136043159775,5.208251313563239,0.1363517005394972,0.49086612194218987,0.2650458895766962
2023-12-01 21:51:51.121633,9.72332501411438,0.12923943811523145,6.170728625537457,0.16154929764403933,0.5815774715185416,0.3140259867323894
2023-12-01 21:51:58.102703,6.978822469711304,0.18006433992121612,8.597438931912256,0.22508042490152022,0.8102895296454729,0.4375203331405711
2023-12-01 21:52:04.645852,6.540999412536621,0.19211698124103474,9.172910164921083,0.24014622655129345,0.8645264155846564,0.46680584101946626
2023-12-01 21:52:10.749567,6.101489543914795,0.20595578381170881,9.833664315599764,0.257444729764636,0.9268010271526896,0.5004313635056901
2023-12-01 21:52:17.546626,6.794792890548706,0.18494118682908656,8.830291219539257,0.23117648353635825,0.8322353407308897,0.4493700957573146
2023-12-01 21:52:24.241607,6.692864656448364,0.1877577279596095,8.964771152542564,0.2346971599495119,0.8449097758182429,0.4562137273962592
2023-12-01 21:52:34.542909,10.299062490463257,0.12201470401791815,5.8257729823038655,0.15251838002239773,0.5490661680806318,0.2964713278227376
2023-12-01 21:56:44.393486,249.8484709262848,0.005029596766300303,0.24014555613471167,0.00628699595787538,0.022633185448351367,0.012220914222756478
2023-12-01 21:57:24.254041,39.85823059082031,0.03152766800755404,1.5053352622687297,0.039409585009442555,0.1418745060339932,0.07660592772475482
2023-12-01 21:58:42.147188,77.89099860191345,0.016133277066562694,0.7703072380243697,0.02016659633320337,0.07259974679953213,0.039200636616334036
2023-12-01 22:00:43.544323,121.39498662948608,0.010351638863566447,0.49425434827163095,0.012939548579458058,0.04658237488604901,0.025152412110693752
2023-12-01 22:01:41.027305,57.4808030128479,0.021861856403694258,1.0438267535439443,0.02732732050461783,0.09837835381662419,0.05311993868969632
2023-12-01 22:02:19.768618,38.7391893863678,0.03243839329994148,1.5488191918934116,0.04054799162492685,0.14597276984973667,0.07881880804019781
2023-12-01 22:02:43.013836,23.24294924736023,0.05406530161307465,2.581428000442516,0.06758162701634332,0.24329385725883595,0.1313678698594488
2023-12-01 22:02:55.920181,12.904105186462402,0.09738273543788574,4.649683115024941,0.12172841929735718,0.43822230947048585,0.2366205705669748
2023-12-01 22:03:10.176869,14.254351377487183,0.08815813698970584,4.209240982705245,0.11019767123713232,0.39671161645367636,0.2142066412575873
2023-12-01 22:04:58.489073,108.30987906455994,0.011602238616542795,0.5539660880263377,0.014502798270678496,0.05221007377444259,0.028191119390475687
2023-12-01 22:05:15.668832,17.177446842193604,0.07315621890612944,3.492952157046981,0.09144527363266182,0.32920298507758256,0.17775498069811335
2023-12-01 22:05:24.102874,8.431687355041504,0.1490374356307868,7.116013375913967,0.18629679453848355,0.6706684603385408,0.3621311610956859
2023-12-01 22:05:40.691881,16.586710691452026,0.0757616796248533,3.61735374277198,0.09470209953106663,0.3409275583118399,0.18408572915246857
2023-12-01 22:05:47.695596,7.001715183258057,0.17947560398353357,8.56932886151485,0.22434450497941702,0.8076402179259012,0.43608982255919
2023-12-01 22:05:52.499038,4.8018958568573,0.2616960256731493,12.495064822015578,0.3271200320914367,1.1776321155291722,0.6358690031806183
2023-12-01 22:05:59.247306,6.746194839477539,0.18627346101572684,8.893902626246518,0.2328418262696586,0.838230574570771,0.45260725557601317
2023-12-01 22:06:05.076711,5.827258825302124,0.21564806011010929,10.29643642041062,0.26956007513763663,0.970416270495492,0.5239816564555436
2023-12-01 22:06:10.714262,5.635249376296997,0.22299582104060697,10.647266162234484,0.2787447763007588,1.0034811946827316,0.541835245964467
2023-12-01 22:06:15.488183,4.771797180175781,0.26334670439400903,12.573878925380008,0.32918338049251133,1.1850601697730407,0.6398798223365633
2023-12-01 22:06:20.710126,5.2146689891815186,0.24098117522760654,11.506003568870332,0.30122646903450817,1.0844152885242295,0.5855360595680383
2023-12-01 22:06:26.000700,5.286099433898926,0.23772482473131346,11.350524285492895,0.29715603091414183,1.0697617112909106,0.5776237791321455
2023-12-01 22:06:31.451890,5.440492391586304,0.2309785532242083,11.028413548154157,0.2887231915302604,1.0394034895089375,0.5612316886241814
2023-12-01 22:06:37.067604,5.613620758056641,0.22385499762027883,10.688288822127554,0.2798187470253486,1.007347489291255,0.5439228732177536
2023-12-01 22:06:43.256929,6.181585073471069,0.20328719034037224,9.706248362979972,0.2541089879254653,0.9147923565316752,0.4939472150890365
2023-12-01 22:06:49.308663,6.0496509075164795,0.20772059093105516,9.917927648594087,0.259650738663819,0.9347426591897484,0.5047194918442779
2023-12-01 22:06:55.671346,6.3611204624176025,0.19754964064276195,9.432300544296947,0.24693705080345252,0.8889733828924291,0.48000611683378314
2023-12-01 22:07:04.003994,8.330532312393188,0.15084715049558597,7.202420895809868,0.18855893811948252,0.6788121772301371,0.3665284062741749
2023-12-01 22:07:23.854877,19.848774671554565,0.0633105610915526,3.022856624292605,0.07913820136444076,0.2848975249119867,0.15383200134025454
2023-12-01 22:07:35.510404,11.653346538543701,0.10783486591423008,5.148735584370436,0.1347935823927876,0.48525689661403537,0.26201715719839624
2023-12-01 22:07:46.122254,10.609899759292603,0.11844005032519754,5.655095840792411,0.14805006290649694,0.532980226463389,0.287785634280165
2023-12-01 22:08:04.632026,18.508217573165894,0.06789616863256731,3.241803256462194,0.08487021079070915,0.30553275884655295,0.16497411054341207
2023-12-01 22:08:26.155892,21.521778345108032,0.058389090403468215,2.7878737081054545,0.07298636300433528,0.26275090681560703,0.1418738118623471
2023-12-01 22:09:41.284113,75.12606954574585,0.016727043874839274,0.7986575147987043,0.020908804843549095,0.07527169743677674,0.04064337120708447
2023-12-01 22:10:11.497394,30.211131811141968,0.041595166619095854,1.9860229128480316,0.05199395827386982,0.18717824978593137,0.10106793585107912
2023-12-01 22:10:51.498186,39.998430252075195,0.031417159461419625,1.5000588678573725,0.03927144932677454,0.14137721757638835,0.07633741405935741
2023-12-01 22:11:01.663110,10.162796258926392,0.12365071870177094,5.903886929475694,0.1545633983772137,0.5564282341579693,0.30044651630156305
2023-12-01 22:11:13.972514,12.307199954986572,0.10210584584893811,4.8751950256312755,0.12763230731117267,0.45947630632022163,0.2480967842437499
2023-12-01 22:11:22.366434,8.3916015625,0.14974937168746413,7.150005818689631,0.18718671460933017,0.6738721725935887,0.36386102332620035
2023-12-01 22:11:29.515000,7.146457672119141,0.17584055193365278,8.395767910874394,0.21980068991706603,0.7912824837014377,0.4272573730883896
2023-12-01 22:11:34.272645,4.7554895877838135,0.264249776650556,12.616997449459587,0.330312220813195,1.189123994927502,0.642074107305521
2023-12-01 22:11:39.479466,5.204571008682251,0.24144873022956145,11.528327675788873,0.3018109127869519,1.0865192860330268,0.5866721247117885
2023-12-01 22:11:44.829894,5.3483195304870605,0.23495923425530224,11.218477067045379,0.2936990428191278,1.05731655414886,0.5709039473935333
2023-12-01 22:11:49.231143,4.392873525619507,0.28606265445775597,13.658485647282202,0.357578318072195,1.287281945059902,0.6950750378014555
2023-12-01 22:11:54.071352,4.838690996170044,0.259705995367462,12.400047873999732,0.3246324942093275,1.168676979153579,0.6310336275438592
2023-12-01 22:11:59.217115,5.143646478652954,0.2443085983166192,11.664876318582673,0.305385747895774,1.0993886924247864,0.5936210321897213
2023-12-01 22:12:04.692224,5.4728429317474365,0.2296132151255952,10.963223455938367,0.28701651890699403,1.0332594680651785,0.5579141901121712
2023-12-01 22:12:10.168113,5.468972682952881,0.22977570638685596,10.970981842170035,0.28721963298357,1.0339906787408522,0.5583090113787827
2023-12-01 22:12:17.037251,6.866945266723633,0.1829979725519912,8.737509572233316,0.22874746568998905,0.8234908764839606,0.4446484737068283
2023-12-01 22:12:23.220491,6.180898666381836,0.20330976598448677,9.707326270586265,0.2541372074806085,0.9148939469301905,0.49400206938910596
2023-12-01 22:12:32.171231,8.945277214050293,0.1404805051163898,6.707450039195919,0.17560063139548726,0.6321622730237542,0.34133953133180395
2023-12-01 22:12:51.468271,19.294952154159546,0.06512776250471372,3.1096216005420563,0.08140970313089217,0.2930749312712118,0.15824743733395344
2023-12-01 22:13:15.272464,23.80207586288452,0.0527952716676884,2.520788537337631,0.06599408958461052,0.23757872250459788,0.1282819510981493
2023-12-01 22:13:24.805429,9.53064489364624,0.1318522592604069,6.295481645738367,0.16481532407550864,0.5933351666718312,0.3203746195509367
2023-12-01 22:13:40.090824,15.283132314682007,0.08222378996409702,3.925896783760745,0.10277973745512128,0.37000705483843666,0.19978736485476295
2023-12-01 22:13:58.417823,18.324862957000732,0.06857552301398458,3.2742400388363024,0.08571940376748073,0.3085898535629306,0.16662480581937975
2023-12-01 22:14:52.682963,54.26294016838074,0.023158292888968174,1.1057270360547524,0.028947866111210224,0.10421231800035681,0.056270020061614884
2023-12-01 22:15:24.517112,31.832010507583618,0.03947715024586768,1.884895080243382,0.04934643780733461,0.1776471761064046,0.0959215796674093
2023-12-01 22:15:36.481936,11.962579488754272,0.10504733219263045,5.015640653122057,0.1313091652407881,0.47271299486683716,0.2552440077616535
2023-12-01 22:15:45.279376,8.795254468917847,0.1428767144687892,6.821860608131137,0.1785958930859865,0.6429452151095514,0.347161840816264
2023-12-01 22:15:51.582752,6.301254749298096,0.1994264811426479,9.52191307718252,0.2492831014283099,0.8974191651419157,0.4845664638804059
2023-12-01 22:15:56.884028,5.299091577529907,0.23714197859205138,11.322695432255221,0.2964274732400643,1.0671389036642316,0.5762075795829666
2023-12-01 22:16:02.264892,5.373795509338379,0.23384534436641305,11.165292742482341,0.29230668045801633,1.052304049648859,0.5681974177415104
2023-12-01 22:16:07.801422,5.534265756607056,0.2270648206468378,10.841546582465668,0.2838310258085473,1.0217916929107702,0.5517221012076866
2023-12-01 22:16:17.843176,10.034758567810059,0.12522843005580753,5.979217097705833,0.15653553756975944,0.563527935251134,0.3042800393496012
2023-12-01 22:16:25.236891,7.391652822494507,0.17000758715448325,8.117264357628667,0.2125094839431041,0.7650341421951747,0.41308443526796346
2023-12-01 22:16:31.495016,6.255900144577026,0.20087230173027015,9.590945925185753,0.2510903771628378,0.903925357786216,0.48807951874421057
2023-12-01 22:16:38.939778,7.442668199539185,0.16884227910545876,8.06162499676056,0.2110528488818235,0.7597902559745646,0.4102529697704438
2023-12-01 22:17:29.916879,50.97498178482056,0.024652035516962587,1.177047992940469,0.030815044396203233,0.11093415982633165,0.05989951589911569
2023-12-01 22:17:43.748812,13.82966947555542,0.09086529968464405,4.338498480101261,0.11358162460580508,0.4088938485808983,0.22078450517374815
2023-12-01 22:18:13.385446,29.63442039489746,0.04240464448740454,2.024672634067477,0.053005805609255684,0.19082090019332046,0.10303480517549557
2023-12-01 22:19:33.088762,79.70104265213013,0.015766883589224057,0.752813238113848,0.019708604486530074,0.07095097615150826,0.03831037374509662
2023-12-01 22:19:42.995226,9.9040687084198,0.12688089091785132,6.0581162920438825,0.1586011136473142,0.5709640091303311,0.3082951887521952
2023-12-01 22:19:50.506748,7.509436845779419,0.16734105196479465,7.989946680718437,0.20917631495599331,0.7530347338415759,0.40660528806405805
2023-12-01 22:19:59.190171,8.681323528289795,0.14475178322071733,6.911388546283091,0.18093972902589667,0.651383024493228,0.35171788286969896
2023-12-01 22:20:10.267688,11.075441837310791,0.11346157380399725,5.41739109656762,0.14182696725499658,0.5105770821179877,0.27568893202895256
2023-12-01 22:20:23.026417,12.756551504135132,0.09850915124111473,4.703465507943157,0.1231364390513934,0.44329118058501626,0.23935753568566057
2023-12-01 22:20:33.330614,10.302050113677979,0.12197931941405397,5.824083491919565,0.1524741492675675,0.548906937363243,0.2963853503122684
2023-12-01 22:20:43.375824,10.04309368133545,0.12512449861652786,5.974254737014629,0.15640562327065985,0.5630602437743755,0.3040275067384394
2023-12-01 22:21:35.935319,52.55740571022034,0.0239098000453921,1.141608859668893,0.029887250056740127,0.10759410020426446,0.05809603215029373
2023-12-01 22:21:51.170869,15.233400106430054,0.08249222449724063,3.938713588614656,0.10311528062155079,0.37121501023758285,0.20043960708339528
2023-12-01 22:22:02.199712,11.026753664016724,0.11396255867551151,5.441311362182345,0.14245319834438938,0.5128315140398018,0.27690622506975787
2023-12-01 22:22:13.867993,11.66618824005127,0.10771616534711381,5.143068049769126,0.13464520668389227,0.48472274406201216,0.2617287385604171
2023-12-01 22:22:38.572803,24.702669382095337,0.05087049670618741,2.4288873024989117,0.06358812088273427,0.22891723517784338,0.12360513289669418
2023-12-01 22:22:46.678755,8.103955030441284,0.15506466370007604,7.4037923180248475,0.1938308296250951,0.6977909866503423,0.37677611985844484
2023-12-01 22:23:04.021478,17.341071605682373,0.0724659403992161,3.459993786101375,0.09058242549902012,0.32609673179647247,0.17607774198201528
2023-12-01 22:23:28.191776,24.168044328689575,0.051995810846150244,2.482617094870799,0.06499476355768781,0.23398114880767612,0.12633942119397587
2023-12-01 22:23:47.666960,19.47329545021057,0.06453129952497737,3.0811425910631476,0.08066412440622171,0.29039084786239816,0.15679815158579002
2023-12-01 22:24:19.629728,31.96122670173645,0.03931754788897525,1.8772746290348175,0.049146934861219065,0.17692896550038864,0.09553377786063207
2023-12-01 22:24:30.075948,10.443974018096924,0.12032173378241501,5.744939607857533,0.1504021672280188,0.5414478020208677,0.2923577487445121
2023-12-01 22:24:41.240254,11.162227153778076,0.11257942022892659,5.3752713659560145,0.14072427528615825,0.5066073910301697,0.2735454752722458
2023-12-01 22:25:12.629813,31.387463092803955,0.040036273645958353,1.911591256120215,0.05004534205744794,0.1801632314068126,0.0972801377049496
2023-12-01 22:25:59.786421,47.15431070327759,0.026649463064859758,1.2724181332551965,0.033311828831074704,0.11992258379186893,0.06475286535499625
2023-12-01 22:26:08.665497,8.87693476676941,0.1415620475369615,6.759089885915187,0.1769525594212019,0.6370292139163268,0.34396746310530907
2023-12-01 22:26:28.148885,19.481164932250977,0.06450523188967824,3.079897953159376,0.08063153986209783,0.29027354350355217,0.15673481244554024
2023-12-01 22:27:19.830704,51.67950201034546,0.02431596692213399,1.1610018995149933,0.030394958652667486,0.10942185114960296,0.059082936427401166
2023-12-01 22:27:30.314363,10.481463193893433,0.11989137758629367,5.724391613086652,0.14986422198286714,0.5395111991383217,0.29131206925917646
2023-12-01 22:27:53.544447,23.227992296218872,0.054100115300988655,2.5830902315981477,0.06762514412623583,0.243450518854449,0.13145246015834225
2023-12-01 22:28:03.836800,10.290237665176392,0.12211934284944198,5.830769118486779,0.15264917856180252,0.549537042822489,0.2967255792555742
2023-12-01 22:28:11.396430,7.557376146316528,0.16627954426330935,7.939263421371987,0.2078494303291367,0.7482579491848921,0.4040260366509891
2023-12-01 22:28:21.704190,10.305683374404907,0.12193631569905287,5.8220302157754436,0.15242039462381612,0.548713420645738,0.29628085988555874
2023-12-01 22:28:27.246596,5.540148019790649,0.22682373412171086,10.830035548809628,0.28352966765213866,1.0207068035476992,0.5511363091689332
2023-12-01 22:28:38.919830,11.67112135887146,0.1076706361621989,5.14089419131888,0.13458829520274865,0.48451786272989517,0.2616181117469109
2023-12-01 22:28:58.777125,19.85520315170288,0.06329006315546773,3.0218779199372787,0.07911257894433468,0.2848052841996049,0.15378219545515553
2023-12-01 22:29:15.668390,16.889010906219482,0.07440560423660766,3.552605912398614,0.09300700529575959,0.3348252190647345,0.18079073717410932
2023-12-01 22:29:28.039249,12.368680715560913,0.10159831030765915,4.850961988574465,0.12699788788457397,0.4571923963844663,0.24686357438555026
2023-12-01 22:29:39.551568,11.51020860671997,0.10917587199090889,5.212763908116346,0.13646983998863613,0.4912914239590901,0.26527553376351043
2023-12-01 22:30:08.995576,29.441890478134155,0.042681941989057864,2.037912614496025,0.053352427486322344,0.19206873895076043,0.10370858264501283
2023-12-01 22:30:19.377274,10.379569292068481,0.12106832432788642,5.780586680590767,0.15133540540985804,0.5448074594754889,0.29417181445189844
2023-12-01 22:31:07.162466,47.78288531303406,0.026298894535218366,1.2556797189397308,0.03287361816902296,0.11834502540848267,0.0639010539416736
2023-12-01 22:31:21.860704,14.695987701416016,0.08550885363865916,4.082747020414202,0.10688606704832397,0.3847898413739663,0.20776941257121406
2023-12-01 22:31:31.197595,9.33457350730896,0.13462179717712566,6.427717340596233,0.1682772464714071,0.6057980872970655,0.32710404278098
2023-12-01 22:31:45.290693,14.090863704681396,0.08918098193075459,4.258078231220578,0.11147622741344325,0.4013144186883957,0.2166919498953475
2023-12-01 22:31:52.979369,7.686535358428955,0.16348549806095736,7.805857542072551,0.20435687257619672,0.7356847412743083,0.39723706318851426
2023-12-01 22:32:02.708222,9.726824283599854,0.12919294363677367,6.168508677715547,0.1614911795459671,0.5813682463654816,0.3139130144486327
2023-12-01 22:32:08.578410,5.868062973022461,0.21414853030942535,10.224839146382886,0.26768566288678175,0.9636683863924144,0.5203380989458418
2023-12-01 22:32:19.112834,10.532458782196045,0.1193108928714844,5.696675509561296,0.14913861608935552,0.5368990179216799,0.28990160749913285
2023-12-01 22:32:25.556879,6.441803216934204,0.1950753568709568,9.31416219642849,0.24384419608869604,0.8778391059193057,0.4739941021250509
2023-12-01 22:32:30.649283,5.090194940567017,0.24687405415870683,11.787367812148343,0.30859256769838356,1.1109332437141808,0.5998545767948259
2023-12-01 22:32:36.438422,5.7811994552612305,0.21736614886938452,10.378469116023403,0.2717076860867307,0.9781476699122305,0.5281562685228306
2023-12-01 22:32:40.042247,3.6016554832458496,0.34890540399589326,16.65900591522634,0.4361317549948666,1.5700743179815198,0.8477703506292216
2023-12-01 22:32:43.228320,3.183979034423828,0.3946750427216044,18.844345189244496,0.4933438034020057,1.7760376922472205,0.9589814188049547
2023-12-01 22:32:46.720574,3.4903266429901123,0.3600342288764625,17.190368162390346,0.45004278609557824,1.6201540299440818,0.8748111693240288
2023-12-01 22:32:51.047250,4.325164794921875,0.29054085127838825,13.872303795324815,0.3631760640979854,1.3074338307527476,0.705956160436228
2023-12-01 22:32:57.179617,6.130253553390503,0.20498941038758506,9.787523383403183,0.25623676298448134,0.9224523467441328,0.4980832693597542
2023-12-01 22:33:02.921315,5.739567279815674,0.21894282272029994,10.45374974712848,0.273678528400375,0.98524270224135,0.5319872706457849
2023-12-01 22:33:12.040672,9.117088317871094,0.13783315655423542,6.581048456269691,0.17229144569279428,0.6202492044940594,0.3349070037954812
2023-12-01 22:33:20.994169,8.951168775558472,0.14038804238248925,6.703035268850301,0.1754850529781116,0.6317461907212018,0.34111486538097247
2023-12-01 22:33:28.313706,7.31738018989563,0.17173319259414357,8.199655948293127,0.2146664907426795,0.7727993666736461,0.4172773113652501
2023-12-01 22:33:36.701466,8.385478019714355,0.14985872701371933,7.155227150907713,0.18732340876714917,0.6743642715617371,0.36412673489793523
2023-12-01 22:33:59.908204,23.204390048980713,0.05415514300455042,2.5857176109068027,0.06769392875568803,0.2436981435204769,0.1315861664724566
2023-12-01 22:34:05.501109,5.590700149536133,0.22477275257557533,10.73210839343231,0.2809659407194692,1.011477386590089,0.546152834208133
2023-12-01 22:34:09.499194,3.995795249938965,0.3144898531663033,15.015784405098458,0.3931123164578792,1.415204339248365,0.7641474452234839
2023-12-01 22:34:14.086523,4.5851781368255615,0.27406504697021866,13.085642086206834,0.3425813087127734,1.2332927113659844,0.6659232511282375
2023-12-01 22:34:20.172677,6.083921670913696,0.20655049972844125,9.862059908964783,0.2581881246605516,0.9294772487779857,0.5018764042401666
2023-12-01 22:34:28.296187,8.116891860961914,0.1548175191885575,7.391992036824985,0.1935218989856969,0.6966788363485089,0.3761756081243571
2023-12-01 22:34:37.446253,9.147877216339111,0.13736925318492751,6.55889870196699,0.1717115664811594,0.6181616393321738,0.3337798113887369
2023-12-01 22:34:44.032114,6.583756923675537,0.1908692978802094,9.113337672634424,0.2385866223502618,0.8589118404609425,0.4637742199893329
2023-12-01 22:35:07.308716,23.274532079696655,0.053991936642719195,2.5779250811379577,0.06748992080339901,0.24296371489223645,0.13118960765447912
2023-12-01 22:35:10.820444,3.5094549655914307,0.3580718583816169,17.096671873060636,0.44758982297702127,1.6113233627172765,0.8700430014956531
2023-12-01 22:35:13.303408,2.48088002204895,0.5065287520023097,24.18496640980091,0.6331609400028873,2.279379384010394,1.2307635616152124
2023-12-01 22:35:15.676639,2.3711366653442383,0.5299724304391711,25.30431960204592,0.6624655380489639,2.38487593697627,1.287727011481098
2023-12-01 22:35:18.412082,2.7332675457000732,0.45975633209154215,21.95174786105038,0.5746954151144278,2.06890349441194,1.1171159357160294
2023-12-01 22:35:21.472862,3.0586695671081543,0.4108443340690821,19.61637198251772,0.5135554175863527,1.8487995033108697,0.9982695629210558
2023-12-01 22:35:24.482034,3.0068652629852295,0.41792263754057346,19.954336078375434,0.522403296925717,1.880651868932581,1.0154684246960857
2023-12-01 22:35:27.687034,3.20292329788208,0.3923406664989022,18.732886934780723,0.49042583312362786,1.7655329992450604,0.9533093514590328
2023-12-01 22:35:31.566066,3.876924514770508,0.3241324551582875,15.47618473648607,0.40516556894785943,1.458596048212294,0.7875770395436071
2023-12-01 22:35:37.720120,6.151913166046143,0.20426768511161586,9.753063539835725,0.2553346063895198,0.9192045830022714,0.4963296212842042
2023-12-01 22:35:45.361387,7.639188766479492,0.16449875763641283,7.854237123093229,0.20562344704551605,0.7402444093638578,0.3996990813049559
2023-12-01 22:36:05.341704,19.978015661239624,0.06290099491082006,3.00330127963655,0.07862624363852509,0.28305447709869036,0.15283683743431062
2023-12-01 22:36:10.980336,5.636343479156494,0.22295253404676804,10.645199360522167,0.27869066755846006,1.0032864032104563,0.541730067226837
2023-12-01 22:36:14.495662,3.5132081508636475,0.35768932766679357,17.078407376816052,0.447111659583492,1.6096019745005714,0.8691135283647752
2023-12-01 22:36:18.058581,3.560777425765991,0.35291087062696447,16.85025285934373,0.44113858828370567,1.5880989178213405,0.8575028334493985
2023-12-01 22:36:22.345567,4.284882307052612,0.29327224679370584,14.002718324665361,0.3665903084921323,1.3197251105716763,0.7125929052593465
2023-12-01 22:36:27.261028,4.913135290145874,0.25577090538424946,12.21216116729783,0.31971363173031186,1.1509690742291228,0.6214721459026494
2023-12-01 22:36:31.018989,3.755702257156372,0.3345944314519169,15.975707308978473,0.41824303931489615,1.5056749415336261,0.8129975495418678
2023-12-01 22:36:34.527361,3.506279468536377,0.3583961497400189,17.112155644868132,0.4479951871750237,1.6127826738300852,0.870830964638298
2023-12-01 22:36:37.451400,2.9219510555267334,0.430067799752856,20.53422485859673,0.5375847496910701,1.9353050988878522,1.0449787398394896
2023-12-01 22:36:39.364779,1.9113483428955078,0.6574610358738866,31.391452124894098,0.8218262948423585,2.9585746614324906,1.5974988249663702
2023-12-01 22:36:41.317906,1.950751781463623,0.6441809118805875,30.757372911372045,0.8052261398507344,2.898814103462644,1.5652307796874516
2023-12-01 22:36:43.387780,2.0676543712615967,0.6077597295282817,29.018389549985812,0.7596996619103522,2.734918782877268,1.476734590807819
2023-12-01 22:36:46.072754,2.68308687210083,0.46835496625272627,22.362302400227765,0.5854437078159079,2.1075973481372685,1.1380088970008744
2023-12-01 22:36:49.129918,3.0558364391326904,0.41122523618854967,19.634558719061953,0.5140315452356872,1.850513562848474,0.9991950788909382
2023-12-01 22:36:52.199693,3.0681803226470947,0.40957079743987945,19.555565087593862,0.5119634967998493,1.8430685884794575,0.9951751236194191
2023-12-01 22:36:55.292386,3.0906336307525635,0.4065952848412927,19.413494826104674,0.508244106051616,1.8296787817858176,0.9879452231073732
2023-12-01 22:36:58.506010,3.2114334106445312,0.39130098642889544,18.68324586806801,0.4891262330361194,1.7608544389300298,0.9507831368249303
2023-12-01 22:37:02.208026,3.6999690532684326,0.3396344789224237,16.21635184948316,0.42454309865302964,1.5283551551509067,0.8252438568857051
2023-12-01 22:37:18.915856,16.705732583999634,0.07522190691831708,3.5915814944545814,0.09402738364789637,0.3384985811324269,0.18277418943012688
2023-12-01 22:37:32.531952,13.613935470581055,0.09230520183905963,4.407248743734434,0.11538150229882453,0.4153734082757683,0.22428317942854709
2023-12-01 22:37:35.505283,2.971195697784424,0.4229398495605566,20.19389030643155,0.5286748119506958,1.9032293230225048,1.0276592464622405
2023-12-01 22:37:38.764599,3.257082462310791,0.38581677804508985,18.421394206099407,0.4822709725563623,1.7361755012029043,0.9374576072939593
2023-12-01 22:37:42.464437,3.697580575942993,0.33985386812441193,16.226826912270386,0.42481733515551495,1.5293424065598538,0.8257769287686962
2023-12-01 22:37:46.417860,3.9516139030456543,0.31800603304573377,15.183669627681944,0.39750754130716726,1.4310271487058022,0.772691059094524
2023-12-01 22:37:51.113744,4.694272518157959,0.26769580517004665,12.781533191333363,0.3346197564625583,1.20463112326521,0.6504472674021794
2023-12-01 22:37:58.226959,7.105644464492798,0.1768505401185473,8.443991294501506,0.22106317514818422,0.7958274305334632,0.4297114423800464
2023-12-01 22:38:08.502152,10.272951126098633,0.12232483597078607,5.840580692296767,0.15290604496348262,0.5504617618685375,0.29722488644181605
2023-12-01 22:38:12.732796,4.228506565093994,0.2971822420259111,14.189406845266724,0.3714778025323889,1.3373200891166,0.7220934116745588
2023-12-01 22:38:19.837281,7.102292776107788,0.17693399878744254,8.44797615241107,0.22116749848430323,0.7962029945434916,0.429914230253728
2023-12-01 22:38:49.156710,29.317409992218018,0.042863167713978745,2.046565505476996,0.053578959642473445,0.1928842547129044,0.10414892491142558
2023-12-01 22:39:01.623228,12.464988946914673,0.10081333138662424,4.81348200592277,0.12601666423328034,0.4536599912398092,0.24495623260321966
2023-12-01 22:39:04.992341,3.366971731185913,0.3732247140053371,17.820167435402503,0.46653089250667146,1.6795112130240173,0.9068614100901683
2023-12-01 22:39:09.327791,4.333416938781738,0.28998757312957707,13.845886709638402,0.36248446641197135,1.3049440790830968,0.7046118051902464
2023-12-01 22:39:15.354625,6.024614095687866,0.20858382652846738,9.9591441123084,0.26072978316058426,0.9386272193781033,0.5068169816988701
2023-12-01 22:39:18.791082,3.4342329502105713,0.36591491598112647,17.471150288835553,0.45739364497640805,1.646617121915069,0.889100062850941
2023-12-01 22:39:21.595676,2.802554130554199,0.448389933930525,21.409042325307425,0.5604874174131562,2.0177547026873626,1.0894978614643895
2023-12-01 22:39:24.953400,3.3556532859802246,0.374483581687683,17.8802739397057,0.4681044771096038,1.6851761175945736,0.9099202067847323
2023-12-01 22:39:28.889346,3.933715581893921,0.31945295364513837,15.252754997378963,0.399316192056423,1.4375382914031227,0.7762067867669573
2023-12-01 22:39:33.697736,4.806191444396973,0.2614621319133878,12.483897217608261,0.3268276648917348,1.1765795936102454,0.6353006881231498
2023-12-01 22:39:40.387339,6.687385320663452,0.18791156800147518,8.972116473475081,0.23488946000184402,0.8456020560066385,0.45658752792998447
2023-12-01 22:39:45.306666,4.911104202270508,0.25587668468833286,12.21721175703434,0.31984585586041614,1.151445081097498,0.6217291684557114
2023-12-01 22:39:50.525214,5.21670126914978,0.24088729574517584,11.501521153765207,0.30110911968146986,1.0839928308532916,0.5853079512016284
2023-12-01 22:39:57.301475,6.774616479873657,0.18549198543846618,8.856589915938528,0.2318649817980827,0.8347139344730977,0.4507084262183851
2023-12-01 22:40:03.066384,5.762577056884766,0.21806859136652515,10.412008274720728,0.2725857392081565,0.9813086611493633,0.5298630633023829
2023-12-01 22:40:08.110318,5.041685342788696,0.24924940292700543,11.900782361560932,0.3115617536587568,1.1216223131715246,0.6056261992320379
2023-12-01 22:40:12.859766,4.743012189865112,0.26494493607271435,12.650188866941612,0.33118117009089304,1.192252212327215,0.6437632056694815
2023-12-01 22:40:18.330389,5.46845817565918,0.2297973251453897,10.972014061855281,0.2872466564317372,1.0340879631542539,0.558361540638268
2023-12-01 22:40:24.074270,5.741687536239624,0.21886197280929023,10.44988944823276,0.2735774660116128,0.9848788776418061,0.5317908215320134
2023-12-01 22:40:28.832679,4.756270170211792,0.2642064089012758,12.614926791958974,0.3302580111265948,1.1889288400557414,0.6419687323483201
2023-12-01 22:40:33.899247,5.059318780899048,0.2483806844075975,11.859304107605158,0.31047585550949686,1.1177130798341888,0.6035153869735804
2023-12-01 22:40:38.953442,5.047195196151733,0.24897730573092322,11.887790677433555,0.3112216321636541,1.1203978757891548,0.6049650574649974
2023-12-01 22:40:43.767824,4.807714223861694,0.26137931726452535,12.479943109390199,0.3267241465806568,1.1762069276903644,0.6350994650893439
2023-12-01 22:40:48.423088,4.653388977050781,0.2700477152529697,12.893828625954825,0.33755964406621214,1.2152147186383637,0.6561619385216658
2023-12-01 22:40:53.228616,4.803985357284546,0.26158220060567206,12.489630075374546,0.32697775075709007,1.1771199027255244,0.635592431031662
2023-12-01 22:41:03.364387,10.13356900215149,0.12400735231280477,5.920914930096318,0.15500919039100597,0.5580330854076215,0.301313064649653
2023-12-01 22:41:07.706658,4.340094566345215,0.28954140105157405,13.824583562133274,0.3619267513144676,1.3029363047320834,0.7035276962751147
2023-12-01 22:41:12.750578,5.0418267250061035,0.24924241350924173,11.900448641445005,0.31155301688655224,1.121590860791588,0.6056092163447557
2023-12-01 22:41:15.662345,2.909611225128174,0.4318917422998875,20.62131170027944,0.5398646778748595,1.9435128403494941,1.0494105554402668
2023-12-01 22:41:17.854727,2.190166473388672,0.5737632626124634,27.395177822792043,0.7172040782655793,2.5819346817560858,1.3941299754957637
2023-12-01 22:41:19.943898,2.0871152877807617,0.6020927874914398,28.74781299877222,0.7526159843642998,2.709417543711479,1.4629650550467004
2023-12-01 22:41:22.175771,2.229774236679077,0.5635714328224971,26.908553795724732,0.7044642910281215,2.536071447701237,1.3693658674721036
2023-12-01 22:41:24.330932,2.153090715408325,0.5836433423092445,27.86691687935742,0.7295541778865556,2.6263950403916003,1.4181365931430023
2023-12-01 22:41:27.381185,3.048153877258301,0.41226168757799553,19.684045627633385,0.5153271094724945,1.8551775941009803,1.0017134484770136
2023-12-01 22:41:32.155807,4.767549991607666,0.2635813077257668,12.585080409354532,0.3294766346572086,1.186115884765951,0.6404498615120684
2023-12-01 22:41:37.026352,4.86838698387146,0.2581218513645373,12.324410569409283,0.3226523142056717,1.1615483311404182,0.6271844744455529
2023-12-01 22:41:41.380540,4.352077484130859,0.28874418390252454,13.786519247136617,0.36093022987815576,1.2993488275613607,0.7015906180463543
2023-12-01 22:41:45.895933,4.5133116245269775,0.278429048552042,13.294007813229241,0.3480363106900525,1.252930718484189,0.6765269021717516
2023-12-01 22:41:52.669187,6.771507501602173,0.1855771497171923,8.860656210718766,0.23197143714649043,0.8350971737273656,0.450915358382834
2023-12-01 22:41:58.322404,5.650618314743042,0.22238930174370872,10.618306998979891,0.27798662717963596,1.0007518578466894,0.5403615253768635
2023-12-01 22:42:09.613516,11.288992643356323,0.11131525204558086,5.314911781372323,0.1391440650569761,0.500918634205114,0.27047379942035243
2023-12-01 22:42:17.668998,8.05324101448059,0.15604115897889423,7.450416533183791,0.1950514487236178,0.7021852154050241,0.3791488080869172
2023-12-01 22:42:25.099370,7.428079605102539,0.16917388184325605,8.077457861219534,0.2114673523040701,0.7612824682946524,0.41105869810274365
2023-12-01 22:42:36.529808,11.428329229354858,0.10995807315457046,5.2501112626230375,0.13744759144321309,0.49481132919556714,0.2671761261509753
2023-12-01 22:42:44.396675,7.86458945274353,0.15978419076885753,7.629133136640622,0.19973023846107196,0.7190288584598591,0.3882436267301701
2023-12-01 22:43:17.161892,32.76295208930969,0.03835542835121834,1.8313368049510275,0.04794428543902294,0.17259942758048258,0.09319601980779035
2023-12-01 22:43:26.194179,9.029999732971191,0.13916246939051002,6.644518468912276,0.17395308673813756,0.6262311122572952,0.33813696812506133
2023-12-01 22:44:41.688757,75.49241304397583,0.01664587222432407,0.7947818539731775,0.020807340280405085,0.07490642500945831,0.04044614033066262
2023-12-01 22:45:14.895928,33.204878091812134,0.03784495332165627,1.806963417667092,0.04730619165207035,0.17030228994745325,0.09195566758096042
2023-12-01 22:45:27.602026,12.703867197036743,0.09891767931335395,4.72297128656976,0.12364709914169245,0.4451295569100928,0.24035017719558743
2023-12-01 22:45:41.089895,13.485687494277954,0.09318301806779335,4.449161381313211,0.1164787725847417,0.4193235813050701,0.2264160973011243
2023-12-01 22:45:46.077823,4.985922574996948,0.25203701873302486,12.033881212051659,0.3150462734162811,1.134166584298612,0.6123995481175039
2023-12-01 22:45:49.278541,3.1993820667266846,0.3927749281665485,18.753621402081095,0.4909686602081858,1.7674871767494689,0.9543645204590799
2023-12-01 22:45:54.324958,5.044865608215332,0.24909227698544464,11.893280150474723,0.31136534623180584,1.1209152464345011,0.6052444146192335
2023-12-01 22:46:05.882137,11.55478048324585,0.1087547325765306,5.192655982257607,0.13594341572066326,0.48939629659438777,0.26425224921445406
2023-12-01 22:46:11.144631,5.26035737991333,0.2388881535377016,11.406069144486256,0.298610191922127,1.0749966909196573,0.5804504354659074
2023-12-01 22:46:16.135002,4.9880876541137695,0.25192762208169,12.028657906706366,0.31490952760211255,1.1336742993676052,0.6121337361340905
2023-12-01 22:46:21.803194,5.666107892990112,0.22178135064999022,10.589279472462863,0.2772266883124878,0.9980160779249562,0.5388843258093463
2023-12-01 22:46:28.454568,6.649192810058594,0.188990919248865,9.023651699381428,0.23623864906108127,0.8504591366198926,0.45921013559089224
2023-12-01 22:46:34.571517,6.1148598194122314,0.20550545696020664,9.81216279227269,0.2568818212002583,0.92477455632093,0.49933715932191014
2023-12-01 22:46:41.228313,6.654709815979004,0.1888342386347988,9.016170751116837,0.23604279829349856,0.8497540738565948,0.45882943303483426
2023-12-01 22:46:45.235372,4.004936695098877,0.3137720161653872,14.98151021298944,0.39221502020673404,1.4119740727442427,0.762403244878658
2023-12-01 22:46:49.708999,4.47156548500061,0.28102843750162493,13.418119493332615,0.3512855468770312,1.2646279687573123,0.6828428974414483
2023-12-01 22:46:56.092002,6.3807690143585205,0.19694131829692177,9.40325529179683,0.2461766478711523,0.8862359323361483,0.47852801519786065
2023-12-01 22:47:02.865393,6.771263360977173,0.1855838407759951,8.86097568524366,0.23197980096999393,0.8351272834919782,0.450931616317513
2023-12-01 22:47:06.073138,3.2055392265319824,0.39202049097850256,18.717599679762134,0.4900256137231283,1.7640922094032618,0.9525313889795657
2023-12-01 22:47:08.779858,2.704455852508545,0.46465430754593795,22.185608962463338,0.5808178844324225,2.0909443839567214,1.1290170364751202
2023-12-01 22:47:11.561696,2.779772996902466,0.4520646336359849,21.58449631205811,0.5650807920449812,2.0342908513619324,1.0984266468087163
2023-12-01 22:47:14.805392,3.241564989089966,0.3876636950563513,18.50957799764624,0.48457961882043926,1.7444866277535813,0.9419452462479226
2023-12-01 22:47:18.675993,3.86826491355896,0.3248580667345661,15.510830137224902,0.4060725834182077,1.4618613003055476,0.7893401305516489
2023-12-01 22:47:23.057003,4.378931283950806,0.286973459949374,13.701973406138077,0.3587168249367175,1.2913805697721832,0.697288112984989
2023-12-01 22:47:28.243727,5.1843016147613525,0.24239273769447994,11.5734007120961,0.30299092211809997,1.09076731962516,0.5889658740500474
2023-12-01 22:47:34.768908,6.4926183223724365,0.19354858071754563,9.241264004885426,0.24193572589693207,0.8709686132289555,0.4702843414274924
2023-12-01 22:47:42.452738,7.681567668914795,0.16359122455188205,7.810905610166477,0.20448903068985258,0.7361605104834693,0.39749395741616306
2023-12-01 22:47:49.996784,7.541994571685791,0.1666186642660276,7.95545520879217,0.20827333033253448,0.7497839891971242,0.4048500304335938
2023-12-01 22:48:21.748536,31.75020122528076,0.0395788692021055,1.8897518026508013,0.04947358650263189,0.1781049114094748,0.09616873638727597
2023-12-01 22:48:34.596207,12.845443725585938,0.09782745448745457,4.670916885532744,0.12228431810931822,0.4402235451935456,0.23770114891361713
2023-12-01 22:48:44.263575,9.665252208709717,0.13001596174629723,6.207804897830993,0.16251995218287155,0.5850718278583376,0.315912783851153
2023-12-01 22:49:52.486770,68.2209300994873,0.018420110362074367,0.8794954849267134,0.023025137952592964,0.08289049662933468,0.044757184157768304
2023-12-01 22:50:06.939885,14.450992345809937,0.08695853069220391,4.1519640011017644,0.10869816336525491,0.39131338811491767,0.2112918378759171
2023-12-01 22:50:13.024059,6.082046985626221,0.20661416533047897,9.86509971754555,0.25826770666309873,0.9297637439871554,0.5020310989199979
2023-12-01 22:50:19.516116,6.489935636520386,0.19362858613951833,9.245083982399759,0.24203573267439796,0.8713286376278326,0.4704787386018017
2023-12-01 22:50:29.011996,9.493803262710571,0.1323639248320736,6.3199118772205765,0.16545490604009203,0.5956376617443313,0.3216178645569725
2023-12-01 22:50:43.232435,14.218331575393677,0.08838147111512439,4.219904401711684,0.1104768388939055,0.3977166200180598,0.21474929851552926
2023-12-01 22:50:51.723347,8.488784551620483,0.1480349811912742,7.0681497021321125,0.18504372648909276,0.6661574153607339,0.3596953972985581
2023-12-01 22:51:04.882834,13.157356023788452,0.09550832698939835,4.560186704039947,0.11938540873674792,0.4297874714522925,0.2320661329188401
2023-12-01 22:51:12.385513,7.500562429428101,0.1675390443396033,7.999400120262028,0.20942380542450414,0.753925699528215,0.40708636993636815
2023-12-01 22:51:23.912188,11.524402618408203,0.1090414057062412,5.206343615951127,0.13630175713280152,0.49068632567808546,0.2649488075850249
2023-12-01 22:51:38.994571,15.08021330833435,0.08333019140660393,3.9787235613464382,0.10416273925825492,0.37498586132971773,0.20247569907976626
2023-12-01 22:51:52.554590,13.557823181152344,0.09268722896333789,4.425489195301655,0.11585903620417239,0.4170925303350206,0.22521142893511845
2023-12-01 22:51:58.903030,6.346296310424805,0.19801109181928528,9.454333215018723,0.24751386477410664,0.891049913186784,0.4811273509024995
2023-12-01 22:52:26.614330,27.70913815498352,0.04535099772527243,2.1653506386379227,0.05668874715659055,0.20407948976372597,0.11019385427286697
2023-12-01 22:52:43.585652,16.9691641330719,0.07405415208323701,3.535825308157845,0.09256769010404628,0.33324368437456664,0.17993677873184932
2023-12-01 22:52:50.164409,6.576556205749512,0.19107828202506813,9.123315930539054,0.23884785253133517,0.8598522691128067,0.46428200966451055
2023-12-01 22:53:07.850485,17.683886289596558,0.07106113672395631,3.392919351403998,0.08882642090494539,0.3197751152578034,0.17266435001186903
2023-12-01 22:54:06.025715,58.17309260368347,0.021601689117630787,1.0314046806616028,0.027002111397038484,0.09720760102933855,0.052487784218019286
2023-12-01 22:54:19.324585,13.296639442443848,0.09450786921578394,4.512418364032314,0.11813483651972995,0.42528541147102783,0.22963522062051187
2023-12-01 22:54:25.659371,6.332437753677368,0.19844443961666483,9.475024048228006,0.24805554952083106,0.8929999782749918,0.4821802993805723
2023-12-01 22:54:31.235943,5.5744788646698,0.22542682319602864,10.763337965145206,0.28178352899503584,1.014420704382129,0.5477420950017104
2023-12-01 22:54:41.630828,10.392775774002075,0.12091447836096328,5.773241076757596,0.15114309795120412,0.5441151526243349,0.2937979995214686
2023-12-01 22:54:54.535535,12.902558326721191,0.09739441044288269,4.650240555451707,0.12174301305360336,0.4382748469929721,0.23664893849411633
2023-12-01 22:56:09.316392,74.77873277664185,0.01680473865730505,0.8023671674032676,0.021005923321631315,0.07562132395787273,0.040832153989519816
2023-12-01 22:56:20.256312,10.937795400619507,0.11488942839109446,5.485566131233507,0.1436117854888681,0.5170024277599252,0.27915833310468136
2023-12-01 22:56:27.358811,7.1003007888793945,0.1769836375670285,8.450346229553116,0.22122954695878563,0.7964263690516283,0.4300348425603659
2023-12-01 22:56:34.400671,7.039734840393066,0.17850630597980768,8.523048290928225,0.22313288247475963,0.8032783769091346,0.43373462226973675
2023-12-01 22:57:01.923051,27.52019691467285,0.045662357189236544,2.180216957968422,0.05707794648654569,0.20548060735156448,0.11095039549840698
2023-12-01 22:57:07.668718,5.743537902832031,0.2187914631531017,10.446522860137325,0.2734893289413772,0.9845615841889579,0.5316194971694066
2023-12-01 22:57:11.784467,4.113499402999878,0.3054910037228841,14.586120993780483,0.38186375465360517,1.3747095167529786,0.7422820408458639
2023-12-01 22:57:16.222975,4.436462640762329,0.28325203279971406,13.524288348270648,0.3540650409996426,1.2746341475987133,0.6882457892967453
2023-12-01 22:57:22.450265,6.225158214569092,0.20186427687812625,9.638309249647437,0.25233034609765786,0.9083892459515683,0.49048981995847124
2023-12-01 22:58:05.260941,42.808095932006836,0.0293551262693829,1.4016040352577113,0.036693907836728636,0.13209806821222309,0.07132708580934659
2023-12-01 22:58:12.457303,7.194005727767944,0.1746783515316729,8.340276929222847,0.21834793941459116,0.7860525818925281,0.42443345855165887
2023-12-01 22:58:31.730852,19.271321535110474,0.06520762258812644,3.113434638651316,0.08150952823515806,0.29343430164656903,0.15844148136462963
2023-12-01 22:59:08.745282,37.01236009597778,0.033951821990743,1.621080089040859,0.042439777488428754,0.15278319895834352,0.08249613707310735
2023-12-01 22:59:17.267323,8.51973009109497,0.14749728547731633,7.042476622905397,0.18437160684664544,0.6637377846479237,0.3583889042527833
2023-12-01 22:59:23.148049,5.878645658493042,0.2137630220355974,10.206432482168124,0.2672037775444968,0.9619335991601885,0.5194013909420947
2023-12-01 22:59:29.323430,6.173272609710693,0.20356092155386102,9.719318065691557,0.2544511519423263,0.9160241469923748,0.4946123271915716
2023-12-01 22:59:42.869663,13.544152975082397,0.09278077881634915,4.429955871761334,0.11597597352043645,0.41751350467357123,0.2254387363679652
2023-12-01 22:59:51.127248,8.255362749099731,0.15222069576203137,7.268002851424446,0.19027586970253926,0.6849931309291414,0.3698658465625839
2023-12-01 23:00:06.782895,15.653812646865845,0.0802767408671853,3.8329320372959113,0.10034592608398163,0.3612453339023339,0.19505642495908684
2023-12-01 23:00:22.529856,15.745413303375244,0.0798097221853516,3.8106335377768827,0.0997621527316895,0.3591437498340822,0.1939216629659673
2023-12-01 23:00:38.994516,16.462387561798096,0.07633382805007062,3.6446718177886543,0.0954172850625883,0.3435022262253179,0.18547593539606164
2023-12-01 23:01:02.713421,23.716869592666626,0.0529849462858486,2.5298448332554098,0.06623118285731076,0.23843225828631875,0.12874282248535496
2023-12-01 23:01:30.361303,27.64558243751526,0.0454552572468378,2.17032866410438,0.05681907155854725,0.2045486576107701,0.11044718405836648
2023-12-01 23:01:38.240832,7.87727165222168,0.15952694243843926,7.616850433624159,0.1994086780480491,0.7178712409729767,0.38761856473691975
2023-12-01 23:01:45.483502,7.240398168563843,0.17355910989701487,8.286837077621824,0.2169488873712686,0.781015994536567,0.4217139252277668
2023-12-01 23:01:57.257312,11.771569967269897,0.10675186614274194,5.097026154270517,0.13343983267842746,0.4803833976423389,0.25938568435363446
2023-12-01 23:02:05.547769,8.288134098052979,0.15161881390542684,7.2392651096336635,0.18952351738178355,0.6822846625744208,0.36840339402740613
2023-12-01 23:02:21.776661,16.226770639419556,0.07744221505067556,3.6975933987901763,0.09680276881334444,0.34848996772804003,0.18816909413013147
2023-12-01 23:02:50.717827,28.938915014266968,0.043423779392433734,2.0733327414113427,0.05427972424054218,0.19540700726595184,0.1055110991677355
2023-12-01 23:03:23.528525,32.80848002433777,0.038302202982391356,1.828795480787016,0.0478777537279892,0.17235991342076112,0.09306669280661453
2023-12-01 23:03:33.304353,9.773587703704834,0.1285747976620263,6.138994381485526,0.16071849707753288,0.5785865894791185,0.3124110433591915
2023-12-01 23:03:44.470237,11.163670539855957,0.11256486448158218,5.374576380213937,0.14070608060197773,0.5065418901671198,0.2735101077173484
2023-12-01 23:04:19.164733,34.69236969947815,0.03622228957899119,1.7294869309807492,0.045277861973739,0.1630003031054604,0.08801291921903283
2023-12-01 23:04:27.767069,8.600042819976807,0.1461198609984719,6.976709448542236,0.1826498262480899,0.6575393744931236,0.3550420382540871
2023-12-01 23:04:53.304076,25.534891366958618,0.04921254777930905,2.3497260723669338,0.06151568472413632,0.22145646500689076,0.11957664859416514
2023-12-01 23:04:57.520788,4.214627027511597,0.2981609174982826,14.236135156999941,0.3727011468728533,1.3417241287422719,0.7244713973373271
2023-12-01 23:05:01.710747,4.187782526016235,0.3000721870415115,14.327391555615701,0.37509023380188944,1.3503248416868021,0.7291154000734648
2023-12-01 23:05:06.532489,4.8195960521698,0.26073493459481417,12.449176103252011,0.32591866824351773,1.1733072056766638,0.6335337440784795
2023-12-01 23:05:16.436664,9.90212631225586,0.1269057798101987,6.059304649117434,0.15863222476274844,0.5710760091458944,0.3083556637828209
2023-12-01 23:05:35.752580,19.31369972229004,0.06506454379559531,3.106603129526431,0.08133067974449415,0.29279044708017893,0.15809382851453752
2023-12-01 23:05:41.218032,5.46318244934082,0.2300192375210792,10.982609597312555,0.28752404690134903,1.0350865688448565,0.5589007433287183
2023-12-01 23:05:49.922405,8.702194213867188,0.14440462147275812,6.894812793811052,0.18050577684094768,0.6498207966274117,0.3508743492545077
2023-12-01 23:06:03.600818,13.676335573196411,0.09188404706146136,4.387140084335975,0.11485505882682673,0.41347821177657623,0.22325985754993888
2023-12-01 23:06:16.019792,12.416704893112183,0.10120535780253594,4.832199888497255,0.12650669725316996,0.4554241101114119,0.2459087783886019
2023-12-01 23:06:42.600665,26.578754901885986,0.04727975656025739,2.2574420894239293,0.05909969570032175,0.2127589045211583,0.11488035249011344
2023-12-01 23:08:26.605400,104.002521276474,0.012082755744885737,0.5769090908911683,0.015103444681107171,0.054372400851985817,0.029358679908923362
2023-12-01 23:08:34.097184,7.489522695541382,0.16778600086010967,8.011191425552237,0.2097325010751371,0.7550370038704936,0.40768642488989454
2023-12-01 23:09:27.723931,53.624541997909546,0.023433991501221683,1.1188906751378687,0.029292489376527103,0.10545296175549757,0.056939912549668445
2023-12-01 23:10:20.481459,52.75540781021118,0.023820061555711952,1.1373241624034338,0.02977507694463994,0.10719027700070378,0.057877985568068904
2023-12-01 23:10:20.530692,0.03105473518371582,40.46523192040808,1932.0725050478684,50.5815399005101,182.09354364183636,98.32242052020756
2023-12-01 23:20:11.044357,590.5048460960388,0.002128072393891141,0.10160797222355342,0.002660090492363927,0.009576325772510138,0.005170790302676696
2023-12-01 23:20:19.798951,8.752472877502441,0.14357508775217187,6.855205476183238,0.17946885969021487,0.6460878948847736,0.3488587482202273
2023-12-01 23:20:26.185189,6.384148597717285,0.19683706326717396,9.398277480798862,0.24604632908396748,0.885766784702283,0.4782746963265794
2023-12-01 23:20:31.682346,5.494892358779907,0.22869184314921548,10.919231184598214,0.28586480393651936,1.0291132941714698,0.5556754404839638
2023-12-01 23:20:37.712209,6.022186040878296,0.20866792438923806,9.963159489381932,0.26083490548654764,0.9390056597515716,0.5070213226809708
2023-12-01 23:20:42.900075,5.185800075531006,0.2423226971987042,11.570056524760306,0.30290337149838026,1.090452137394169,0.5887956896534114
2023-12-01 23:20:50.890999,7.98339319229126,0.1574063848752085,7.515601268134434,0.19675798109401063,0.7083287319384383,0.3824660339697816
2023-12-01 23:21:05.270107,14.37751293182373,0.08740295121936072,4.1731835182143175,0.1092536890242009,0.3933132804871233,0.2123716908728027
2023-12-01 23:21:15.435627,10.163429737091064,0.12364301165480254,5.903518945089195,0.1545537645685032,0.5563935524466115,0.30042778971883927
2023-12-01 23:26:45.243658,329.80594277381897,0.003810231710402257,0.18192516331080189,0.004762789638002822,0.017146042696810162,0.009258101009935406
2023-12-01 23:27:01.705290,16.459517002105713,0.07634714076209843,3.6453074529662097,0.09543392595262305,0.343562133429443,0.1855082826237468
2023-12-01 23:27:11.351211,9.643686771392822,0.13030670647284234,6.221686935953261,0.16288338309105296,0.5863801791277907,0.3166192353877124
2023-12-01 23:27:19.503805,8.150521516799927,0.1541787306303929,7.361492129838253,0.19272341328799114,0.6938042878367682,0.3746234796857287
2023-12-01 23:27:26.662106,7.156109094619751,0.1756033963177989,8.384444564310849,0.2195042453972487,0.7902152834300953,0.4266811323729879
2023-12-01 23:29:39.203411,132.53899836540222,0.009481262699537253,0.45269694761524853,0.01185157837442157,0.042665682147917654,0.023037572107335626
2023-12-01 23:29:58.002439,18.796820402145386,0.0668537036876987,3.1920292217694364,0.08356712960962338,0.3008416665946442,0.16244112922037032
2023-12-01 23:30:07.162097,9.157505512237549,0.1372248217330169,6.552002608114137,0.17153102716627117,0.6175116977985762,0.3334288718468845
2023-12-01 23:30:36.659980,29.495765686035156,0.04260398169730767,2.0341902847569457,0.053254977121634586,0.1917179176378845,0.10351915472811818
2023-12-01 23:30:56.172747,19.51063585281372,0.06440779638940838,3.0752457507092017,0.08050974548676049,0.28983508375233774,0.15649806366698452
2023-12-01 23:31:04.468490,8.293531656265259,0.1515201380447622,7.234553684337076,0.18940017255595276,0.68184062120143,0.3681636314211632
2023-12-01 23:31:12.039198,7.568627595901489,0.16603235467899127,7.927460988104473,0.20754044334873914,0.7471455960554609,0.4034254153990131
2023-12-01 23:31:20.629911,8.588578462600708,0.14631490728157065,6.986022222568296,0.18289363410196335,0.6584170827670681,0.35551596171276045
2023-12-01 23:31:28.077843,7.4456398487091064,0.1687748920133154,8.058407500115997,0.21096861501664427,0.7594870140599194,0.4100892326139538
2023-12-01 23:31:35.100033,7.0199830532073975,0.17900856054941125,8.547029180161095,0.2237607006867641,0.8055385224723508,0.43495500042295954
2023-12-01 23:31:45.431979,10.329869270324707,0.12165081943930703,5.808398773483604,0.1520635242991338,0.5474286874768817,0.29558716107362826
2023-12-01 23:32:19.342473,33.908286333084106,0.037059881147984294,1.7694789825299537,0.04632485143498038,0.16676946516592936,0.09004809921337226
2023-12-01 23:32:31.018974,11.674343347549438,0.10764092026638038,5.139475361806504,0.1345511503329755,0.48438414119871176,0.26154590806325106
2023-12-01 23:33:33.457317,62.436267614364624,0.02012671656155828,0.9609799286944546,0.02515839570194785,0.09057022452701226,0.04890389590127431
2023-12-01 23:33:39.171148,5.711568117141724,0.2200161209081026,10.50499596072859,0.27502015113512823,0.9900725440864616,0.5345951705825077
2023-12-01 23:33:45.450702,6.273779392242432,0.20029984844378768,9.563613294115886,0.2503748105547346,0.9013493179970445,0.48668857174871527
2023-12-01 23:33:54.024455,8.571658372879028,0.14660372669680266,6.999812333846822,0.18325465837100335,0.6597167701356121,0.3562177351278912
2023-12-01 23:38:25.713622,271.6870844364166,0.004625310268401846,0.2208422977649565,0.005781637835502309,0.020813896207808314,0.011238578890162809
2023-12-01 23:42:49.692890,263.97727036476135,0.0047603987256156855,0.22729229648102867,0.0059504984070196075,0.021421794265270588,0.011566816823500994
2023-12-01 23:43:01.219652,11.525214672088623,0.10903372277127285,5.205976782827827,0.13629215346409107,0.49065175247072784,0.2649301395896388
2023-12-01 23:43:28.545860,27.324142694473267,0.04598999044497347,2.195860293619969,0.05748748805621685,0.20695495700238065,0.11174647878319656
2023-12-01 23:43:55.404973,26.85689878463745,0.046790103038804036,2.2340628559214326,0.058487628798505054,0.2105554636746182,0.11369059236368606
2023-12-01 23:44:06.181870,10.774643898010254,0.1166291037857854,5.56862951276563,0.14578637973223177,0.5248309670360344,0.2833853963787014
2023-12-01 23:47:50.689747,224.50563549995422,0.005597351971310197,0.2672538703377548,0.006996689964137747,0.025188083870895887,0.013600445819889517
2023-12-01 23:48:18.002850,27.310863733291626,0.04601235148429565,2.196927954602208,0.057515439355369576,0.20705558167933047,0.1118008116365416
2023-12-01 23:49:56.120526,98.1155846118927,0.012807721285121905,0.6115236456811299,0.01600965160640238,0.057634745783048565,0.031120201178589203
2023-12-01 23:50:06.395504,10.272695064544678,0.12232788509152694,5.840726277088165,0.1529098563644087,0.5504754829118713,0.29723229519539224
2023-12-01 23:50:28.694824,22.29721736907959,0.05635847023577678,2.6909187369363994,0.07044808779472099,0.25361311606099557,0.13693981097889044
2023-12-01 23:50:39.171518,10.474620580673218,0.1199696973993068,5.728131108701573,0.14996212174913354,0.5398636382968808,0.29150237074083574
2023-12-01 23:50:52.545277,13.371640920639038,0.09397777497123082,4.4871082282347565,0.11747221871403854,0.42289998737053874,0.22834719762509667
2023-12-01 23:51:18.745193,26.197591066360474,0.047967656959480014,2.2902869140912796,0.05995957119935002,0.21585445631766007,0.11655181288014455
2023-12-01 23:53:32.200460,133.452969789505,0.009416328939086236,0.4495965889304512,0.011770411173857798,0.04237348022588807,0.022879796056191743
2023-12-01 23:54:21.140924,48.93817067146301,0.025678055476820092,1.22603683743715,0.03209756934602512,0.11555124964569043,0.062392539197577465
2023-12-01 23:59:08.785790,287.6424791812897,0.004368746455713547,0.20859227806260275,0.005460933069641936,0.019659359050710968,0.01061518013809278
2023-12-01 23:59:16.751697,7.963687896728516,0.15779587017117333,7.5341978211687595,0.1972448377139667,0.7100814157702802,0.383412405341917
2023-12-01 23:59:24.184246,7.430422067642212,0.16912054927650533,8.074911418731686,0.21140068659563166,0.761042471744274,0.4109291106320527
2023-12-01 23:59:30.340900,6.154506206512451,0.20418162225690736,9.74895434121269,0.25522702782113427,0.9188173001560834,0.49612050575983363
2023-12-01 23:59:37.870616,7.527298212051392,0.16694397193192242,7.970987505708025,0.20867996491490304,0.751247873693651,0.40564046300018514
2023-12-01 23:59:48.362032,10.489238977432251,0.11980250084296773,5.720148061178782,0.1497531260537097,0.5391112537933549,0.291096116548243
2023-12-01 23:59:55.849681,7.4855053424835205,0.16787604896945993,8.015490906067988,0.20984506121182492,0.7554422203625697,0.40790522378599375
